design,scenario,case,net,fanout,tier0_connections,tier1_connections,vertical_connection_proxy,architecture_units,semantic_groups,has_control_datapath_boundary,has_clock_reset_unit,mean_timing_context_score,max_timing_context_score,timing_weighted_vertical_proxy,mean_physical_context_score,physical_weighted_vertical_proxy,max_arch_criticality,criticality_weighted_vertical_proxy,hpwl_um,cross_tier_hpwl_exposure_proxy_um
riscv32i,memory_near_logic,tritonpart,_0113_,3,2,1,1,execute_alu;generated_control,datapath;infrastructure,0,0,0.000000,0.000000,0.000000,0.126392,0.126392,2.000,2.000000,12.880,4.293
riscv32i,memory_near_logic,tritonpart,_0145_,5,4,1,1,execute_alu;generated_control;generated_datapath,datapath;infrastructure,0,0,0.000000,0.000000,0.000000,0.175344,0.175344,2.000,2.000000,117.700,23.540
riscv32i,memory_near_logic,tritonpart,_0223_,18,5,13,5,generated_control;pipeline_state,control;infrastructure,0,0,0.000178,0.003212,0.000892,0.039757,0.198786,3.000,15.000000,6.860,1.906
riscv32i,memory_near_logic,tritonpart,_0246_,31,11,20,11,generated_control;generated_datapath,infrastructure,0,0,0.000000,0.000000,0.000000,0.508737,5.596107,1.500,16.500000,339.660,120.525
riscv32i,memory_near_logic,tritonpart,_0253_,3,1,2,1,generated_control;generated_datapath,infrastructure,0,0,0.000000,0.000000,0.000000,0.537084,0.537084,1.500,1.500000,19.080,6.360
riscv32i,memory_near_logic,tritonpart,_0254_,4,1,3,1,generated_control;generated_datapath,infrastructure,0,0,0.000000,0.000000,0.000000,0.321810,0.321810,1.500,1.500000,15.060,3.765
riscv32i,memory_near_logic,tritonpart,_0256_,17,3,14,3,generated_control;generated_datapath;unclassified,infrastructure,0,0,0.000000,0.000000,0.000000,0.373774,1.121323,1.500,4.500000,232.740,41.072
riscv32i,memory_near_logic,tritonpart,_0286_,30,1,29,1,generated_control;generated_datapath,infrastructure,0,0,0.000000,0.000000,0.000000,0.476812,0.476812,1.500,1.500000,392.540,13.085
riscv32i,memory_near_logic,tritonpart,_0290_,7,3,4,3,generated_control;generated_datapath,infrastructure,0,0,0.000000,0.000000,0.000000,0.377963,1.133889,1.500,4.500000,159.320,68.280
riscv32i,memory_near_logic,tritonpart,_0292_,8,6,2,2,generated_control;generated_datapath;unclassified,infrastructure,0,0,0.000000,0.000000,0.000000,0.337204,0.674408,1.500,3.000000,158.820,39.705
riscv32i,memory_near_logic,tritonpart,_0298_,14,1,13,1,generated_control;generated_datapath;unclassified,infrastructure,0,0,0.000000,0.000000,0.000000,0.357741,0.357741,1.500,1.500000,424.780,30.341
riscv32i,memory_near_logic,tritonpart,_0301_,10,7,3,3,generated_control;unclassified,infrastructure,0,0,0.000000,0.000000,0.000000,0.371692,1.115077,1.200,3.600000,141.660,42.498
riscv32i,memory_near_logic,tritonpart,_0321_,10,5,5,5,generated_control;generated_datapath,infrastructure,0,0,0.000000,0.000000,0.000000,0.303661,1.518306,1.500,7.500000,205.540,102.770
riscv32i,memory_near_logic,tritonpart,_0333_,15,1,14,1,generated_control;generated_datapath;unclassified,infrastructure,0,0,0.068214,1.000000,0.068214,0.368380,0.368380,1.500,1.500000,448.760,29.917
riscv32i,memory_near_logic,tritonpart,_0335_,46,4,42,4,generated_control;generated_datapath,infrastructure,0,0,0.000255,0.003011,0.001022,0.660941,2.643765,1.500,6.000000,541.540,47.090
riscv32i,memory_near_logic,tritonpart,_0344_,47,4,43,4,generated_control;generated_datapath,infrastructure,0,0,0.000250,0.003011,0.001000,0.659447,2.637786,1.500,6.000000,541.540,46.089
riscv32i,memory_near_logic,tritonpart,_0506_,9,5,4,4,generated_control;generated_datapath;unclassified,infrastructure,0,0,0.000000,0.000000,0.000000,0.326499,1.305995,1.500,6.000000,246.840,109.707
riscv32i,memory_near_logic,tritonpart,_0530_,14,5,9,5,generated_control;generated_datapath,infrastructure,0,0,0.000000,0.000000,0.000000,0.470667,2.353333,1.500,7.500000,208.560,74.486
riscv32i,memory_near_logic,tritonpart,_0558_,6,1,5,1,generated_control;generated_datapath,infrastructure,0,0,0.000000,0.000000,0.000000,0.465206,0.465206,1.500,1.500000,193.900,32.317
riscv32i,memory_near_logic,tritonpart,_0618_,5,3,2,2,generated_control;generated_datapath,infrastructure,0,0,0.000000,0.000000,0.000000,0.306807,0.613615,1.500,3.000000,132.520,53.008
riscv32i,memory_near_logic,tritonpart,_0637_,19,4,15,4,generated_control;generated_datapath,infrastructure,0,0,0.053426,1.000000,0.213706,0.503637,2.014549,1.500,6.000000,523.940,110.303
riscv32i,memory_near_logic,tritonpart,_0646_,8,1,7,1,generated_control;generated_datapath;unclassified,infrastructure,0,0,0.126425,1.000000,0.126425,0.443280,0.443280,1.500,1.500000,361.060,45.133
riscv32i,memory_near_logic,tritonpart,_0720_,2,1,1,1,generated_datapath,infrastructure,0,0,0.000000,0.000000,0.000000,0.283918,0.283918,1.500,1.500000,9.580,4.790
riscv32i,memory_near_logic,tritonpart,_0735_,3,2,1,1,generated_control;generated_datapath,infrastructure,0,0,0.000000,0.000000,0.000000,0.398659,0.398659,1.500,1.500000,32.720,10.907
riscv32i,memory_near_logic,tritonpart,_0789_,4,1,3,1,generated_control;generated_datapath,infrastructure,0,0,0.000000,0.000000,0.000000,0.275718,0.275718,1.500,1.500000,124.380,31.095
riscv32i,memory_near_logic,tritonpart,_0816_,3,2,1,1,generated_control,infrastructure,0,0,0.333333,1.000000,0.333333,0.388290,0.388290,1.200,1.200000,19.160,6.387
riscv32i,memory_near_logic,tritonpart,_0823_,3,2,1,1,generated_control;generated_datapath,infrastructure,0,0,0.666667,1.000000,0.666667,0.364848,0.364848,1.500,1.500000,5.480,1.827
riscv32i,memory_near_logic,tritonpart,_0832_,5,4,1,1,generated_control;generated_datapath,infrastructure,0,0,0.000000,0.000000,0.000000,0.231162,0.231162,1.500,1.500000,27.700,5.540
riscv32i,memory_near_logic,tritonpart,_0859_,3,2,1,1,generated_control;unclassified,infrastructure,0,0,0.000000,0.000000,0.000000,0.177395,0.177395,1.200,1.200000,34.500,11.500
riscv32i,memory_near_logic,tritonpart,_1086_,3,2,1,1,execute_alu;generated_control;generated_datapath,datapath;infrastructure,0,0,0.000000,0.000000,0.000000,0.249529,0.249529,2.000,2.000000,96.480,32.160
riscv32i,memory_near_logic,tritonpart,_1167_,3,2,1,1,generated_control;generated_datapath,infrastructure,0,0,0.000000,0.000000,0.000000,0.303549,0.303549,1.500,1.500000,109.380,36.460
riscv32i,memory_near_logic,tritonpart,_1180_,3,2,1,1,generated_control;generated_datapath,infrastructure,0,0,0.000000,0.000000,0.000000,0.263042,0.263042,1.500,1.500000,43.180,14.393
riscv32i,memory_near_logic,tritonpart,_1187_,8,3,5,3,generated_control;generated_datapath;unclassified,infrastructure,0,0,0.000369,0.002951,0.001107,0.321842,0.965525,1.500,4.500000,181.920,68.220
riscv32i,memory_near_logic,tritonpart,_1194_,7,3,4,3,generated_control;generated_datapath,infrastructure,0,0,0.000000,0.000000,0.000000,0.315462,0.946387,1.500,4.500000,190.080,81.463
riscv32i,memory_near_logic,tritonpart,_1229_,3,2,1,1,generated_control;generated_datapath,infrastructure,0,0,0.000000,0.000000,0.000000,0.165938,0.165938,1.500,1.500000,71.220,23.740
riscv32i,memory_near_logic,tritonpart,_1251_,3,2,1,1,generated_control;generated_datapath,infrastructure,0,0,0.000000,0.000000,0.000000,0.262056,0.262056,1.500,1.500000,87.700,29.233
riscv32i,memory_near_logic,tritonpart,_1274_,3,2,1,1,generated_control;unclassified,infrastructure,0,0,0.000000,0.000000,0.000000,0.205505,0.205505,1.200,1.200000,68.960,22.987
riscv32i,memory_near_logic,tritonpart,_1375_,3,2,1,1,generated_control;generated_datapath,infrastructure,0,0,0.002075,0.003113,0.002075,0.399620,0.399620,1.500,1.500000,41.360,13.787
riscv32i,memory_near_logic,tritonpart,_1392_,3,2,1,1,generated_control;generated_datapath,infrastructure,0,0,0.002141,0.003212,0.002141,0.436181,0.436181,1.500,1.500000,166.860,55.620
riscv32i,memory_near_logic,tritonpart,_1458_,5,2,3,2,generated_control;generated_datapath,infrastructure,0,0,0.000000,0.000000,0.000000,0.475647,0.951294,1.500,3.000000,158.000,63.200
riscv32i,memory_near_logic,tritonpart,_1528_,4,3,1,1,execute_alu;generated_control,datapath;infrastructure,0,0,0.000000,0.000000,0.000000,0.176655,0.176655,2.000,2.000000,140.260,35.065
riscv32i,memory_near_logic,tritonpart,_1551_,3,2,1,1,execute_alu;generated_control;unclassified,datapath;infrastructure,0,0,0.000000,0.000000,0.000000,0.179931,0.179931,2.000,2.000000,152.460,50.820
riscv32i,memory_near_logic,tritonpart,_1695_,4,3,1,1,generated_control;generated_datapath,infrastructure,0,0,0.000000,0.000000,0.000000,0.309459,0.309459,1.500,1.500000,198.140,49.535
riscv32i,memory_near_logic,tritonpart,_1712_,4,3,1,1,generated_control;generated_datapath,infrastructure,0,0,0.000000,0.000000,0.000000,0.248967,0.248967,1.500,1.500000,170.960,42.740
riscv32i,memory_near_logic,tritonpart,_1749_,3,2,1,1,generated_control;generated_datapath,infrastructure,0,0,0.000000,0.000000,0.000000,0.335436,0.335436,1.500,1.500000,243.380,81.127
riscv32i,memory_near_logic,tritonpart,_1876_,3,2,1,1,execute_alu;generated_control;generated_datapath,datapath;infrastructure,0,0,0.000000,0.000000,0.000000,0.271773,0.271773,2.000,2.000000,254.800,84.933
riscv32i,memory_near_logic,tritonpart,_1887_,3,2,1,1,generated_control;generated_datapath,infrastructure,0,0,0.002047,0.003071,0.002047,0.394308,0.394308,1.500,1.500000,176.060,58.687
riscv32i,memory_near_logic,tritonpart,_2123_,3,2,1,1,generated_control;generated_datapath,infrastructure,0,0,0.000000,0.000000,0.000000,0.265192,0.265192,1.500,1.500000,80.960,26.987
riscv32i,memory_near_logic,tritonpart,_2137_,3,2,1,1,generated_control;unclassified,infrastructure,0,0,0.000000,0.000000,0.000000,0.213074,0.213074,1.200,1.200000,102.080,34.027
riscv32i,memory_near_logic,tritonpart,_2247_,3,2,1,1,generated_control;generated_datapath;unclassified,infrastructure,0,0,0.000000,0.000000,0.000000,0.222592,0.222592,1.500,1.500000,37.900,12.633
riscv32i,memory_near_logic,tritonpart,_3686_,2,1,1,1,generated_control;generated_datapath,infrastructure,0,0,0.000000,0.000000,0.000000,0.233959,0.233959,1.500,1.500000,3.180,1.590
riscv32i,memory_near_logic,tritonpart,clknet_0_clk,9,1,8,1,clock_reset,control,0,1,0.000000,0.000000,0.000000,0.612172,0.612172,5.000,5.000000,431.540,47.949
riscv32i,memory_near_logic,tritonpart,clknet_3_3__leaf_clk,13,1,12,1,clock_reset;generated_control,control;infrastructure,0,1,0.000000,0.000000,0.000000,0.520873,0.520873,5.000,5.000000,284.020,21.848
riscv32i,memory_near_logic,tritonpart,clknet_3_5__leaf_clk,16,4,12,4,clock_reset,control,0,1,0.000000,0.000000,0.000000,0.496319,1.985277,5.000,20.000000,195.020,48.755
riscv32i,memory_near_logic,tritonpart,clknet_3_6__leaf_clk,10,1,9,1,clock_reset,control,0,1,0.000000,0.000000,0.000000,0.472452,0.472452,5.000,5.000000,167.160,16.716
riscv32i,memory_near_logic,tritonpart,clknet_leaf_22_clk,14,2,12,2,clock_reset;pipeline_state,control,0,1,0.000000,0.000000,0.000000,0.078730,0.157461,5.000,10.000000,2.720,0.389
riscv32i,memory_near_logic,tritonpart,clknet_leaf_39_clk,11,4,7,4,clock_reset;pipeline_state,control,0,1,0.005504,0.016573,0.022017,0.093197,0.372786,5.000,20.000000,2.760,1.004
riscv32i,memory_near_logic,tritonpart,clknet_leaf_41_clk,15,9,6,6,clock_reset;pipeline_state,control,0,1,0.008475,0.014268,0.050848,0.051814,0.310886,5.000,30.000000,0.000,0.000
riscv32i,memory_near_logic,tritonpart,clknet_leaf_52_clk,12,6,6,6,clock_reset;pipeline_state,control,0,1,0.000000,0.000000,0.000000,0.085051,0.510304,5.000,30.000000,5.940,2.970
riscv32i,memory_near_logic,tritonpart,clknet_leaf_53_clk,13,6,7,6,clock_reset;pipeline_state,control,0,1,0.000000,0.000000,0.000000,0.080628,0.483770,5.000,30.000000,1.380,0.637
riscv32i,memory_near_logic,tritonpart,clknet_leaf_56_clk,13,1,12,1,clock_reset;pipeline_state,control,0,1,0.000000,0.000000,0.000000,0.082209,0.082209,5.000,5.000000,1.380,0.106
riscv32i,memory_near_logic,tritonpart,clknet_leaf_62_clk,10,3,7,3,clock_reset;generated_control;pipeline_state,control;infrastructure,0,1,0.000000,0.000000,0.000000,0.099822,0.299465,5.000,15.000000,7.320,2.196
riscv32i,memory_near_logic,tritonpart,clknet_leaf_64_clk,7,1,6,1,clock_reset;generated_control;pipeline_state,control;infrastructure,0,1,0.004493,0.014270,0.004493,0.132901,0.132901,5.000,5.000000,2.720,0.389
riscv32i,memory_near_logic,tritonpart,clknet_leaf_66_clk,10,8,2,2,clock_reset;generated_control;pipeline_state,control;infrastructure,0,1,0.000000,0.000000,0.000000,0.105257,0.210513,5.000,10.000000,15.100,3.020
riscv32i,memory_near_logic,tritonpart,clknet_leaf_67_clk,12,1,11,1,clock_reset;pipeline_state,control,0,1,0.000244,0.002926,0.000244,0.090103,0.090103,5.000,5.000000,1.380,0.115
riscv32i,memory_near_logic,tritonpart,dp.result2[0],2,1,1,1,execute_alu,datapath,0,0,0.458931,0.458931,0.458931,0.153044,0.153044,2.000,2.000000,12.760,6.380
riscv32i,memory_near_logic,tritonpart,dp.result2[10],2,1,1,1,execute_alu,datapath,0,0,0.000000,0.000000,0.000000,0.196524,0.196524,2.000,2.000000,24.220,12.110
riscv32i,memory_near_logic,tritonpart,dp.result2[11],2,1,1,1,execute_alu,datapath,0,0,0.000000,0.000000,0.000000,0.224477,0.224477,2.000,2.000000,11.500,5.750
riscv32i,memory_near_logic,tritonpart,dp.result2[12],2,1,1,1,execute_alu,datapath,0,0,0.000000,0.000000,0.000000,0.126955,0.126955,2.000,2.000000,9.200,4.600
riscv32i,memory_near_logic,tritonpart,dp.result2[13],2,1,1,1,execute_alu,datapath,0,0,0.000000,0.000000,0.000000,0.252639,0.252639,2.000,2.000000,7.820,3.910
riscv32i,memory_near_logic,tritonpart,dp.result2[14],2,1,1,1,execute_alu,datapath,0,0,0.000000,0.000000,0.000000,0.201078,0.201078,2.000,2.000000,55.540,27.770
riscv32i,memory_near_logic,tritonpart,dp.result2[15],2,1,1,1,execute_alu,datapath,0,0,0.000000,0.000000,0.000000,0.203068,0.203068,2.000,2.000000,25.640,12.820
riscv32i,memory_near_logic,tritonpart,dp.result2[18],2,1,1,1,execute_alu,datapath,0,0,0.000000,0.000000,0.000000,0.244933,0.244933,2.000,2.000000,3.180,1.590
riscv32i,memory_near_logic,tritonpart,dp.result2[19],2,1,1,1,execute_alu,datapath,0,0,0.000000,0.000000,0.000000,0.246590,0.246590,2.000,2.000000,8.620,4.310
riscv32i,memory_near_logic,tritonpart,dp.result2[1],33,1,32,1,execute_alu,datapath,0,0,0.000258,0.008506,0.000258,0.158935,0.158935,2.000,2.000000,0.000,0.000
riscv32i,memory_near_logic,tritonpart,dp.result2[21],2,1,1,1,execute_alu,datapath,0,0,0.000000,0.000000,0.000000,0.244628,0.244628,2.000,2.000000,4.100,2.050
riscv32i,memory_near_logic,tritonpart,dp.result2[25],5,1,4,1,clock_reset;execute_alu,control;datapath,1,1,0.000000,0.000000,0.000000,0.218985,0.218985,5.000,5.000000,170.920,34.184
riscv32i,memory_near_logic,tritonpart,dp.result2[26],2,1,1,1,execute_alu,datapath,0,0,0.000000,0.000000,0.000000,0.253187,0.253187,2.000,2.000000,5.440,2.720
riscv32i,memory_near_logic,tritonpart,dp.result2[27],2,1,1,1,execute_alu,datapath,0,0,0.000000,0.000000,0.000000,0.224822,0.224822,2.000,2.000000,62.900,31.450
riscv32i,memory_near_logic,tritonpart,dp.result2[29],5,1,4,1,clock_reset;execute_alu,control;datapath,1,1,0.000000,0.000000,0.000000,0.169097,0.169097,5.000,5.000000,150.340,30.068
riscv32i,memory_near_logic,tritonpart,dp.result2[2],33,1,32,1,execute_alu,datapath,0,0,0.000000,0.000000,0.000000,0.159512,0.159512,2.000,2.000000,0.000,0.000
riscv32i,memory_near_logic,tritonpart,dp.result2[3],2,1,1,1,execute_alu,datapath,0,0,0.000000,0.000000,0.000000,0.205598,0.205598,2.000,2.000000,5.520,2.760
riscv32i,memory_near_logic,tritonpart,dp.result2[4],33,1,32,1,execute_alu,datapath,0,0,0.000091,0.002998,0.000091,0.161231,0.161231,2.000,2.000000,0.000,0.000
riscv32i,memory_near_logic,tritonpart,dp.result2[5],2,1,1,1,execute_alu,datapath,0,0,0.000000,0.000000,0.000000,0.220026,0.220026,2.000,2.000000,5.520,2.760
riscv32i,memory_near_logic,tritonpart,dp.result2[6],2,1,1,1,execute_alu,datapath,0,0,0.000000,0.000000,0.000000,0.252520,0.252520,2.000,2.000000,7.820,3.910
riscv32i,memory_near_logic,tritonpart,dp.result2[7],33,1,32,1,execute_alu,datapath,0,0,0.000000,0.000000,0.000000,0.155757,0.155757,2.000,2.000000,0.000,0.000
riscv32i,memory_near_logic,tritonpart,dp.result2[8],2,1,1,1,execute_alu,datapath,0,0,0.000000,0.000000,0.000000,0.127271,0.127271,2.000,2.000000,26.400,13.200
riscv32i,memory_near_logic,tritonpart,dp.result2[9],2,1,1,1,execute_alu,datapath,0,0,0.000000,0.000000,0.000000,0.231211,0.231211,2.000,2.000000,39.920,19.960
riscv32i,memory_near_logic,tritonpart,net1260,3,2,1,1,generated_control;generated_datapath,infrastructure,0,0,0.002033,0.003050,0.002033,0.262354,0.262354,1.500,1.500000,77.860,25.953
riscv32i,memory_near_logic,tritonpart,net1262,25,5,20,5,execute_alu;generated_control;pipeline_state,control;datapath;infrastructure,1,0,0.000691,0.014264,0.003457,0.041815,0.209074,3.000,15.000000,0.000,0.000
riscv32i,memory_near_logic,tritonpart,net1263,17,5,12,5,generated_control;pipeline_state,control;infrastructure,0,0,0.000000,0.000000,0.000000,0.034890,0.174450,3.000,15.000000,0.000,0.000
riscv32i,memory_near_logic,tritonpart,net1264,33,5,28,5,execute_alu;generated_control;pipeline_state,control;datapath;infrastructure,1,0,0.000436,0.014388,0.002180,0.043430,0.217149,3.000,15.000000,0.000,0.000
riscv32i,memory_near_logic,tritonpart,net1265,25,5,20,5,execute_alu;generated_control;pipeline_state,control;datapath;infrastructure,1,0,0.000571,0.014264,0.002853,0.041997,0.209987,3.000,15.000000,0.000,0.000
riscv32i,memory_near_logic,tritonpart,net1266,33,5,28,5,execute_alu;generated_control;pipeline_state,control;datapath;infrastructure,1,0,0.000436,0.014384,0.002179,0.043379,0.216895,3.000,15.000000,0.000,0.000
riscv32i,memory_near_logic,tritonpart,net1267,33,5,28,5,execute_alu;generated_control;pipeline_state,control;datapath;infrastructure,1,0,0.030395,1.000000,0.151977,0.043385,0.216926,3.000,15.000000,0.000,0.000
riscv32i,memory_near_logic,tritonpart,net1268,33,5,28,5,execute_alu;generated_control;pipeline_state,control;datapath;infrastructure,1,0,0.000848,0.014352,0.004241,0.043260,0.216299,3.000,15.000000,0.000,0.000
riscv32i,memory_near_logic,tritonpart,net1269,33,5,28,5,execute_alu;generated_control;pipeline_state,control;datapath;infrastructure,1,0,0.000868,0.014387,0.004341,0.043411,0.217057,3.000,15.000000,0.000,0.000
riscv32i,memory_near_logic,tritonpart,net1270,23,5,18,5,execute_alu;generated_control;pipeline_state,control;datapath;infrastructure,1,0,0.000620,0.014264,0.003101,0.038528,0.192638,3.000,15.000000,0.000,0.000
riscv32i,memory_near_logic,tritonpart,net1271,33,5,28,5,execute_alu;generated_control;pipeline_state,control;datapath;infrastructure,1,0,0.001135,0.014315,0.005673,0.043397,0.216985,3.000,15.000000,0.000,0.000
riscv32i,memory_near_logic,tritonpart,net1272,33,5,28,5,execute_alu;generated_control;pipeline_state,control;datapath;infrastructure,1,0,0.001200,0.014355,0.006002,0.043224,0.216118,3.000,15.000000,0.000,0.000
riscv32i,memory_near_logic,tritonpart,net1273,25,5,20,5,execute_alu;generated_control;pipeline_state,control;datapath;infrastructure,1,0,0.000000,0.000000,0.000000,0.034654,0.173272,3.000,15.000000,0.000,0.000
riscv32i,memory_near_logic,tritonpart,net1274,33,5,28,5,execute_alu;generated_control;pipeline_state,control;datapath;infrastructure,1,0,0.000868,0.014365,0.004338,0.043157,0.215784,3.000,15.000000,0.000,0.000
riscv32i,memory_near_logic,tritonpart,net1275,33,5,28,5,execute_alu;generated_control;pipeline_state,control;datapath;infrastructure,1,0,0.000849,0.014374,0.004243,0.043167,0.215833,3.000,15.000000,0.000,0.000
riscv32i,memory_near_logic,tritonpart,net1276,27,5,22,5,execute_alu;generated_control;pipeline_state,control;datapath;infrastructure,1,0,0.000727,0.013675,0.003636,0.042320,0.211602,3.000,15.000000,0.000,0.000
riscv32i,memory_near_logic,tritonpart,net1277,33,5,28,5,execute_alu;generated_control;pipeline_state,control;datapath;infrastructure,1,0,0.000435,0.014343,0.002173,0.043423,0.217114,3.000,15.000000,0.000,0.000
riscv32i,memory_near_logic,tritonpart,net1278,27,5,22,5,execute_alu;generated_control;pipeline_state,control;datapath;infrastructure,1,0,0.000507,0.013678,0.002533,0.042364,0.211818,3.000,15.000000,0.000,0.000
riscv32i,memory_near_logic,tritonpart,net1279,27,5,22,5,execute_alu;generated_control;pipeline_state,control;datapath;infrastructure,1,0,0.000530,0.014307,0.002649,0.042316,0.211579,3.000,15.000000,0.000,0.000
riscv32i,memory_near_logic,tritonpart,net1280,27,5,22,5,execute_alu;generated_control;pipeline_state,control;datapath;infrastructure,1,0,0.000216,0.002941,0.001079,0.042335,0.211673,3.000,15.000000,0.000,0.000
riscv32i,memory_near_logic,tritonpart,net1281,33,5,28,5,execute_alu;generated_control;pipeline_state,control;datapath;infrastructure,1,0,0.000435,0.014353,0.002175,0.043436,0.217182,3.000,15.000000,0.000,0.000
riscv32i,memory_near_logic,tritonpart,net1282,27,5,22,5,execute_alu;generated_control;pipeline_state,control;datapath;infrastructure,1,0,0.000614,0.016573,0.003069,0.042262,0.211312,3.000,15.000000,0.000,0.000
riscv32i,memory_near_logic,tritonpart,net1283,27,5,22,5,execute_alu;generated_control;pipeline_state,control;datapath;infrastructure,1,0,0.000507,0.013679,0.002533,0.042269,0.211344,3.000,15.000000,0.000,0.000
riscv32i,memory_near_logic,tritonpart,net1284,27,5,22,5,execute_alu;generated_control;pipeline_state,control;datapath;infrastructure,1,0,0.000507,0.013678,0.002533,0.042285,0.211425,3.000,15.000000,0.000,0.000
riscv32i,memory_near_logic,tritonpart,net1285,33,5,28,5,execute_alu;generated_control;pipeline_state,control;datapath;infrastructure,1,0,0.000435,0.014370,0.002177,0.043194,0.215970,3.000,15.000000,0.000,0.000
riscv32i,memory_near_logic,tritonpart,net1286,27,5,22,5,execute_alu;generated_control;pipeline_state,control;datapath;infrastructure,1,0,0.000620,0.013677,0.003101,0.042227,0.211135,3.000,15.000000,0.000,0.000
riscv32i,memory_near_logic,tritonpart,net1288,33,5,28,5,execute_alu;generated_control;pipeline_state,control;datapath;infrastructure,1,0,0.000868,0.014389,0.004342,0.043434,0.217170,3.000,15.000000,0.000,0.000
riscv32i,memory_near_logic,tritonpart,net1289,33,5,28,5,execute_alu;generated_control;pipeline_state,control;datapath;infrastructure,1,0,0.000433,0.014283,0.002164,0.043434,0.217170,3.000,15.000000,0.000,0.000
riscv32i,memory_near_logic,tritonpart,net1290,33,5,28,5,execute_alu;generated_control;pipeline_state,control;datapath;infrastructure,1,0,0.000435,0.014345,0.002173,0.043429,0.217146,3.000,15.000000,0.000,0.000
riscv32i,memory_near_logic,tritonpart,net1291,33,5,28,5,execute_alu;generated_control;pipeline_state,control;datapath;infrastructure,1,0,0.000435,0.014355,0.002175,0.043199,0.215993,3.000,15.000000,0.000,0.000
riscv32i,memory_near_logic,tritonpart,net1314,4,3,1,1,execute_alu;generated_control,datapath;infrastructure,0,0,0.000000,0.000000,0.000000,0.233212,0.233212,2.000,2.000000,265.380,66.345
riscv32i,memory_near_logic,tritonpart,net1316,4,3,1,1,execute_alu;generated_control,datapath;infrastructure,0,0,0.000000,0.000000,0.000000,0.231640,0.231640,2.000,2.000000,297.440,74.360
riscv32i,memory_near_logic,tritonpart,net1318,4,3,1,1,execute_alu;generated_control,datapath;infrastructure,0,0,0.000000,0.000000,0.000000,0.231699,0.231699,2.000,2.000000,276.780,69.195
riscv32i,memory_near_logic,tritonpart,net1320,13,12,1,1,execute_alu;generated_control;generated_datapath,datapath;infrastructure,0,0,0.000638,0.008298,0.000638,0.435660,0.435660,2.000,2.000000,357.760,27.520
riscv32i,memory_near_logic,tritonpart,net1321,13,12,1,1,execute_alu;generated_control;generated_datapath,datapath;infrastructure,0,0,0.000000,0.000000,0.000000,0.429514,0.429514,2.000,2.000000,393.940,30.303
riscv32i,memory_near_logic,tritonpart,net1322,17,16,1,1,execute_alu;generated_control;generated_datapath,datapath;infrastructure,0,0,0.000547,0.009302,0.000547,0.380462,0.380462,2.000,2.000000,292.760,17.221
riscv32i,memory_near_logic,tritonpart,net1333,4,3,1,1,execute_alu;generated_control,datapath;infrastructure,0,0,0.000000,0.000000,0.000000,0.213807,0.213807,2.000,2.000000,240.840,60.210
riscv32i,memory_near_logic,tritonpart,net1336,5,4,1,1,execute_alu;generated_control,datapath;infrastructure,0,0,0.010444,0.052219,0.010444,0.171714,0.171714,2.000,2.000000,102.440,20.488
riscv32i,memory_near_logic,tritonpart,net1338,3,2,1,1,execute_alu;generated_control,datapath;infrastructure,0,0,0.000000,0.000000,0.000000,0.154562,0.154562,2.000,2.000000,97.940,32.647
riscv32i,memory_near_logic,tritonpart,net1342,4,3,1,1,execute_alu;generated_control,datapath;infrastructure,0,0,0.000000,0.000000,0.000000,0.240507,0.240507,2.000,2.000000,254.360,63.590
riscv32i,memory_near_logic,tritonpart,net1368,3,2,1,1,generated_control,infrastructure,0,0,0.000000,0.000000,0.000000,0.288994,0.288994,1.200,1.200000,218.040,72.680
riscv32i,memory_near_logic,tritonpart,net1371,3,2,1,1,generated_control;generated_datapath,infrastructure,0,0,0.000000,0.000000,0.000000,0.257280,0.257280,1.500,1.500000,204.700,68.233
riscv32i,memory_near_logic,tritonpart,net1373,3,2,1,1,generated_control,infrastructure,0,0,0.000000,0.000000,0.000000,0.215591,0.215591,1.200,1.200000,178.780,59.593
riscv32i,memory_near_logic,tritonpart,net1381,3,2,1,1,execute_alu;generated_control,datapath;infrastructure,0,0,0.000000,0.000000,0.000000,0.209607,0.209607,2.000,2.000000,187.680,62.560
riscv32i,memory_near_logic,tritonpart,net1386,3,2,1,1,generated_control,infrastructure,0,0,0.001946,0.002919,0.001946,0.246827,0.246827,1.200,1.200000,92.040,30.680
riscv32i,memory_near_logic,tritonpart,net1388,4,3,1,1,execute_alu;generated_control,datapath;infrastructure,0,0,0.000000,0.000000,0.000000,0.167290,0.167290,2.000,2.000000,58.300,14.575
riscv32i,memory_near_logic,tritonpart,net1391,5,4,1,1,execute_alu;generated_control,datapath;infrastructure,0,0,0.000000,0.000000,0.000000,0.196921,0.196921,2.000,2.000000,184.900,36.980
riscv32i,memory_near_logic,tritonpart,net1397,3,2,1,1,generated_control,infrastructure,0,0,0.000000,0.000000,0.000000,0.311067,0.311067,1.200,1.200000,245.400,81.800
riscv32i,memory_near_logic,tritonpart,net1399,5,4,1,1,execute_alu;generated_control;generated_datapath,datapath;infrastructure,0,0,0.000000,0.000000,0.000000,0.235390,0.235390,2.000,2.000000,179.200,35.840
riscv32i,memory_near_logic,tritonpart,net1401,4,3,1,1,execute_alu;generated_control,datapath;infrastructure,0,0,0.000000,0.000000,0.000000,0.237659,0.237659,2.000,2.000000,285.840,71.460
riscv32i,memory_near_logic,tritonpart,net1402,33,5,28,5,execute_alu;generated_control;pipeline_state,control;datapath;infrastructure,1,0,0.001037,0.014374,0.005183,0.043417,0.217085,3.000,15.000000,0.000,0.000
riscv32i,memory_near_logic,tritonpart,net1411,3,2,1,1,generated_control,infrastructure,0,0,0.001961,0.002941,0.001961,0.268243,0.268243,1.200,1.200000,154.940,51.647
riscv32i,memory_near_logic,tritonpart,net1416,3,2,1,1,generated_control,infrastructure,0,0,0.001965,0.002948,0.001965,0.298617,0.298617,1.200,1.200000,194.400,64.800
riscv32i,memory_near_logic,tritonpart,net1418,3,2,1,1,generated_control,infrastructure,0,0,0.002007,0.003011,0.002007,0.321951,0.321951,1.200,1.200000,294.100,98.033
riscv32i,memory_near_logic,tritonpart,net1420,3,2,1,1,generated_control,infrastructure,0,0,0.002013,0.003019,0.002013,0.333366,0.333366,1.200,1.200000,276.700,92.233
riscv32i,memory_near_logic,tritonpart,net1422,3,2,1,1,generated_control,infrastructure,0,0,0.000000,0.000000,0.000000,0.325769,0.325769,1.200,1.200000,305.520,101.840
riscv32i,memory_near_logic,tritonpart,net1428,3,2,1,1,generated_control,infrastructure,0,0,0.001925,0.002888,0.001925,0.277544,0.277544,1.200,1.200000,131.060,43.687
riscv32i,memory_near_logic,tritonpart,net1431,3,2,1,1,generated_control;generated_datapath,infrastructure,0,0,0.001967,0.002951,0.001967,0.258183,0.258183,1.500,1.500000,70.300,23.433
riscv32i,memory_near_logic,tritonpart,net1433,3,2,1,1,generated_control,infrastructure,0,0,0.000000,0.000000,0.000000,0.150238,0.150238,1.200,1.200000,53.420,17.807
riscv32i,memory_near_logic,tritonpart,net1435,3,2,1,1,generated_control;generated_datapath,infrastructure,0,0,0.000000,0.000000,0.000000,0.261142,0.261142,1.500,1.500000,75.840,25.280
riscv32i,memory_near_logic,tritonpart,net1438,3,2,1,1,generated_control,infrastructure,0,0,0.001928,0.002892,0.001928,0.287033,0.287033,1.200,1.200000,210.980,70.327
riscv32i,memory_near_logic,tritonpart,net1441,3,2,1,1,generated_control,infrastructure,0,0,0.001951,0.002926,0.001951,0.251117,0.251117,1.200,1.200000,92.900,30.967
riscv32i,memory_near_logic,tritonpart,net1443,4,2,2,2,generated_control;generated_datapath,infrastructure,0,0,0.027612,0.055224,0.055224,0.309088,0.618177,1.500,3.000000,223.240,111.620
riscv32i,memory_near_logic,tritonpart,net1445,3,2,1,1,generated_control,infrastructure,0,0,0.000000,0.000000,0.000000,0.299918,0.299918,1.200,1.200000,238.700,79.567
riscv32i,memory_near_logic,tritonpart,net1450,3,2,1,1,generated_control,infrastructure,0,0,0.002014,0.003021,0.002014,0.297279,0.297279,1.200,1.200000,186.060,62.020
riscv32i,memory_near_logic,tritonpart,net1455,3,2,1,1,generated_control,infrastructure,0,0,0.001999,0.002998,0.001999,0.277020,0.277020,1.200,1.200000,123.200,41.067
riscv32i,memory_near_logic,tritonpart,net1463,14,4,10,4,generated_control;generated_datapath,infrastructure,0,0,0.000000,0.000000,0.000000,0.424195,1.696780,1.500,6.000000,394.860,112.817
riscv32i,memory_near_logic,tritonpart,net1465,10,1,9,1,generated_control;generated_datapath,infrastructure,0,0,0.000000,0.000000,0.000000,0.366626,0.366626,1.500,1.500000,396.400,39.640
riscv32i,memory_near_logic,tritonpart,net1472,19,4,15,4,generated_control;generated_datapath;unclassified,infrastructure,0,0,0.004347,0.055224,0.017389,0.479066,1.916266,1.500,6.000000,509.300,107.221
riscv32i,memory_near_logic,tritonpart,net1474,46,28,18,18,generated_control;generated_datapath;unclassified,infrastructure,0,0,0.000000,0.000000,0.000000,0.528839,9.519104,1.500,27.000000,491.880,192.475
riscv32i,memory_near_logic,tritonpart,net1481,29,6,23,6,generated_control;generated_datapath;unclassified,infrastructure,0,0,0.000000,0.000000,0.000000,0.479010,2.874059,1.500,9.000000,475.140,98.305
riscv32i,memory_near_logic,tritonpart,net1482,37,8,29,8,generated_control;generated_datapath,infrastructure,0,0,0.000000,0.000000,0.000000,0.595588,4.764703,1.500,12.000000,427.640,92.463
riscv32i,memory_near_logic,tritonpart,net1485,35,8,27,8,generated_control;generated_datapath,infrastructure,0,0,0.000000,0.000000,0.000000,0.632478,5.059824,1.500,12.000000,544.140,124.375
riscv32i,memory_near_logic,tritonpart,net1487,35,17,18,17,generated_control;generated_datapath;unclassified,infrastructure,0,0,0.000000,0.000000,0.000000,0.508206,8.639504,1.500,25.500000,465.600,226.149
riscv32i,memory_near_logic,tritonpart,net1592,41,16,25,16,generated_control;generated_datapath;unclassified,infrastructure,0,0,0.000591,0.003212,0.009457,0.507570,8.121125,1.500,24.000000,378.840,147.840
riscv32i,memory_near_logic,tritonpart,net1593,37,4,33,4,generated_control;generated_datapath,infrastructure,0,0,0.000000,0.000000,0.000000,0.607048,2.428193,1.500,6.000000,529.540,57.248
riscv32i,memory_near_logic,tritonpart,net1594,34,6,28,6,generated_control;generated_datapath,infrastructure,0,0,0.000000,0.000000,0.000000,0.593199,3.559193,1.500,9.000000,556.680,98.238
riscv32i,memory_near_logic,tritonpart,net1595,24,8,16,8,generated_control;generated_datapath,infrastructure,0,0,0.000000,0.000000,0.000000,0.473548,3.788388,1.500,12.000000,408.420,136.140
riscv32i,memory_near_logic,tritonpart,net1596,39,19,20,19,generated_control;generated_datapath;unclassified,infrastructure,0,0,0.000000,0.000000,0.000000,0.475614,9.036657,1.500,28.500000,325.020,158.343
riscv32i,memory_near_logic,tritonpart,net1597,51,1,50,1,generated_control;generated_datapath;unclassified,infrastructure,0,0,0.000000,0.000000,0.000000,0.563236,0.563236,1.500,1.500000,436.960,8.568
riscv32i,memory_near_logic,tritonpart,net1598,34,2,32,2,generated_control;generated_datapath;unclassified,infrastructure,0,0,0.000000,0.000000,0.000000,0.522381,1.044761,1.500,3.000000,330.560,19.445
riscv32i,memory_near_logic,tritonpart,net1602,30,11,19,11,generated_control;generated_datapath,infrastructure,0,0,0.000000,0.000000,0.000000,0.459350,5.052854,1.500,16.500000,333.360,122.232
riscv32i,memory_near_logic,tritonpart,net1603,18,4,14,4,generated_control;generated_datapath;unclassified,infrastructure,0,0,0.000000,0.000000,0.000000,0.358157,1.432629,1.500,6.000000,225.840,50.187
riscv32i,memory_near_logic,tritonpart,net1604,30,10,20,10,generated_control;generated_datapath,infrastructure,0,0,0.000000,0.000000,0.000000,0.510480,5.104804,1.500,15.000000,339.660,113.220
riscv32i,memory_near_logic,tritonpart,net1605,32,4,28,4,generated_control;generated_datapath;unclassified,infrastructure,0,0,0.002497,0.055224,0.009988,0.524384,2.097535,1.500,6.000000,538.380,67.297
riscv32i,memory_near_logic,tritonpart,net1606,34,7,27,7,generated_control;generated_datapath;unclassified,infrastructure,0,0,0.000271,0.003198,0.001900,0.590008,4.130058,1.500,10.500000,513.900,105.803
riscv32i,memory_near_logic,tritonpart,net1607,49,2,47,2,generated_control;generated_datapath;unclassified,infrastructure,0,0,0.001731,0.055224,0.003462,0.536347,1.072693,1.500,3.000000,462.160,18.864
riscv32i,memory_near_logic,tritonpart,net1608,21,8,13,8,generated_control;generated_datapath;unclassified,infrastructure,0,0,0.000721,0.003212,0.005766,0.470329,3.762630,1.500,12.000000,398.740,151.901
riscv32i,memory_near_logic,tritonpart,net1609,46,7,39,7,generated_control;unclassified,infrastructure,0,0,0.000205,0.003212,0.001435,0.527692,3.693844,1.200,8.400000,393.900,59.941
riscv32i,memory_near_logic,tritonpart,net1612,41,5,36,5,generated_control;generated_datapath,infrastructure,0,0,0.024539,1.000000,0.122695,0.520725,2.603624,1.500,7.500000,420.080,51.229
riscv32i,memory_near_logic,tritonpart,net1613,30,14,16,14,generated_control,infrastructure,0,0,0.000098,0.002948,0.001376,0.485970,6.803587,1.200,16.800000,245.860,114.735
riscv32i,memory_near_logic,tritonpart,net1614,34,16,18,16,generated_control;generated_datapath;unclassified,infrastructure,0,0,0.000445,0.003198,0.007116,0.484082,7.745311,1.500,24.000000,361.860,170.287
riscv32i,memory_near_logic,tritonpart,net1615,49,14,35,14,generated_control;generated_datapath,infrastructure,0,0,0.000125,0.003198,0.001756,0.493828,6.913587,1.500,21.000000,268.780,76.794
riscv32i,memory_near_logic,tritonpart,net1616,44,2,42,2,generated_control;generated_datapath,infrastructure,0,0,0.000202,0.003050,0.000404,0.480423,0.960845,1.500,3.000000,329.340,14.970
riscv32i,memory_near_logic,tritonpart,net1620,39,2,37,2,generated_control,infrastructure,0,0,0.025641,1.000000,0.051282,0.479503,0.959005,1.200,2.400000,335.640,17.212
riscv32i,memory_near_logic,tritonpart,net1621,41,16,25,16,generated_control,infrastructure,0,0,0.000152,0.003212,0.002432,0.500860,8.013768,1.200,19.200000,375.320,146.466
riscv32i,memory_near_logic,tritonpart,net1622,30,16,14,14,generated_control;generated_datapath,infrastructure,0,0,0.000504,0.003198,0.007057,0.468524,6.559336,1.500,21.000000,355.000,165.667
riscv32i,memory_near_logic,tritonpart,net1623,47,2,45,2,generated_control;generated_datapath,infrastructure,0,0,0.000000,0.000000,0.000000,0.528140,1.056280,1.500,3.000000,391.820,16.673
riscv32i,memory_near_logic,tritonpart,net1624,47,1,46,1,generated_control;generated_datapath,infrastructure,0,0,0.000000,0.000000,0.000000,0.538194,0.538194,1.500,1.500000,404.400,8.604
riscv32i,memory_near_logic,tritonpart,net1625,38,20,18,18,generated_control;generated_datapath,infrastructure,0,0,0.000000,0.000000,0.000000,0.491134,8.840413,1.500,27.000000,344.080,162.985
riscv32i,memory_near_logic,tritonpart,net1626,20,7,13,7,generated_control;generated_datapath;unclassified,infrastructure,0,0,0.000000,0.000000,0.000000,0.464872,3.254106,1.500,10.500000,344.720,120.652
riscv32i,memory_near_logic,tritonpart,net1627,42,1,41,1,generated_control;generated_datapath,infrastructure,0,0,0.000000,0.000000,0.000000,0.541473,0.541473,1.500,1.500000,325.580,7.752
riscv32i,memory_near_logic,tritonpart,net1629,35,14,21,14,generated_control;generated_datapath,infrastructure,0,0,0.000000,0.000000,0.000000,0.515972,7.223603,1.500,21.000000,366.340,146.536
riscv32i,memory_near_logic,tritonpart,net1630,29,5,24,5,generated_control;generated_datapath,infrastructure,0,0,0.000000,0.000000,0.000000,0.530890,2.654451,1.500,7.500000,439.200,75.724
riscv32i,memory_near_logic,tritonpart,net1632,50,20,30,20,generated_control;generated_datapath,infrastructure,0,0,0.000000,0.000000,0.000000,0.453007,9.060150,1.500,30.000000,264.260,105.704
riscv32i,memory_near_logic,tritonpart,net1636,50,1,49,1,generated_control;generated_datapath;unclassified,infrastructure,0,0,0.000000,0.000000,0.000000,0.464162,0.464162,1.500,1.500000,304.580,6.092
riscv32i,memory_near_logic,tritonpart,net1637,51,13,38,13,generated_control;generated_datapath;unclassified,infrastructure,0,0,0.000000,0.000000,0.000000,0.466459,6.063961,1.500,19.500000,268.900,68.543
riscv32i,memory_near_logic,tritonpart,net1638,42,26,16,16,generated_control;generated_datapath,infrastructure,0,0,0.000000,0.000000,0.000000,0.452992,7.247867,1.500,24.000000,333.360,126.994
riscv32i,memory_near_logic,tritonpart,net175,3,2,1,1,generated_control;generated_datapath,infrastructure,0,0,0.005671,0.008506,0.005671,0.409299,0.409299,1.500,1.500000,63.480,21.160
riscv32i,memory_near_logic,tritonpart,net189,3,2,1,1,generated_control;generated_datapath,infrastructure,0,0,0.000000,0.000000,0.000000,0.417481,0.417481,1.500,1.500000,133.860,44.620
riscv32i,memory_near_logic,tritonpart,net33,11,2,9,2,fetch;generated_control;generated_datapath,control;infrastructure,0,0,0.000000,0.000000,0.000000,0.213652,0.427304,2.000,4.000000,48.940,8.898
riscv32i,memory_near_logic,tritonpart,net34,11,2,9,2,fetch;generated_control;generated_datapath,control;infrastructure,0,0,0.000000,0.000000,0.000000,0.236883,0.473767,2.000,4.000000,54.080,9.833
riscv32i,memory_near_logic,tritonpart,net41,15,6,9,6,fetch;generated_control;generated_datapath;unclassified,control;infrastructure,0,0,0.000000,0.000000,0.000000,0.446520,2.679119,2.000,12.000000,256.360,102.544
riscv32i,memory_near_logic,tritonpart,net42,9,3,6,3,fetch;generated_control;generated_datapath,control;infrastructure,0,0,0.000000,0.000000,0.000000,0.459775,1.379325,2.000,6.000000,226.660,75.553
riscv32i,memory_near_logic,tritonpart,net47,20,2,18,2,fetch;generated_control;generated_datapath;unclassified,control;infrastructure,0,0,0.000594,0.003113,0.001188,0.504707,1.009415,2.000,4.000000,241.980,24.198
riscv32i,memory_near_logic,tritonpart,net61,8,2,6,2,fetch;generated_control;generated_datapath,control;infrastructure,0,0,0.000000,0.000000,0.000000,0.241368,0.482735,2.000,4.000000,34.840,8.710
riscv32i,memory_near_logic,tritonpart,net62,8,3,5,3,fetch;generated_control;generated_datapath,control;infrastructure,0,0,0.000000,0.000000,0.000000,0.291685,0.875054,2.000,6.000000,35.260,13.223
riscv32i,memory_near_logic,tritonpart,net63,11,2,9,2,fetch;generated_control;generated_datapath,control;infrastructure,0,0,0.000000,0.000000,0.000000,0.244102,0.488203,2.000,4.000000,46.300,8.418
riscv32i,memory_near_logic,tritonpart,net976,33,1,32,1,execute_alu;pipeline_state,control;datapath,1,0,0.000091,0.003019,0.000091,0.026072,0.026072,3.000,3.000000,0.000,0.000
riscv32i,memory_near_logic,tritonpart,net980,33,1,32,1,execute_alu;pipeline_state,control;datapath,1,0,0.000097,0.003212,0.000097,0.025782,0.025782,3.000,3.000000,0.000,0.000
riscv32i,memory_near_logic,tritonpart,net983,33,1,32,1,execute_alu;pipeline_state,control;datapath,1,0,0.000092,0.003021,0.000092,0.026217,0.026217,3.000,3.000000,0.000,0.000
riscv32i,memory_near_logic,tritonpart,net992,33,1,32,1,execute_alu;pipeline_state,control;datapath,1,0,0.000093,0.003071,0.000093,0.025747,0.025747,3.000,3.000000,0.000,0.000
riscv32i,memory_near_logic,asa_rv3d,_0061_,2,1,1,1,generated_control,infrastructure,0,0,0.000000,0.000000,0.000000,0.196151,0.196151,1.200,1.200000,7.780,3.890
riscv32i,memory_near_logic,asa_rv3d,_0109_,2,1,1,1,generated_control,infrastructure,0,0,0.000000,0.000000,0.000000,0.166408,0.166408,1.200,1.200000,15.100,7.550
riscv32i,memory_near_logic,asa_rv3d,_0113_,3,2,1,1,execute_alu;generated_control,datapath;infrastructure,0,0,0.000000,0.000000,0.000000,0.126392,0.126392,2.000,2.000000,12.880,4.293
riscv32i,memory_near_logic,asa_rv3d,_0121_,2,1,1,1,generated_control,infrastructure,0,0,0.000000,0.000000,0.000000,0.180786,0.180786,1.200,1.200000,8.280,4.140
riscv32i,memory_near_logic,asa_rv3d,_0137_,2,1,1,1,generated_control;generated_datapath,infrastructure,0,0,0.000000,0.000000,0.000000,0.168279,0.168279,1.500,1.500000,7.280,3.640
riscv32i,memory_near_logic,asa_rv3d,_0145_,5,4,1,1,execute_alu;generated_control;generated_datapath,datapath;infrastructure,0,0,0.000000,0.000000,0.000000,0.175344,0.175344,2.000,2.000000,117.700,23.540
riscv32i,memory_near_logic,asa_rv3d,_0149_,2,1,1,1,generated_control;unclassified,infrastructure,0,0,0.000000,0.000000,0.000000,0.209508,0.209508,1.200,1.200000,8.740,4.370
riscv32i,memory_near_logic,asa_rv3d,_0223_,18,5,13,5,generated_control;pipeline_state,control;infrastructure,0,0,0.000178,0.003212,0.000892,0.039757,0.198786,3.000,15.000000,6.860,1.906
riscv32i,memory_near_logic,asa_rv3d,_0246_,31,11,20,11,generated_control;generated_datapath,infrastructure,0,0,0.000000,0.000000,0.000000,0.508737,5.596107,1.500,16.500000,339.660,120.525
riscv32i,memory_near_logic,asa_rv3d,_0249_,2,1,1,1,generated_control,infrastructure,0,0,0.000000,0.000000,0.000000,0.327119,0.327119,1.200,1.200000,7.780,3.890
riscv32i,memory_near_logic,asa_rv3d,_0254_,4,1,3,1,generated_control;generated_datapath,infrastructure,0,0,0.000000,0.000000,0.000000,0.321810,0.321810,1.500,1.500000,15.060,3.765
riscv32i,memory_near_logic,asa_rv3d,_0256_,17,3,14,3,generated_control;generated_datapath;unclassified,infrastructure,0,0,0.000000,0.000000,0.000000,0.373774,1.121323,1.500,4.500000,232.740,41.072
riscv32i,memory_near_logic,asa_rv3d,_0286_,30,1,29,1,generated_control;generated_datapath,infrastructure,0,0,0.000000,0.000000,0.000000,0.476812,0.476812,1.500,1.500000,392.540,13.085
riscv32i,memory_near_logic,asa_rv3d,_0290_,7,3,4,3,generated_control;generated_datapath,infrastructure,0,0,0.000000,0.000000,0.000000,0.377963,1.133889,1.500,4.500000,159.320,68.280
riscv32i,memory_near_logic,asa_rv3d,_0292_,8,6,2,2,generated_control;generated_datapath;unclassified,infrastructure,0,0,0.000000,0.000000,0.000000,0.337204,0.674408,1.500,3.000000,158.820,39.705
riscv32i,memory_near_logic,asa_rv3d,_0298_,14,1,13,1,generated_control;generated_datapath;unclassified,infrastructure,0,0,0.000000,0.000000,0.000000,0.357741,0.357741,1.500,1.500000,424.780,30.341
riscv32i,memory_near_logic,asa_rv3d,_0301_,10,8,2,2,generated_control;unclassified,infrastructure,0,0,0.000000,0.000000,0.000000,0.371692,0.743385,1.200,2.400000,141.660,28.332
riscv32i,memory_near_logic,asa_rv3d,_0302_,3,1,2,1,generated_control;generated_datapath,infrastructure,0,0,0.000000,0.000000,0.000000,0.536009,0.536009,1.500,1.500000,7.320,2.440
riscv32i,memory_near_logic,asa_rv3d,_0303_,3,1,2,1,generated_control,infrastructure,0,0,0.000000,0.000000,0.000000,0.406430,0.406430,1.200,1.200000,40.420,13.473
riscv32i,memory_near_logic,asa_rv3d,_0321_,10,5,5,5,generated_control;generated_datapath,infrastructure,0,0,0.000000,0.000000,0.000000,0.303661,1.518306,1.500,7.500000,205.540,102.770
riscv32i,memory_near_logic,asa_rv3d,_0324_,2,1,1,1,generated_control,infrastructure,0,0,0.000000,0.000000,0.000000,0.190167,0.190167,1.200,1.200000,6.440,3.220
riscv32i,memory_near_logic,asa_rv3d,_0333_,15,1,14,1,generated_control;generated_datapath;unclassified,infrastructure,0,0,0.068214,1.000000,0.068214,0.368380,0.368380,1.500,1.500000,448.760,29.917
riscv32i,memory_near_logic,asa_rv3d,_0506_,9,5,4,4,generated_control;generated_datapath;unclassified,infrastructure,0,0,0.000000,0.000000,0.000000,0.326499,1.305995,1.500,6.000000,246.840,109.707
riscv32i,memory_near_logic,asa_rv3d,_0530_,14,3,11,3,generated_control;generated_datapath,infrastructure,0,0,0.000000,0.000000,0.000000,0.470667,1.412000,1.500,4.500000,208.560,44.691
riscv32i,memory_near_logic,asa_rv3d,_0558_,6,1,5,1,generated_control;generated_datapath,infrastructure,0,0,0.000000,0.000000,0.000000,0.465206,0.465206,1.500,1.500000,193.900,32.317
riscv32i,memory_near_logic,asa_rv3d,_0618_,5,3,2,2,generated_control;generated_datapath,infrastructure,0,0,0.000000,0.000000,0.000000,0.306807,0.613615,1.500,3.000000,132.520,53.008
riscv32i,memory_near_logic,asa_rv3d,_0621_,2,1,1,1,generated_control,infrastructure,0,0,0.000000,0.000000,0.000000,0.180918,0.180918,1.200,1.200000,15.600,7.800
riscv32i,memory_near_logic,asa_rv3d,_0637_,19,3,16,3,generated_control;generated_datapath,infrastructure,0,0,0.053426,1.000000,0.160279,0.503637,1.510912,1.500,4.500000,523.940,82.727
riscv32i,memory_near_logic,asa_rv3d,_0646_,8,1,7,1,generated_control;generated_datapath;unclassified,infrastructure,0,0,0.126425,1.000000,0.126425,0.443280,0.443280,1.500,1.500000,361.060,45.133
riscv32i,memory_near_logic,asa_rv3d,_0720_,2,1,1,1,generated_datapath,infrastructure,0,0,0.000000,0.000000,0.000000,0.283918,0.283918,1.500,1.500000,9.580,4.790
riscv32i,memory_near_logic,asa_rv3d,_0735_,3,2,1,1,generated_control;generated_datapath,infrastructure,0,0,0.000000,0.000000,0.000000,0.398659,0.398659,1.500,1.500000,32.720,10.907
riscv32i,memory_near_logic,asa_rv3d,_0770_,2,1,1,1,generated_control;generated_datapath,infrastructure,0,0,0.000000,0.000000,0.000000,0.546311,0.546311,1.500,1.500000,2.720,1.360
riscv32i,memory_near_logic,asa_rv3d,_0789_,4,1,3,1,generated_control;generated_datapath,infrastructure,0,0,0.000000,0.000000,0.000000,0.275718,0.275718,1.500,1.500000,124.380,31.095
riscv32i,memory_near_logic,asa_rv3d,_0816_,3,2,1,1,generated_control,infrastructure,0,0,0.333333,1.000000,0.333333,0.388290,0.388290,1.200,1.200000,19.160,6.387
riscv32i,memory_near_logic,asa_rv3d,_0823_,3,2,1,1,generated_control;generated_datapath,infrastructure,0,0,0.666667,1.000000,0.666667,0.364848,0.364848,1.500,1.500000,5.480,1.827
riscv32i,memory_near_logic,asa_rv3d,_0832_,5,4,1,1,generated_control;generated_datapath,infrastructure,0,0,0.000000,0.000000,0.000000,0.231162,0.231162,1.500,1.500000,27.700,5.540
riscv32i,memory_near_logic,asa_rv3d,_0859_,3,2,1,1,generated_control;unclassified,infrastructure,0,0,0.000000,0.000000,0.000000,0.177395,0.177395,1.200,1.200000,34.500,11.500
riscv32i,memory_near_logic,asa_rv3d,_0923_,2,1,1,1,generated_control;generated_datapath,infrastructure,0,0,0.000000,0.000000,0.000000,0.169227,0.169227,1.500,1.500000,4.560,2.280
riscv32i,memory_near_logic,asa_rv3d,_0928_,2,1,1,1,generated_control,infrastructure,0,0,0.000000,0.000000,0.000000,0.198309,0.198309,1.200,1.200000,6.860,3.430
riscv32i,memory_near_logic,asa_rv3d,_0948_,2,1,1,1,generated_control;generated_datapath,infrastructure,0,0,0.000000,0.000000,0.000000,0.546906,0.546906,1.500,1.500000,3.640,1.820
riscv32i,memory_near_logic,asa_rv3d,_0970_,2,1,1,1,generated_control,infrastructure,0,0,0.000000,0.000000,0.000000,0.143564,0.143564,1.200,1.200000,7.820,3.910
riscv32i,memory_near_logic,asa_rv3d,_1086_,3,2,1,1,execute_alu;generated_control;generated_datapath,datapath;infrastructure,0,0,0.000000,0.000000,0.000000,0.249529,0.249529,2.000,2.000000,96.480,32.160
riscv32i,memory_near_logic,asa_rv3d,_1167_,3,2,1,1,generated_control;generated_datapath,infrastructure,0,0,0.000000,0.000000,0.000000,0.303549,0.303549,1.500,1.500000,109.380,36.460
riscv32i,memory_near_logic,asa_rv3d,_1180_,3,2,1,1,generated_control;generated_datapath,infrastructure,0,0,0.000000,0.000000,0.000000,0.263042,0.263042,1.500,1.500000,43.180,14.393
riscv32i,memory_near_logic,asa_rv3d,_1187_,8,3,5,3,generated_control;generated_datapath;unclassified,infrastructure,0,0,0.000369,0.002951,0.001107,0.321842,0.965525,1.500,4.500000,181.920,68.220
riscv32i,memory_near_logic,asa_rv3d,_1194_,7,3,4,3,generated_control;generated_datapath,infrastructure,0,0,0.000000,0.000000,0.000000,0.315462,0.946387,1.500,4.500000,190.080,81.463
riscv32i,memory_near_logic,asa_rv3d,_1196_,2,1,1,1,generated_control;generated_datapath,infrastructure,0,0,0.000000,0.000000,0.000000,0.295300,0.295300,1.500,1.500000,10.040,5.020
riscv32i,memory_near_logic,asa_rv3d,_1201_,2,1,1,1,generated_control;generated_datapath,infrastructure,0,0,0.000000,0.000000,0.000000,0.532512,0.532512,1.500,1.500000,3.640,1.820
riscv32i,memory_near_logic,asa_rv3d,_1213_,2,1,1,1,generated_control;generated_datapath,infrastructure,0,0,0.000000,0.000000,0.000000,0.583549,0.583549,1.500,1.500000,5.440,2.720
riscv32i,memory_near_logic,asa_rv3d,_1214_,2,1,1,1,generated_control;generated_datapath,infrastructure,0,0,0.000000,0.000000,0.000000,0.450118,0.450118,1.500,1.500000,3.640,1.820
riscv32i,memory_near_logic,asa_rv3d,_1229_,3,2,1,1,generated_control;generated_datapath,infrastructure,0,0,0.000000,0.000000,0.000000,0.165938,0.165938,1.500,1.500000,71.220,23.740
riscv32i,memory_near_logic,asa_rv3d,_1251_,3,2,1,1,generated_control;generated_datapath,infrastructure,0,0,0.000000,0.000000,0.000000,0.262056,0.262056,1.500,1.500000,87.700,29.233
riscv32i,memory_near_logic,asa_rv3d,_1274_,3,2,1,1,generated_control;unclassified,infrastructure,0,0,0.000000,0.000000,0.000000,0.205505,0.205505,1.200,1.200000,68.960,22.987
riscv32i,memory_near_logic,asa_rv3d,_1375_,3,2,1,1,generated_control;generated_datapath,infrastructure,0,0,0.002075,0.003113,0.002075,0.399620,0.399620,1.500,1.500000,41.360,13.787
riscv32i,memory_near_logic,asa_rv3d,_1392_,3,2,1,1,generated_control;generated_datapath,infrastructure,0,0,0.002141,0.003212,0.002141,0.436181,0.436181,1.500,1.500000,166.860,55.620
riscv32i,memory_near_logic,asa_rv3d,_1426_,2,1,1,1,generated_control,infrastructure,0,0,0.000000,0.000000,0.000000,0.223720,0.223720,1.200,1.200000,14.220,7.110
riscv32i,memory_near_logic,asa_rv3d,_1436_,2,1,1,1,generated_control,infrastructure,0,0,0.000000,0.000000,0.000000,0.491825,0.491825,1.200,1.200000,8.280,4.140
riscv32i,memory_near_logic,asa_rv3d,_1458_,5,2,3,2,generated_control;generated_datapath,infrastructure,0,0,0.000000,0.000000,0.000000,0.475647,0.951294,1.500,3.000000,158.000,63.200
riscv32i,memory_near_logic,asa_rv3d,_1466_,2,1,1,1,generated_control;generated_datapath,infrastructure,0,0,0.000000,0.000000,0.000000,0.535431,0.535431,1.500,1.500000,10.880,5.440
riscv32i,memory_near_logic,asa_rv3d,_1467_,2,1,1,1,generated_control;generated_datapath,infrastructure,0,0,0.000000,0.000000,0.000000,0.471884,0.471884,1.500,1.500000,3.220,1.610
riscv32i,memory_near_logic,asa_rv3d,_1472_,2,1,1,1,generated_control;generated_datapath,infrastructure,0,0,0.000000,0.000000,0.000000,0.440834,0.440834,1.500,1.500000,2.300,1.150
riscv32i,memory_near_logic,asa_rv3d,_1477_,2,1,1,1,generated_control,infrastructure,0,0,0.000000,0.000000,0.000000,0.409607,0.409607,1.200,1.200000,21.960,10.980
riscv32i,memory_near_logic,asa_rv3d,_1528_,4,3,1,1,execute_alu;generated_control,datapath;infrastructure,0,0,0.000000,0.000000,0.000000,0.176655,0.176655,2.000,2.000000,140.260,35.065
riscv32i,memory_near_logic,asa_rv3d,_1551_,3,2,1,1,execute_alu;generated_control;unclassified,datapath;infrastructure,0,0,0.000000,0.000000,0.000000,0.179931,0.179931,2.000,2.000000,152.460,50.820
riscv32i,memory_near_logic,asa_rv3d,_1573_,2,1,1,1,generated_datapath;unclassified,infrastructure,0,0,0.000000,0.000000,0.000000,0.370125,0.370125,1.500,1.500000,9.580,4.790
riscv32i,memory_near_logic,asa_rv3d,_1575_,2,1,1,1,generated_control;generated_datapath,infrastructure,0,0,0.000000,0.000000,0.000000,0.443302,0.443302,1.500,1.500000,2.760,1.380
riscv32i,memory_near_logic,asa_rv3d,_1576_,2,1,1,1,generated_datapath;unclassified,infrastructure,0,0,0.000000,0.000000,0.000000,0.387602,0.387602,1.500,1.500000,17.700,8.850
riscv32i,memory_near_logic,asa_rv3d,_1590_,2,1,1,1,generated_control;generated_datapath,infrastructure,0,0,0.000000,0.000000,0.000000,0.556965,0.556965,1.500,1.500000,6.440,3.220
riscv32i,memory_near_logic,asa_rv3d,_1591_,2,1,1,1,generated_control;generated_datapath,infrastructure,0,0,0.000000,0.000000,0.000000,0.557875,0.557875,1.500,1.500000,20.960,10.480
riscv32i,memory_near_logic,asa_rv3d,_1592_,2,1,1,1,generated_datapath,infrastructure,0,0,0.000000,0.000000,0.000000,0.393196,0.393196,1.500,1.500000,6.900,3.450
riscv32i,memory_near_logic,asa_rv3d,_1595_,2,1,1,1,generated_control;generated_datapath,infrastructure,0,0,0.000000,0.000000,0.000000,0.552652,0.552652,1.500,1.500000,14.220,7.110
riscv32i,memory_near_logic,asa_rv3d,_1596_,2,1,1,1,generated_control;generated_datapath,infrastructure,0,0,0.000000,0.000000,0.000000,0.551821,0.551821,1.500,1.500000,4.560,2.280
riscv32i,memory_near_logic,asa_rv3d,_1597_,2,1,1,1,generated_datapath,infrastructure,0,0,0.000000,0.000000,0.000000,0.397923,0.397923,1.500,1.500000,5.900,2.950
riscv32i,memory_near_logic,asa_rv3d,_1600_,2,1,1,1,generated_control;generated_datapath,infrastructure,0,0,0.000000,0.000000,0.000000,0.518325,0.518325,1.500,1.500000,5.020,2.510
riscv32i,memory_near_logic,asa_rv3d,_1601_,2,1,1,1,generated_control;generated_datapath,infrastructure,0,0,0.000000,0.000000,0.000000,0.518892,0.518892,1.500,1.500000,14.060,7.030
riscv32i,memory_near_logic,asa_rv3d,_1602_,2,1,1,1,generated_datapath,infrastructure,0,0,0.001445,0.002891,0.001445,0.563887,0.563887,1.500,1.500000,3.220,1.610
riscv32i,memory_near_logic,asa_rv3d,_1606_,2,1,1,1,generated_control;generated_datapath,infrastructure,0,0,0.000000,0.000000,0.000000,0.546920,0.546920,1.500,1.500000,7.280,3.640
riscv32i,memory_near_logic,asa_rv3d,_1607_,2,1,1,1,generated_control;generated_datapath,infrastructure,0,0,0.000000,0.000000,0.000000,0.546887,0.546887,1.500,1.500000,9.160,4.580
riscv32i,memory_near_logic,asa_rv3d,_1608_,2,1,1,1,generated_datapath,infrastructure,0,0,0.000000,0.000000,0.000000,0.547597,0.547597,1.500,1.500000,1.840,0.920
riscv32i,memory_near_logic,asa_rv3d,_1643_,2,1,1,1,generated_control;unclassified,infrastructure,0,0,0.000000,0.000000,0.000000,0.268136,0.268136,1.200,1.200000,12.340,6.170
riscv32i,memory_near_logic,asa_rv3d,_1680_,2,1,1,1,generated_control,infrastructure,0,0,0.000000,0.000000,0.000000,0.238781,0.238781,1.200,1.200000,23.340,11.670
riscv32i,memory_near_logic,asa_rv3d,_1695_,4,3,1,1,generated_control;generated_datapath,infrastructure,0,0,0.000000,0.000000,0.000000,0.309459,0.309459,1.500,1.500000,198.140,49.535
riscv32i,memory_near_logic,asa_rv3d,_1712_,4,3,1,1,generated_control;generated_datapath,infrastructure,0,0,0.000000,0.000000,0.000000,0.248967,0.248967,1.500,1.500000,170.960,42.740
riscv32i,memory_near_logic,asa_rv3d,_1749_,3,2,1,1,generated_control;generated_datapath,infrastructure,0,0,0.000000,0.000000,0.000000,0.335436,0.335436,1.500,1.500000,243.380,81.127
riscv32i,memory_near_logic,asa_rv3d,_1766_,2,1,1,1,generated_control;generated_datapath,infrastructure,0,0,0.000000,0.000000,0.000000,0.166542,0.166542,1.500,1.500000,5.940,2.970
riscv32i,memory_near_logic,asa_rv3d,_1837_,2,1,1,1,generated_control,infrastructure,0,0,0.000000,0.000000,0.000000,0.226089,0.226089,1.200,1.200000,15.140,7.570
riscv32i,memory_near_logic,asa_rv3d,_1876_,3,2,1,1,execute_alu;generated_control;generated_datapath,datapath;infrastructure,0,0,0.000000,0.000000,0.000000,0.271773,0.271773,2.000,2.000000,254.800,84.933
riscv32i,memory_near_logic,asa_rv3d,_1887_,3,2,1,1,generated_control;generated_datapath,infrastructure,0,0,0.002047,0.003071,0.002047,0.394308,0.394308,1.500,1.500000,176.060,58.687
riscv32i,memory_near_logic,asa_rv3d,_1902_,2,1,1,1,generated_control;unclassified,infrastructure,0,0,0.000000,0.000000,0.000000,0.375370,0.375370,1.200,1.200000,8.240,4.120
riscv32i,memory_near_logic,asa_rv3d,_1903_,2,1,1,1,generated_control;unclassified,infrastructure,0,0,0.000000,0.000000,0.000000,0.398350,0.398350,1.200,1.200000,8.200,4.100
riscv32i,memory_near_logic,asa_rv3d,_1904_,2,1,1,1,generated_control,infrastructure,0,0,0.000000,0.000000,0.000000,0.454198,0.454198,1.200,1.200000,2.720,1.360
riscv32i,memory_near_logic,asa_rv3d,_1906_,2,1,1,1,generated_control;unclassified,infrastructure,0,0,0.000000,0.000000,0.000000,0.398422,0.398422,1.200,1.200000,5.900,2.950
riscv32i,memory_near_logic,asa_rv3d,_1907_,2,1,1,1,generated_control,infrastructure,0,0,0.000000,0.000000,0.000000,0.454201,0.454201,1.200,1.200000,11.000,5.500
riscv32i,memory_near_logic,asa_rv3d,_1908_,2,1,1,1,generated_control,infrastructure,0,0,0.000000,0.000000,0.000000,0.378996,0.378996,1.200,1.200000,47.680,23.840
riscv32i,memory_near_logic,asa_rv3d,_1912_,2,1,1,1,generated_datapath,infrastructure,0,0,0.000000,0.000000,0.000000,0.387665,0.387665,1.500,1.500000,5.480,2.740
riscv32i,memory_near_logic,asa_rv3d,_1913_,2,1,1,1,generated_control;generated_datapath,infrastructure,0,0,0.000000,0.000000,0.000000,0.533493,0.533493,1.500,1.500000,5.440,2.720
riscv32i,memory_near_logic,asa_rv3d,_1914_,2,1,1,1,generated_datapath;unclassified,infrastructure,0,0,0.000000,0.000000,0.000000,0.508467,0.508467,1.500,1.500000,8.200,4.100
riscv32i,memory_near_logic,asa_rv3d,_1922_,2,1,1,1,generated_datapath,infrastructure,0,0,0.000000,0.000000,0.000000,0.442903,0.442903,1.500,1.500000,9.540,4.770
riscv32i,memory_near_logic,asa_rv3d,_1934_,2,1,1,1,generated_control,infrastructure,0,0,0.000000,0.000000,0.000000,0.522657,0.522657,1.200,1.200000,26.440,13.220
riscv32i,memory_near_logic,asa_rv3d,_1935_,2,1,1,1,generated_control,infrastructure,0,0,0.000000,0.000000,0.000000,0.521643,0.521643,1.200,1.200000,9.080,4.540
riscv32i,memory_near_logic,asa_rv3d,_1936_,2,1,1,1,generated_control,infrastructure,0,0,0.000000,0.000000,0.000000,0.521968,0.521968,1.200,1.200000,11.380,5.690
riscv32i,memory_near_logic,asa_rv3d,_1937_,2,1,1,1,generated_control,infrastructure,0,0,0.000000,0.000000,0.000000,0.522450,0.522450,1.200,1.200000,16.820,8.410
riscv32i,memory_near_logic,asa_rv3d,_1938_,2,1,1,1,generated_control;generated_datapath,infrastructure,0,0,0.000000,0.000000,0.000000,0.510221,0.510221,1.500,1.500000,9.620,4.810
riscv32i,memory_near_logic,asa_rv3d,_1940_,2,1,1,1,generated_control,infrastructure,0,0,0.000000,0.000000,0.000000,0.471232,0.471232,1.200,1.200000,9.580,4.790
riscv32i,memory_near_logic,asa_rv3d,_1980_,2,1,1,1,generated_control;generated_datapath,infrastructure,0,0,0.000000,0.000000,0.000000,0.186096,0.186096,1.500,1.500000,11.420,5.710
riscv32i,memory_near_logic,asa_rv3d,_2064_,2,1,1,1,generated_control;generated_datapath,infrastructure,0,0,0.000000,0.000000,0.000000,0.263423,0.263423,1.500,1.500000,8.200,4.100
riscv32i,memory_near_logic,asa_rv3d,_2104_,2,1,1,1,generated_control;unclassified,infrastructure,0,0,0.000000,0.000000,0.000000,0.248215,0.248215,1.200,1.200000,19.740,9.870
riscv32i,memory_near_logic,asa_rv3d,_2123_,3,2,1,1,generated_control;generated_datapath,infrastructure,0,0,0.000000,0.000000,0.000000,0.265192,0.265192,1.500,1.500000,80.960,26.987
riscv32i,memory_near_logic,asa_rv3d,_2137_,3,2,1,1,generated_control;unclassified,infrastructure,0,0,0.000000,0.000000,0.000000,0.213074,0.213074,1.200,1.200000,102.080,34.027
riscv32i,memory_near_logic,asa_rv3d,_2138_,2,1,1,1,generated_control;generated_datapath,infrastructure,0,0,0.000000,0.000000,0.000000,0.487570,0.487570,1.500,1.500000,5.980,2.990
riscv32i,memory_near_logic,asa_rv3d,_2143_,2,1,1,1,generated_datapath,infrastructure,0,0,0.000000,0.000000,0.000000,0.184329,0.184329,1.500,1.500000,2.720,1.360
riscv32i,memory_near_logic,asa_rv3d,_2144_,2,1,1,1,generated_datapath,infrastructure,0,0,0.000000,0.000000,0.000000,0.206190,0.206190,1.500,1.500000,37.200,18.600
riscv32i,memory_near_logic,asa_rv3d,_2153_,2,1,1,1,generated_datapath,infrastructure,0,0,0.000000,0.000000,0.000000,0.377654,0.377654,1.500,1.500000,3.220,1.610
riscv32i,memory_near_logic,asa_rv3d,_2156_,2,1,1,1,generated_control;unclassified,infrastructure,0,0,0.000000,0.000000,0.000000,0.400400,0.400400,1.200,1.200000,24.720,12.360
riscv32i,memory_near_logic,asa_rv3d,_2157_,2,1,1,1,generated_control,infrastructure,0,0,0.000000,0.000000,0.000000,0.456316,0.456316,1.200,1.200000,19.200,9.600
riscv32i,memory_near_logic,asa_rv3d,_2159_,2,1,1,1,generated_control;unclassified,infrastructure,0,0,0.000000,0.000000,0.000000,0.400169,0.400169,1.200,1.200000,8.660,4.330
riscv32i,memory_near_logic,asa_rv3d,_2160_,2,1,1,1,generated_control,infrastructure,0,0,0.000000,0.000000,0.000000,0.456330,0.456330,1.200,1.200000,16.820,8.410
riscv32i,memory_near_logic,asa_rv3d,_2161_,2,1,1,1,generated_control;unclassified,infrastructure,0,0,0.000000,0.000000,0.000000,0.338344,0.338344,1.200,1.200000,53.100,26.550
riscv32i,memory_near_logic,asa_rv3d,_2168_,2,1,1,1,generated_control;generated_datapath,infrastructure,0,0,0.000000,0.000000,0.000000,0.467961,0.467961,1.500,1.500000,16.320,8.160
riscv32i,memory_near_logic,asa_rv3d,_2170_,2,1,1,1,generated_control;generated_datapath,infrastructure,0,0,0.000000,0.000000,0.000000,0.424789,0.424789,1.500,1.500000,3.180,1.590
riscv32i,memory_near_logic,asa_rv3d,_2172_,2,1,1,1,generated_control,infrastructure,0,0,0.000000,0.000000,0.000000,0.494149,0.494149,1.200,1.200000,16.360,8.180
riscv32i,memory_near_logic,asa_rv3d,_2173_,2,1,1,1,generated_control,infrastructure,0,0,0.000000,0.000000,0.000000,0.495443,0.495443,1.200,1.200000,24.140,12.070
riscv32i,memory_near_logic,asa_rv3d,_2174_,2,1,1,1,generated_control,infrastructure,0,0,0.000000,0.000000,0.000000,0.494512,0.494512,1.200,1.200000,18.280,9.140
riscv32i,memory_near_logic,asa_rv3d,_2175_,2,1,1,1,generated_control,infrastructure,0,0,0.000000,0.000000,0.000000,0.494015,0.494015,1.200,1.200000,7.740,3.870
riscv32i,memory_near_logic,asa_rv3d,_2176_,2,1,1,1,generated_control;generated_datapath,infrastructure,0,0,0.000000,0.000000,0.000000,0.474464,0.474464,1.500,1.500000,16.860,8.430
riscv32i,memory_near_logic,asa_rv3d,_2207_,2,1,1,1,generated_datapath,infrastructure,0,0,0.000000,0.000000,0.000000,0.443040,0.443040,1.500,1.500000,4.140,2.070
riscv32i,memory_near_logic,asa_rv3d,_2211_,2,1,1,1,generated_datapath,infrastructure,0,0,0.000000,0.000000,0.000000,0.375733,0.375733,1.500,1.500000,6.900,3.450
riscv32i,memory_near_logic,asa_rv3d,_2212_,2,1,1,1,generated_control;generated_datapath,infrastructure,0,0,0.000000,0.000000,0.000000,0.533496,0.533496,1.500,1.500000,5.020,2.510
riscv32i,memory_near_logic,asa_rv3d,_2213_,2,1,1,1,generated_datapath;unclassified,infrastructure,0,0,0.000000,0.000000,0.000000,0.507818,0.507818,1.500,1.500000,2.720,1.360
riscv32i,memory_near_logic,asa_rv3d,_2247_,3,2,1,1,generated_control;generated_datapath;unclassified,infrastructure,0,0,0.000000,0.000000,0.000000,0.222592,0.222592,1.500,1.500000,37.900,12.633
riscv32i,memory_near_logic,asa_rv3d,_3686_,2,1,1,1,generated_control;generated_datapath,infrastructure,0,0,0.000000,0.000000,0.000000,0.233959,0.233959,1.500,1.500000,3.180,1.590
riscv32i,memory_near_logic,asa_rv3d,clknet_0_clk,9,1,8,1,clock_reset,control,0,1,0.000000,0.000000,0.000000,0.612172,0.612172,5.000,5.000000,431.540,47.949
riscv32i,memory_near_logic,asa_rv3d,clknet_3_2__leaf_clk,16,1,15,1,clock_reset,control,0,1,0.000000,0.000000,0.000000,0.527730,0.527730,5.000,5.000000,268.320,16.770
riscv32i,memory_near_logic,asa_rv3d,clknet_3_3__leaf_clk,13,1,12,1,clock_reset;generated_control,control;infrastructure,0,1,0.000000,0.000000,0.000000,0.520873,0.520873,5.000,5.000000,284.020,21.848
riscv32i,memory_near_logic,asa_rv3d,clknet_3_5__leaf_clk,16,5,11,5,clock_reset,control,0,1,0.000000,0.000000,0.000000,0.496319,2.481596,5.000,25.000000,195.020,60.944
riscv32i,memory_near_logic,asa_rv3d,clknet_3_6__leaf_clk,10,3,7,3,clock_reset,control,0,1,0.000000,0.000000,0.000000,0.472452,1.417355,5.000,15.000000,167.160,50.148
riscv32i,memory_near_logic,asa_rv3d,clknet_leaf_39_clk,11,4,7,4,clock_reset;pipeline_state,control,0,1,0.005504,0.016573,0.022017,0.093197,0.372786,5.000,20.000000,2.760,1.004
riscv32i,memory_near_logic,asa_rv3d,clknet_leaf_41_clk,15,10,5,5,clock_reset;pipeline_state,control,0,1,0.008475,0.014268,0.042374,0.051814,0.259072,5.000,25.000000,0.000,0.000
riscv32i,memory_near_logic,asa_rv3d,clknet_leaf_52_clk,12,8,4,4,clock_reset;pipeline_state,control,0,1,0.000000,0.000000,0.000000,0.085051,0.340203,5.000,20.000000,5.940,1.980
riscv32i,memory_near_logic,asa_rv3d,clknet_leaf_53_clk,13,9,4,4,clock_reset;pipeline_state,control,0,1,0.000000,0.000000,0.000000,0.080628,0.322513,5.000,20.000000,1.380,0.425
riscv32i,memory_near_logic,asa_rv3d,clknet_leaf_56_clk,13,1,12,1,clock_reset;pipeline_state,control,0,1,0.000000,0.000000,0.000000,0.082209,0.082209,5.000,5.000000,1.380,0.106
riscv32i,memory_near_logic,asa_rv3d,clknet_leaf_62_clk,10,3,7,3,clock_reset;generated_control;pipeline_state,control;infrastructure,0,1,0.000000,0.000000,0.000000,0.099822,0.299465,5.000,15.000000,7.320,2.196
riscv32i,memory_near_logic,asa_rv3d,clknet_leaf_64_clk,7,1,6,1,clock_reset;generated_control;pipeline_state,control;infrastructure,0,1,0.004493,0.014270,0.004493,0.132901,0.132901,5.000,5.000000,2.720,0.389
riscv32i,memory_near_logic,asa_rv3d,clknet_leaf_67_clk,12,1,11,1,clock_reset;pipeline_state,control,0,1,0.000244,0.002926,0.000244,0.090103,0.090103,5.000,5.000000,1.380,0.115
riscv32i,memory_near_logic,asa_rv3d,dp.result2[0],2,1,1,1,execute_alu,datapath,0,0,0.458931,0.458931,0.458931,0.153044,0.153044,2.000,2.000000,12.760,6.380
riscv32i,memory_near_logic,asa_rv3d,dp.result2[10],2,1,1,1,execute_alu,datapath,0,0,0.000000,0.000000,0.000000,0.196524,0.196524,2.000,2.000000,24.220,12.110
riscv32i,memory_near_logic,asa_rv3d,dp.result2[11],2,1,1,1,execute_alu,datapath,0,0,0.000000,0.000000,0.000000,0.224477,0.224477,2.000,2.000000,11.500,5.750
riscv32i,memory_near_logic,asa_rv3d,dp.result2[12],2,1,1,1,execute_alu,datapath,0,0,0.000000,0.000000,0.000000,0.126955,0.126955,2.000,2.000000,9.200,4.600
riscv32i,memory_near_logic,asa_rv3d,dp.result2[13],2,1,1,1,execute_alu,datapath,0,0,0.000000,0.000000,0.000000,0.252639,0.252639,2.000,2.000000,7.820,3.910
riscv32i,memory_near_logic,asa_rv3d,dp.result2[14],2,1,1,1,execute_alu,datapath,0,0,0.000000,0.000000,0.000000,0.201078,0.201078,2.000,2.000000,55.540,27.770
riscv32i,memory_near_logic,asa_rv3d,dp.result2[15],2,1,1,1,execute_alu,datapath,0,0,0.000000,0.000000,0.000000,0.203068,0.203068,2.000,2.000000,25.640,12.820
riscv32i,memory_near_logic,asa_rv3d,dp.result2[18],2,1,1,1,execute_alu,datapath,0,0,0.000000,0.000000,0.000000,0.244933,0.244933,2.000,2.000000,3.180,1.590
riscv32i,memory_near_logic,asa_rv3d,dp.result2[19],2,1,1,1,execute_alu,datapath,0,0,0.000000,0.000000,0.000000,0.246590,0.246590,2.000,2.000000,8.620,4.310
riscv32i,memory_near_logic,asa_rv3d,dp.result2[1],33,1,32,1,execute_alu,datapath,0,0,0.000258,0.008506,0.000258,0.158935,0.158935,2.000,2.000000,0.000,0.000
riscv32i,memory_near_logic,asa_rv3d,dp.result2[21],2,1,1,1,execute_alu,datapath,0,0,0.000000,0.000000,0.000000,0.244628,0.244628,2.000,2.000000,4.100,2.050
riscv32i,memory_near_logic,asa_rv3d,dp.result2[22],2,1,1,1,execute_alu,datapath,0,0,0.000000,0.000000,0.000000,0.253497,0.253497,2.000,2.000000,8.740,4.370
riscv32i,memory_near_logic,asa_rv3d,dp.result2[23],2,1,1,1,execute_alu,datapath,0,0,0.000000,0.000000,0.000000,0.228421,0.228421,2.000,2.000000,46.920,23.460
riscv32i,memory_near_logic,asa_rv3d,dp.result2[24],2,1,1,1,execute_alu,datapath,0,0,0.000000,0.000000,0.000000,0.211911,0.211911,2.000,2.000000,47.660,23.830
riscv32i,memory_near_logic,asa_rv3d,dp.result2[25],5,1,4,1,clock_reset;execute_alu,control;datapath,1,1,0.000000,0.000000,0.000000,0.218985,0.218985,5.000,5.000000,170.920,34.184
riscv32i,memory_near_logic,asa_rv3d,dp.result2[26],2,1,1,1,execute_alu,datapath,0,0,0.000000,0.000000,0.000000,0.253187,0.253187,2.000,2.000000,5.440,2.720
riscv32i,memory_near_logic,asa_rv3d,dp.result2[27],2,1,1,1,execute_alu,datapath,0,0,0.000000,0.000000,0.000000,0.224822,0.224822,2.000,2.000000,62.900,31.450
riscv32i,memory_near_logic,asa_rv3d,dp.result2[29],5,1,4,1,clock_reset;execute_alu,control;datapath,1,1,0.000000,0.000000,0.000000,0.169097,0.169097,5.000,5.000000,150.340,30.068
riscv32i,memory_near_logic,asa_rv3d,dp.result2[2],33,1,32,1,execute_alu,datapath,0,0,0.000000,0.000000,0.000000,0.159512,0.159512,2.000,2.000000,0.000,0.000
riscv32i,memory_near_logic,asa_rv3d,dp.result2[31],2,1,1,1,execute_alu,datapath,0,0,0.000000,0.000000,0.000000,0.149145,0.149145,2.000,2.000000,18.360,9.180
riscv32i,memory_near_logic,asa_rv3d,dp.result2[3],2,1,1,1,execute_alu,datapath,0,0,0.000000,0.000000,0.000000,0.205598,0.205598,2.000,2.000000,5.520,2.760
riscv32i,memory_near_logic,asa_rv3d,dp.result2[4],33,1,32,1,execute_alu,datapath,0,0,0.000091,0.002998,0.000091,0.161231,0.161231,2.000,2.000000,0.000,0.000
riscv32i,memory_near_logic,asa_rv3d,dp.result2[5],2,1,1,1,execute_alu,datapath,0,0,0.000000,0.000000,0.000000,0.220026,0.220026,2.000,2.000000,5.520,2.760
riscv32i,memory_near_logic,asa_rv3d,dp.result2[6],2,1,1,1,execute_alu,datapath,0,0,0.000000,0.000000,0.000000,0.252520,0.252520,2.000,2.000000,7.820,3.910
riscv32i,memory_near_logic,asa_rv3d,dp.result2[7],33,1,32,1,execute_alu,datapath,0,0,0.000000,0.000000,0.000000,0.155757,0.155757,2.000,2.000000,0.000,0.000
riscv32i,memory_near_logic,asa_rv3d,dp.result2[8],2,1,1,1,execute_alu,datapath,0,0,0.000000,0.000000,0.000000,0.127271,0.127271,2.000,2.000000,26.400,13.200
riscv32i,memory_near_logic,asa_rv3d,dp.result2[9],2,1,1,1,execute_alu,datapath,0,0,0.000000,0.000000,0.000000,0.231211,0.231211,2.000,2.000000,39.920,19.960
riscv32i,memory_near_logic,asa_rv3d,dp.rf.rf[0][29],2,1,1,1,generated_control;pipeline_state,control;infrastructure,0,0,0.000000,0.000000,0.000000,0.216587,0.216587,3.000,3.000000,0.000,0.000
riscv32i,memory_near_logic,asa_rv3d,dp.rf.rf[0][30],2,1,1,1,generated_control;pipeline_state,control;infrastructure,0,0,0.000000,0.000000,0.000000,0.273189,0.273189,3.000,3.000000,0.000,0.000
riscv32i,memory_near_logic,asa_rv3d,dp.rf.rf[16][20],3,2,1,1,generated_control;pipeline_state,control;infrastructure,0,0,0.000000,0.000000,0.000000,0.211015,0.211015,3.000,3.000000,13.260,4.420
riscv32i,memory_near_logic,asa_rv3d,dp.rf.rf[17][20],3,2,1,1,generated_control;pipeline_state,control;infrastructure,0,0,0.000000,0.000000,0.000000,0.210794,0.210794,3.000,3.000000,12.760,4.253
riscv32i,memory_near_logic,asa_rv3d,dp.rf.rf[18][16],3,2,1,1,generated_control;generated_datapath;pipeline_state,control;infrastructure,0,0,0.000000,0.000000,0.000000,0.389765,0.389765,3.000,3.000000,6.360,2.120
riscv32i,memory_near_logic,asa_rv3d,dp.rf.rf[18][20],3,1,2,1,generated_control;generated_datapath;pipeline_state,control;infrastructure,0,0,0.000000,0.000000,0.000000,0.380996,0.380996,3.000,3.000000,4.560,1.520
riscv32i,memory_near_logic,asa_rv3d,dp.rf.rf[19][16],3,2,1,1,generated_control;generated_datapath;pipeline_state,control;infrastructure,0,0,0.000000,0.000000,0.000000,0.389765,0.389765,3.000,3.000000,6.360,2.120
riscv32i,memory_near_logic,asa_rv3d,dp.rf.rf[19][17],3,2,1,1,generated_control;generated_datapath;pipeline_state,control;infrastructure,0,0,0.000000,0.000000,0.000000,0.381145,0.381145,3.000,3.000000,8.700,2.900
riscv32i,memory_near_logic,asa_rv3d,dp.rf.rf[19][20],3,1,2,1,generated_control;generated_datapath;pipeline_state,control;infrastructure,0,0,0.000000,0.000000,0.000000,0.380996,0.380996,3.000,3.000000,4.560,1.520
riscv32i,memory_near_logic,asa_rv3d,dp.rf.rf[19][30],3,2,1,1,generated_control;pipeline_state,control;infrastructure,0,0,0.000000,0.000000,0.000000,0.314312,0.314312,3.000,3.000000,9.580,3.193
riscv32i,memory_near_logic,asa_rv3d,dp.rf.rf[1][20],3,2,1,1,generated_control;generated_datapath;pipeline_state,control;infrastructure,0,0,0.000000,0.000000,0.000000,0.376631,0.376631,3.000,3.000000,8.240,2.747
riscv32i,memory_near_logic,asa_rv3d,dp.rf.rf[1][30],3,1,2,1,generated_control;generated_datapath;pipeline_state,control;infrastructure,0,0,0.000000,0.000000,0.000000,0.397241,0.397241,3.000,3.000000,14.680,4.893
riscv32i,memory_near_logic,asa_rv3d,dp.rf.rf[22][28],3,2,1,1,generated_control;pipeline_state,control;infrastructure,0,0,0.000000,0.000000,0.000000,0.327097,0.327097,3.000,3.000000,3.640,1.213
riscv32i,memory_near_logic,asa_rv3d,dp.rf.rf[23][28],3,2,1,1,generated_control;pipeline_state,control;infrastructure,0,0,0.000000,0.000000,0.000000,0.327097,0.327097,3.000,3.000000,3.640,1.213
riscv32i,memory_near_logic,asa_rv3d,dp.rf.rf[27][17],3,2,1,1,generated_control;generated_datapath;pipeline_state,control;infrastructure,0,0,0.000000,0.000000,0.000000,0.361583,0.361583,3.000,3.000000,5.440,1.813
riscv32i,memory_near_logic,asa_rv3d,dp.rf.rf[2][17],3,2,1,1,generated_control;generated_datapath;pipeline_state,control;infrastructure,0,0,0.000000,0.000000,0.000000,0.374192,0.374192,3.000,3.000000,12.340,4.113
riscv32i,memory_near_logic,asa_rv3d,dp.rf.rf[2][30],3,1,2,1,generated_control;pipeline_state,control;infrastructure,0,0,0.000000,0.000000,0.000000,0.355950,0.355950,3.000,3.000000,7.280,2.427
riscv32i,memory_near_logic,asa_rv3d,dp.rf.rf[3][30],3,1,2,1,generated_control;pipeline_state,control;infrastructure,0,0,0.000000,0.000000,0.000000,0.357139,0.357139,3.000,3.000000,7.280,2.427
riscv32i,memory_near_logic,asa_rv3d,dp.rf.rf[6][30],3,2,1,1,generated_control;pipeline_state,control;infrastructure,0,0,0.000000,0.000000,0.000000,0.321483,0.321483,3.000,3.000000,2.720,0.907
riscv32i,memory_near_logic,asa_rv3d,dp.rf.rf[7][30],3,2,1,1,generated_control;pipeline_state,control;infrastructure,0,0,0.000000,0.000000,0.000000,0.321483,0.321483,3.000,3.000000,2.720,0.907
riscv32i,memory_near_logic,asa_rv3d,dp.rf.rf[9][12],3,1,2,1,generated_control;pipeline_state,control;infrastructure,0,0,0.000000,0.000000,0.000000,0.327325,0.327325,3.000,3.000000,7.320,2.440
riscv32i,memory_near_logic,asa_rv3d,dp.rf.rf[9][20],3,2,1,1,generated_control;pipeline_state,control;infrastructure,0,0,0.000000,0.000000,0.000000,0.307240,0.307240,3.000,3.000000,1.380,0.460
riscv32i,memory_near_logic,asa_rv3d,net1260,3,2,1,1,generated_control;generated_datapath,infrastructure,0,0,0.002033,0.003050,0.002033,0.262354,0.262354,1.500,1.500000,77.860,25.953
riscv32i,memory_near_logic,asa_rv3d,net1262,25,5,20,5,execute_alu;generated_control;pipeline_state,control;datapath;infrastructure,1,0,0.000691,0.014264,0.003457,0.041815,0.209074,3.000,15.000000,0.000,0.000
riscv32i,memory_near_logic,asa_rv3d,net1263,17,5,12,5,generated_control;pipeline_state,control;infrastructure,0,0,0.000000,0.000000,0.000000,0.034890,0.174450,3.000,15.000000,0.000,0.000
riscv32i,memory_near_logic,asa_rv3d,net1264,33,5,28,5,execute_alu;generated_control;pipeline_state,control;datapath;infrastructure,1,0,0.000436,0.014388,0.002180,0.043430,0.217149,3.000,15.000000,0.000,0.000
riscv32i,memory_near_logic,asa_rv3d,net1265,25,5,20,5,execute_alu;generated_control;pipeline_state,control;datapath;infrastructure,1,0,0.000571,0.014264,0.002853,0.041997,0.209987,3.000,15.000000,0.000,0.000
riscv32i,memory_near_logic,asa_rv3d,net1266,33,5,28,5,execute_alu;generated_control;pipeline_state,control;datapath;infrastructure,1,0,0.000436,0.014384,0.002179,0.043379,0.216895,3.000,15.000000,0.000,0.000
riscv32i,memory_near_logic,asa_rv3d,net1267,33,5,28,5,execute_alu;generated_control;pipeline_state,control;datapath;infrastructure,1,0,0.030395,1.000000,0.151977,0.043385,0.216926,3.000,15.000000,0.000,0.000
riscv32i,memory_near_logic,asa_rv3d,net1268,33,5,28,5,execute_alu;generated_control;pipeline_state,control;datapath;infrastructure,1,0,0.000848,0.014352,0.004241,0.043260,0.216299,3.000,15.000000,0.000,0.000
riscv32i,memory_near_logic,asa_rv3d,net1269,33,5,28,5,execute_alu;generated_control;pipeline_state,control;datapath;infrastructure,1,0,0.000868,0.014387,0.004341,0.043411,0.217057,3.000,15.000000,0.000,0.000
riscv32i,memory_near_logic,asa_rv3d,net1270,23,5,18,5,execute_alu;generated_control;pipeline_state,control;datapath;infrastructure,1,0,0.000620,0.014264,0.003101,0.038528,0.192638,3.000,15.000000,0.000,0.000
riscv32i,memory_near_logic,asa_rv3d,net1271,33,5,28,5,execute_alu;generated_control;pipeline_state,control;datapath;infrastructure,1,0,0.001135,0.014315,0.005673,0.043397,0.216985,3.000,15.000000,0.000,0.000
riscv32i,memory_near_logic,asa_rv3d,net1272,33,5,28,5,execute_alu;generated_control;pipeline_state,control;datapath;infrastructure,1,0,0.001200,0.014355,0.006002,0.043224,0.216118,3.000,15.000000,0.000,0.000
riscv32i,memory_near_logic,asa_rv3d,net1273,25,5,20,5,execute_alu;generated_control;pipeline_state,control;datapath;infrastructure,1,0,0.000000,0.000000,0.000000,0.034654,0.173272,3.000,15.000000,0.000,0.000
riscv32i,memory_near_logic,asa_rv3d,net1274,33,5,28,5,execute_alu;generated_control;pipeline_state,control;datapath;infrastructure,1,0,0.000868,0.014365,0.004338,0.043157,0.215784,3.000,15.000000,0.000,0.000
riscv32i,memory_near_logic,asa_rv3d,net1275,33,5,28,5,execute_alu;generated_control;pipeline_state,control;datapath;infrastructure,1,0,0.000849,0.014374,0.004243,0.043167,0.215833,3.000,15.000000,0.000,0.000
riscv32i,memory_near_logic,asa_rv3d,net1276,27,5,22,5,execute_alu;generated_control;pipeline_state,control;datapath;infrastructure,1,0,0.000727,0.013675,0.003636,0.042320,0.211602,3.000,15.000000,0.000,0.000
riscv32i,memory_near_logic,asa_rv3d,net1277,33,5,28,5,execute_alu;generated_control;pipeline_state,control;datapath;infrastructure,1,0,0.000435,0.014343,0.002173,0.043423,0.217114,3.000,15.000000,0.000,0.000
riscv32i,memory_near_logic,asa_rv3d,net1278,27,5,22,5,execute_alu;generated_control;pipeline_state,control;datapath;infrastructure,1,0,0.000507,0.013678,0.002533,0.042364,0.211818,3.000,15.000000,0.000,0.000
riscv32i,memory_near_logic,asa_rv3d,net1279,27,5,22,5,execute_alu;generated_control;pipeline_state,control;datapath;infrastructure,1,0,0.000530,0.014307,0.002649,0.042316,0.211579,3.000,15.000000,0.000,0.000
riscv32i,memory_near_logic,asa_rv3d,net1280,27,5,22,5,execute_alu;generated_control;pipeline_state,control;datapath;infrastructure,1,0,0.000216,0.002941,0.001079,0.042335,0.211673,3.000,15.000000,0.000,0.000
riscv32i,memory_near_logic,asa_rv3d,net1281,33,5,28,5,execute_alu;generated_control;pipeline_state,control;datapath;infrastructure,1,0,0.000435,0.014353,0.002175,0.043436,0.217182,3.000,15.000000,0.000,0.000
riscv32i,memory_near_logic,asa_rv3d,net1282,27,5,22,5,execute_alu;generated_control;pipeline_state,control;datapath;infrastructure,1,0,0.000614,0.016573,0.003069,0.042262,0.211312,3.000,15.000000,0.000,0.000
riscv32i,memory_near_logic,asa_rv3d,net1283,27,5,22,5,execute_alu;generated_control;pipeline_state,control;datapath;infrastructure,1,0,0.000507,0.013679,0.002533,0.042269,0.211344,3.000,15.000000,0.000,0.000
riscv32i,memory_near_logic,asa_rv3d,net1284,27,5,22,5,execute_alu;generated_control;pipeline_state,control;datapath;infrastructure,1,0,0.000507,0.013678,0.002533,0.042285,0.211425,3.000,15.000000,0.000,0.000
riscv32i,memory_near_logic,asa_rv3d,net1285,33,4,29,4,execute_alu;generated_control;pipeline_state,control;datapath;infrastructure,1,0,0.000435,0.014370,0.001742,0.043194,0.172776,3.000,12.000000,0.000,0.000
riscv32i,memory_near_logic,asa_rv3d,net1286,27,5,22,5,execute_alu;generated_control;pipeline_state,control;datapath;infrastructure,1,0,0.000620,0.013677,0.003101,0.042227,0.211135,3.000,15.000000,0.000,0.000
riscv32i,memory_near_logic,asa_rv3d,net1288,33,5,28,5,execute_alu;generated_control;pipeline_state,control;datapath;infrastructure,1,0,0.000868,0.014389,0.004342,0.043434,0.217170,3.000,15.000000,0.000,0.000
riscv32i,memory_near_logic,asa_rv3d,net1289,33,5,28,5,execute_alu;generated_control;pipeline_state,control;datapath;infrastructure,1,0,0.000433,0.014283,0.002164,0.043434,0.217170,3.000,15.000000,0.000,0.000
riscv32i,memory_near_logic,asa_rv3d,net1290,33,5,28,5,execute_alu;generated_control;pipeline_state,control;datapath;infrastructure,1,0,0.000435,0.014345,0.002173,0.043429,0.217146,3.000,15.000000,0.000,0.000
riscv32i,memory_near_logic,asa_rv3d,net1291,33,4,29,4,execute_alu;generated_control;pipeline_state,control;datapath;infrastructure,1,0,0.000435,0.014355,0.001740,0.043199,0.172795,3.000,12.000000,0.000,0.000
riscv32i,memory_near_logic,asa_rv3d,net1373,3,2,1,1,generated_control,infrastructure,0,0,0.000000,0.000000,0.000000,0.215591,0.215591,1.200,1.200000,178.780,59.593
riscv32i,memory_near_logic,asa_rv3d,net1386,3,2,1,1,generated_control,infrastructure,0,0,0.001946,0.002919,0.001946,0.246827,0.246827,1.200,1.200000,92.040,30.680
riscv32i,memory_near_logic,asa_rv3d,net1402,33,5,28,5,execute_alu;generated_control;pipeline_state,control;datapath;infrastructure,1,0,0.001037,0.014374,0.005183,0.043417,0.217085,3.000,15.000000,0.000,0.000
riscv32i,memory_near_logic,asa_rv3d,net1411,3,2,1,1,generated_control,infrastructure,0,0,0.001961,0.002941,0.001961,0.268243,0.268243,1.200,1.200000,154.940,51.647
riscv32i,memory_near_logic,asa_rv3d,net1416,3,2,1,1,generated_control,infrastructure,0,0,0.001965,0.002948,0.001965,0.298617,0.298617,1.200,1.200000,194.400,64.800
riscv32i,memory_near_logic,asa_rv3d,net1418,3,2,1,1,generated_control,infrastructure,0,0,0.002007,0.003011,0.002007,0.321951,0.321951,1.200,1.200000,294.100,98.033
riscv32i,memory_near_logic,asa_rv3d,net1420,3,2,1,1,generated_control,infrastructure,0,0,0.002013,0.003019,0.002013,0.333366,0.333366,1.200,1.200000,276.700,92.233
riscv32i,memory_near_logic,asa_rv3d,net1428,3,2,1,1,generated_control,infrastructure,0,0,0.001925,0.002888,0.001925,0.277544,0.277544,1.200,1.200000,131.060,43.687
riscv32i,memory_near_logic,asa_rv3d,net1431,3,2,1,1,generated_control;generated_datapath,infrastructure,0,0,0.001967,0.002951,0.001967,0.258183,0.258183,1.500,1.500000,70.300,23.433
riscv32i,memory_near_logic,asa_rv3d,net1433,3,2,1,1,generated_control,infrastructure,0,0,0.000000,0.000000,0.000000,0.150238,0.150238,1.200,1.200000,53.420,17.807
riscv32i,memory_near_logic,asa_rv3d,net1438,3,2,1,1,generated_control,infrastructure,0,0,0.001928,0.002892,0.001928,0.287033,0.287033,1.200,1.200000,210.980,70.327
riscv32i,memory_near_logic,asa_rv3d,net1441,3,2,1,1,generated_control,infrastructure,0,0,0.001951,0.002926,0.001951,0.251117,0.251117,1.200,1.200000,92.900,30.967
riscv32i,memory_near_logic,asa_rv3d,net1443,4,2,2,2,generated_control;generated_datapath,infrastructure,0,0,0.027612,0.055224,0.055224,0.309088,0.618177,1.500,3.000000,223.240,111.620
riscv32i,memory_near_logic,asa_rv3d,net1450,3,2,1,1,generated_control,infrastructure,0,0,0.002014,0.003021,0.002014,0.297279,0.297279,1.200,1.200000,186.060,62.020
riscv32i,memory_near_logic,asa_rv3d,net1455,3,2,1,1,generated_control,infrastructure,0,0,0.001999,0.002998,0.001999,0.277020,0.277020,1.200,1.200000,123.200,41.067
riscv32i,memory_near_logic,asa_rv3d,net1463,14,4,10,4,generated_control;generated_datapath,infrastructure,0,0,0.000000,0.000000,0.000000,0.424195,1.696780,1.500,6.000000,394.860,112.817
riscv32i,memory_near_logic,asa_rv3d,net1465,10,1,9,1,generated_control;generated_datapath,infrastructure,0,0,0.000000,0.000000,0.000000,0.366626,0.366626,1.500,1.500000,396.400,39.640
riscv32i,memory_near_logic,asa_rv3d,net1472,19,4,15,4,generated_control;generated_datapath;unclassified,infrastructure,0,0,0.004347,0.055224,0.017389,0.479066,1.916266,1.500,6.000000,509.300,107.221
riscv32i,memory_near_logic,asa_rv3d,net1474,46,33,13,13,generated_control;generated_datapath;unclassified,infrastructure,0,0,0.000000,0.000000,0.000000,0.528839,6.874909,1.500,19.500000,491.880,139.010
riscv32i,memory_near_logic,asa_rv3d,net1481,29,5,24,5,generated_control;generated_datapath;unclassified,infrastructure,0,0,0.000000,0.000000,0.000000,0.479010,2.395049,1.500,7.500000,475.140,81.921
riscv32i,memory_near_logic,asa_rv3d,net1482,37,1,36,1,generated_control;generated_datapath,infrastructure,0,0,0.000000,0.000000,0.000000,0.595588,0.595588,1.500,1.500000,427.640,11.558
riscv32i,memory_near_logic,asa_rv3d,net1485,35,1,34,1,generated_control;generated_datapath,infrastructure,0,0,0.000000,0.000000,0.000000,0.632478,0.632478,1.500,1.500000,544.140,15.547
riscv32i,memory_near_logic,asa_rv3d,net1487,35,17,18,17,generated_control;generated_datapath;unclassified,infrastructure,0,0,0.000000,0.000000,0.000000,0.508206,8.639504,1.500,25.500000,465.600,226.149
riscv32i,memory_near_logic,asa_rv3d,net1501,2,1,1,1,generated_control;generated_datapath,infrastructure,0,0,0.000000,0.000000,0.000000,0.370447,0.370447,1.500,1.500000,2.760,1.380
riscv32i,memory_near_logic,asa_rv3d,net1502,2,1,1,1,generated_control;generated_datapath,infrastructure,0,0,0.000000,0.000000,0.000000,0.371520,0.371520,1.500,1.500000,2.760,1.380
riscv32i,memory_near_logic,asa_rv3d,net1503,2,1,1,1,generated_control;generated_datapath,infrastructure,0,0,0.000000,0.000000,0.000000,0.370194,0.370194,1.500,1.500000,4.560,2.280
riscv32i,memory_near_logic,asa_rv3d,net1509,2,1,1,1,generated_control;generated_datapath,infrastructure,0,0,0.000000,0.000000,0.000000,0.369865,0.369865,1.500,1.500000,3.640,1.820
riscv32i,memory_near_logic,asa_rv3d,net1510,2,1,1,1,generated_control;generated_datapath,infrastructure,0,0,0.000000,0.000000,0.000000,0.370194,0.370194,1.500,1.500000,3.640,1.820
riscv32i,memory_near_logic,asa_rv3d,net1515,2,1,1,1,generated_control;generated_datapath,infrastructure,0,0,0.000000,0.000000,0.000000,0.340341,0.340341,1.500,1.500000,3.180,1.590
riscv32i,memory_near_logic,asa_rv3d,net1524,3,1,2,1,generated_control;unclassified,infrastructure,0,0,0.000000,0.000000,0.000000,0.341769,0.341769,1.200,1.200000,4.600,1.533
riscv32i,memory_near_logic,asa_rv3d,net1531,3,1,2,1,generated_control;unclassified,infrastructure,0,0,0.000000,0.000000,0.000000,0.342696,0.342696,1.200,1.200000,6.400,2.133
riscv32i,memory_near_logic,asa_rv3d,net1554,2,1,1,1,generated_control;generated_datapath,infrastructure,0,0,0.000000,0.000000,0.000000,0.375488,0.375488,1.500,1.500000,2.760,1.380
riscv32i,memory_near_logic,asa_rv3d,net1560,2,1,1,1,generated_control;generated_datapath,infrastructure,0,0,0.000000,0.000000,0.000000,0.372152,0.372152,1.500,1.500000,11.460,5.730
riscv32i,memory_near_logic,asa_rv3d,net1592,41,12,29,12,generated_control;generated_datapath;unclassified,infrastructure,0,0,0.000591,0.003212,0.007093,0.507570,6.090844,1.500,18.000000,378.840,110.880
riscv32i,memory_near_logic,asa_rv3d,net1594,34,3,31,3,generated_control;generated_datapath,infrastructure,0,0,0.000000,0.000000,0.000000,0.593199,1.779596,1.500,4.500000,556.680,49.119
riscv32i,memory_near_logic,asa_rv3d,net1595,24,8,16,8,generated_control;generated_datapath,infrastructure,0,0,0.000000,0.000000,0.000000,0.473548,3.788388,1.500,12.000000,408.420,136.140
riscv32i,memory_near_logic,asa_rv3d,net1596,39,12,27,12,generated_control;generated_datapath;unclassified,infrastructure,0,0,0.000000,0.000000,0.000000,0.475614,5.707362,1.500,18.000000,325.020,100.006
riscv32i,memory_near_logic,asa_rv3d,net1597,51,1,50,1,generated_control;generated_datapath;unclassified,infrastructure,0,0,0.000000,0.000000,0.000000,0.563236,0.563236,1.500,1.500000,436.960,8.568
riscv32i,memory_near_logic,asa_rv3d,net1598,34,2,32,2,generated_control;generated_datapath;unclassified,infrastructure,0,0,0.000000,0.000000,0.000000,0.522381,1.044761,1.500,3.000000,330.560,19.445
riscv32i,memory_near_logic,asa_rv3d,net1602,30,10,20,10,generated_control;generated_datapath,infrastructure,0,0,0.000000,0.000000,0.000000,0.459350,4.593504,1.500,15.000000,333.360,111.120
riscv32i,memory_near_logic,asa_rv3d,net1603,18,4,14,4,generated_control;generated_datapath;unclassified,infrastructure,0,0,0.000000,0.000000,0.000000,0.358157,1.432629,1.500,6.000000,225.840,50.187
riscv32i,memory_near_logic,asa_rv3d,net1604,30,9,21,9,generated_control;generated_datapath,infrastructure,0,0,0.000000,0.000000,0.000000,0.510480,4.594324,1.500,13.500000,339.660,101.898
riscv32i,memory_near_logic,asa_rv3d,net1605,32,4,28,4,generated_control;generated_datapath;unclassified,infrastructure,0,0,0.002497,0.055224,0.009988,0.524384,2.097535,1.500,6.000000,538.380,67.297
riscv32i,memory_near_logic,asa_rv3d,net1606,34,6,28,6,generated_control;generated_datapath;unclassified,infrastructure,0,0,0.000271,0.003198,0.001628,0.590008,3.540049,1.500,9.000000,513.900,90.688
riscv32i,memory_near_logic,asa_rv3d,net1607,49,2,47,2,generated_control;generated_datapath;unclassified,infrastructure,0,0,0.001731,0.055224,0.003462,0.536347,1.072693,1.500,3.000000,462.160,18.864
riscv32i,memory_near_logic,asa_rv3d,net1608,21,7,14,7,generated_control;generated_datapath;unclassified,infrastructure,0,0,0.000721,0.003212,0.005045,0.470329,3.292302,1.500,10.500000,398.740,132.913
riscv32i,memory_near_logic,asa_rv3d,net1609,46,6,40,6,generated_control;unclassified,infrastructure,0,0,0.000205,0.003212,0.001230,0.527692,3.166152,1.200,7.200000,393.900,51.378
riscv32i,memory_near_logic,asa_rv3d,net1612,41,5,36,5,generated_control;generated_datapath,infrastructure,0,0,0.024539,1.000000,0.122695,0.520725,2.603624,1.500,7.500000,420.080,51.229
riscv32i,memory_near_logic,asa_rv3d,net1613,30,13,17,13,generated_control,infrastructure,0,0,0.000098,0.002948,0.001277,0.485970,6.317616,1.200,15.600000,245.860,106.539
riscv32i,memory_near_logic,asa_rv3d,net1614,34,16,18,16,generated_control;generated_datapath;unclassified,infrastructure,0,0,0.000445,0.003198,0.007116,0.484082,7.745311,1.500,24.000000,361.860,170.287
riscv32i,memory_near_logic,asa_rv3d,net1615,49,13,36,13,generated_control;generated_datapath,infrastructure,0,0,0.000125,0.003198,0.001631,0.493828,6.419759,1.500,19.500000,268.780,71.309
riscv32i,memory_near_logic,asa_rv3d,net1616,44,2,42,2,generated_control;generated_datapath,infrastructure,0,0,0.000202,0.003050,0.000404,0.480423,0.960845,1.500,3.000000,329.340,14.970
riscv32i,memory_near_logic,asa_rv3d,net1620,39,2,37,2,generated_control,infrastructure,0,0,0.025641,1.000000,0.051282,0.479503,0.959005,1.200,2.400000,335.640,17.212
riscv32i,memory_near_logic,asa_rv3d,net1621,41,15,26,15,generated_control,infrastructure,0,0,0.000152,0.003212,0.002280,0.500860,7.512907,1.200,18.000000,375.320,137.312
riscv32i,memory_near_logic,asa_rv3d,net1622,30,17,13,13,generated_control;generated_datapath,infrastructure,0,0,0.000504,0.003198,0.006553,0.468524,6.090812,1.500,19.500000,355.000,153.833
riscv32i,memory_near_logic,asa_rv3d,net1623,47,2,45,2,generated_control;generated_datapath,infrastructure,0,0,0.000000,0.000000,0.000000,0.528140,1.056280,1.500,3.000000,391.820,16.673
riscv32i,memory_near_logic,asa_rv3d,net1624,47,1,46,1,generated_control;generated_datapath,infrastructure,0,0,0.000000,0.000000,0.000000,0.538194,0.538194,1.500,1.500000,404.400,8.604
riscv32i,memory_near_logic,asa_rv3d,net1625,38,21,17,17,generated_control;generated_datapath,infrastructure,0,0,0.000000,0.000000,0.000000,0.491134,8.349279,1.500,25.500000,344.080,153.931
riscv32i,memory_near_logic,asa_rv3d,net1626,20,5,15,5,generated_control;generated_datapath;unclassified,infrastructure,0,0,0.000000,0.000000,0.000000,0.464872,2.324362,1.500,7.500000,344.720,86.180
riscv32i,memory_near_logic,asa_rv3d,net1627,42,1,41,1,generated_control;generated_datapath,infrastructure,0,0,0.000000,0.000000,0.000000,0.541473,0.541473,1.500,1.500000,325.580,7.752
riscv32i,memory_near_logic,asa_rv3d,net1629,35,9,26,9,generated_control;generated_datapath,infrastructure,0,0,0.000000,0.000000,0.000000,0.515972,4.643745,1.500,13.500000,366.340,94.202
riscv32i,memory_near_logic,asa_rv3d,net1630,29,5,24,5,generated_control;generated_datapath,infrastructure,0,0,0.000000,0.000000,0.000000,0.530890,2.654451,1.500,7.500000,439.200,75.724
riscv32i,memory_near_logic,asa_rv3d,net1632,50,19,31,19,generated_control;generated_datapath,infrastructure,0,0,0.000000,0.000000,0.000000,0.453007,8.607142,1.500,28.500000,264.260,100.419
riscv32i,memory_near_logic,asa_rv3d,net1636,50,1,49,1,generated_control;generated_datapath;unclassified,infrastructure,0,0,0.000000,0.000000,0.000000,0.464162,0.464162,1.500,1.500000,304.580,6.092
riscv32i,memory_near_logic,asa_rv3d,net1637,51,11,40,11,generated_control;generated_datapath;unclassified,infrastructure,0,0,0.000000,0.000000,0.000000,0.466459,5.131044,1.500,16.500000,268.900,57.998
riscv32i,memory_near_logic,asa_rv3d,net1638,42,28,14,14,generated_control;generated_datapath,infrastructure,0,0,0.000000,0.000000,0.000000,0.452992,6.341884,1.500,21.000000,333.360,111.120
riscv32i,memory_near_logic,asa_rv3d,net175,3,2,1,1,generated_control;generated_datapath,infrastructure,0,0,0.005671,0.008506,0.005671,0.409299,0.409299,1.500,1.500000,63.480,21.160
riscv32i,memory_near_logic,asa_rv3d,net189,3,2,1,1,generated_control;generated_datapath,infrastructure,0,0,0.000000,0.000000,0.000000,0.417481,0.417481,1.500,1.500000,133.860,44.620
riscv32i,memory_near_logic,asa_rv3d,net192,2,1,1,1,generated_control;unclassified,infrastructure,0,0,0.000000,0.000000,0.000000,0.255046,0.255046,1.200,1.200000,17.900,8.950
riscv32i,memory_near_logic,asa_rv3d,net193,2,1,1,1,generated_control;unclassified,infrastructure,0,0,0.000000,0.000000,0.000000,0.253350,0.253350,1.200,1.200000,7.820,3.910
riscv32i,memory_near_logic,asa_rv3d,net2085,9,1,8,1,execute_alu;pipeline_state,control;datapath,1,0,0.000000,0.000000,0.000000,0.034220,0.034220,3.000,3.000000,0.000,0.000
riscv32i,memory_near_logic,asa_rv3d,net33,11,2,9,2,fetch;generated_control;generated_datapath,control;infrastructure,0,0,0.000000,0.000000,0.000000,0.213652,0.427304,2.000,4.000000,48.940,8.898
riscv32i,memory_near_logic,asa_rv3d,net34,11,2,9,2,fetch;generated_control;generated_datapath,control;infrastructure,0,0,0.000000,0.000000,0.000000,0.236883,0.473767,2.000,4.000000,54.080,9.833
riscv32i,memory_near_logic,asa_rv3d,net41,15,6,9,6,fetch;generated_control;generated_datapath;unclassified,control;infrastructure,0,0,0.000000,0.000000,0.000000,0.446520,2.679119,2.000,12.000000,256.360,102.544
riscv32i,memory_near_logic,asa_rv3d,net42,9,5,4,4,fetch;generated_control;generated_datapath,control;infrastructure,0,0,0.000000,0.000000,0.000000,0.459775,1.839100,2.000,8.000000,226.660,100.738
riscv32i,memory_near_logic,asa_rv3d,net47,20,2,18,2,fetch;generated_control;generated_datapath;unclassified,control;infrastructure,0,0,0.000594,0.003113,0.001188,0.504707,1.009415,2.000,4.000000,241.980,24.198
riscv32i,memory_near_logic,asa_rv3d,net61,8,2,6,2,fetch;generated_control;generated_datapath,control;infrastructure,0,0,0.000000,0.000000,0.000000,0.241368,0.482735,2.000,4.000000,34.840,8.710
riscv32i,memory_near_logic,asa_rv3d,net62,8,3,5,3,fetch;generated_control;generated_datapath,control;infrastructure,0,0,0.000000,0.000000,0.000000,0.291685,0.875054,2.000,6.000000,35.260,13.223
riscv32i,memory_near_logic,asa_rv3d,net63,11,2,9,2,fetch;generated_control;generated_datapath,control;infrastructure,0,0,0.000000,0.000000,0.000000,0.244102,0.488203,2.000,4.000000,46.300,8.418
riscv32i,memory_near_logic,asa_rv3d,net975,9,7,2,2,execute_alu;pipeline_state,control;datapath,1,0,0.000000,0.000000,0.000000,0.033819,0.067639,3.000,6.000000,0.000,0.000
