iteration,instance,architecture_unit,semantic_group,from_tier,to_tier,objective_delta,objective_after,crossing_nets_after,cut_regret_after,tier0_area_fraction_after,P_avg_cut_after,P_wst_cut_after,scanned_candidates,legal_candidates,rejected_area_candidates,rejected_gain_candidates,rejected_cut_candidates,rejected_path_candidates,iteration_elapsed_s,cumulative_elapsed_s
1,mem_wstrb[3]$_DFFE_PN_,pipeline_state,control,tier1,tier0,6.254913,1071.784932,344,-0.005780,0.517145,0.300000,1.000000,6673,193,0,6476,0,4,0.204,0.204
2,mem_wstrb[1]$_DFFE_PN_,pipeline_state,control,tier1,tier0,6.251675,1065.533256,342,-0.011561,0.517470,0.300000,1.000000,6673,191,0,6478,0,4,0.216,0.420
3,mem_wstrb[0]$_DFFE_PN_,pipeline_state,control,tier1,tier0,6.238148,1059.295109,339,-0.020231,0.517795,0.300000,1.000000,6673,190,0,6479,0,4,0.220,0.640
4,mem_wstrb[2]$_DFFE_PN_,pipeline_state,control,tier1,tier0,6.114446,1053.180662,335,-0.031792,0.518120,0.300000,1.000000,6673,189,0,6480,0,4,0.218,0.858
5,mem_wdata[2]$_DFFE_PP_,register_file,datapath,tier1,tier0,5.302441,1047.878221,333,-0.037572,0.518445,0.300000,1.000000,6673,188,0,6481,0,4,0.211,1.069
6,mem_wdata[16]$_DFFE_PP_,register_file,datapath,tier1,tier0,5.104165,1042.774056,331,-0.043353,0.518770,0.300000,1.000000,6673,186,0,6483,0,4,0.221,1.290
7,mem_wdata[1]$_DFFE_PP_,register_file,datapath,tier1,tier0,5.061970,1037.712086,329,-0.049133,0.519095,0.300000,1.000000,6673,184,0,6485,0,4,0.220,1.510
8,mem_wdata[0]$_DFFE_PP_,register_file,datapath,tier1,tier0,5.046000,1032.666086,327,-0.054913,0.519420,0.300000,1.000000,6673,182,0,6487,0,4,0.208,1.718
9,mem_wdata[4]$_DFFE_PP_,register_file,datapath,tier1,tier0,5.044160,1027.621926,325,-0.060694,0.519745,0.300000,1.000000,6673,180,0,6489,0,4,0.209,1.927
10,clkbuf_leaf_93_clk,clock_reset,control,tier0,tier1,4.545213,1023.076713,325,-0.060694,0.519474,0.300000,1.000000,6673,135,992,5546,0,0,0.158,2.085
11,mem_wdata[3]$_DFFE_PP_,register_file,datapath,tier1,tier0,5.035980,1018.040732,322,-0.069364,0.519799,0.300000,1.000000,6673,174,0,6495,0,4,0.206,2.314
12,cpuregs[0][1]$_DFFE_PP_,pipeline_state,control,tier0,tier1,4.001409,1014.039323,321,-0.072254,0.519474,0.300000,1.000000,6673,133,1540,5000,0,0,0.124,2.438
13,mem_wdata[23]$_DFFE_PP_,register_file,datapath,tier1,tier0,4.967722,1009.071601,319,-0.078035,0.519799,0.300000,1.000000,6673,172,0,6497,0,4,0.204,2.641
14,cpuregs[0][2]$_DFFE_PP_,pipeline_state,control,tier0,tier1,3.908606,1005.162994,317,-0.083815,0.519474,0.300000,1.000000,6673,132,1540,5001,0,0,0.124,2.766
15,cpuregs[0][3]$_DFFE_PP_,pipeline_state,control,tier0,tier1,3.899274,1001.263720,315,-0.089595,0.519149,0.300000,1.000000,6673,170,0,6499,0,4,0.206,2.971
16,cpuregs[0][7]$_DFFE_PP_,pipeline_state,control,tier0,tier1,3.899100,997.364620,313,-0.095376,0.518824,0.300000,1.000000,6673,170,0,6499,0,4,0.204,3.176
17,cpuregs[0][24]$_DFFE_PP_,pipeline_state,control,tier0,tier1,3.883863,993.480757,311,-0.101156,0.518499,0.300000,1.000000,6673,170,0,6499,0,4,0.204,3.380
18,cpuregs[0][31]$_DFFE_PP_,pipeline_state,control,tier0,tier1,3.841945,989.638812,310,-0.104046,0.518174,0.300000,1.000000,6673,170,0,6499,0,4,0.204,3.584
19,cpuregs[0][23]$_DFFE_PP_,pipeline_state,control,tier0,tier1,3.796762,985.842050,308,-0.109827,0.517849,0.300000,1.000000,6673,170,0,6499,0,4,0.202,3.786
20,cpuregs[0][16]$_DFFE_PP_,pipeline_state,control,tier0,tier1,3.794842,982.047208,306,-0.115607,0.517524,0.300000,1.000000,6673,170,0,6499,0,4,0.203,3.990
21,cpuregs[0][11]$_DFFE_PP_,pipeline_state,control,tier0,tier1,3.786441,978.260766,304,-0.121387,0.517199,0.300000,1.000000,6673,170,0,6499,0,4,0.201,4.212
22,cpuregs[0][8]$_DFFE_PP_,pipeline_state,control,tier0,tier1,3.725989,974.534777,303,-0.124277,0.516874,0.300000,1.000000,6673,170,0,6499,0,4,0.200,4.412
23,cpuregs[0][19]$_DFFE_PP_,pipeline_state,control,tier0,tier1,3.695905,970.838872,301,-0.130058,0.516549,0.300000,1.000000,6673,170,0,6499,0,4,0.201,4.613
24,cpuregs[0][17]$_DFFE_PP_,pipeline_state,control,tier0,tier1,3.630631,967.208241,299,-0.135838,0.516224,0.300000,1.000000,6673,170,0,6499,0,4,0.200,4.813
25,cpuregs[0][15]$_DFFE_PP_,pipeline_state,control,tier0,tier1,3.476675,963.731566,297,-0.141618,0.515899,0.300000,1.000000,6673,170,0,6499,0,4,0.201,5.014
26,reg_op2[20]$_DFFE_PP_,pipeline_state,control,tier1,tier0,3.401598,960.329968,298,-0.138728,0.516224,0.300000,1.000000,6673,170,0,6499,0,4,0.200,5.214
27,reg_op2[31]$_DFFE_PP_,pipeline_state,control,tier1,tier0,3.398773,956.931195,299,-0.135838,0.516549,0.300000,1.000000,6673,170,0,6499,0,4,0.199,5.413
28,reg_op2[14]$_DFFE_PP_,pipeline_state,control,tier1,tier0,3.394099,953.537095,300,-0.132948,0.516874,0.300000,1.000000,6673,169,0,6500,0,4,0.200,5.613
29,reg_op2[13]$_DFFE_PP_,pipeline_state,control,tier1,tier0,3.357276,950.179820,301,-0.130058,0.517199,0.300000,1.000000,6673,169,0,6500,0,4,0.200,5.813
30,reg_op2[11]$_DFFE_PP_,pipeline_state,control,tier1,tier0,3.341695,946.838125,302,-0.127168,0.517524,0.300000,1.000000,6673,169,0,6500,0,4,0.213,6.026
31,cpuregs[0][12]$_DFFE_PP_,pipeline_state,control,tier0,tier1,3.284750,943.553374,300,-0.132948,0.517199,0.300000,1.000000,6673,169,0,6500,0,4,0.215,6.264
32,_6899_,generated_datapath,infrastructure,tier1,tier0,3.273030,940.280344,299,-0.135838,0.517253,0.300000,1.000000,6673,169,0,6500,0,4,0.214,6.478
33,_6873_,generated_datapath,infrastructure,tier1,tier0,3.221820,937.058524,298,-0.138728,0.517307,0.300000,1.000000,6673,167,0,6502,0,4,0.217,6.695
34,_6765_,generated_datapath,infrastructure,tier1,tier0,3.221220,933.837304,297,-0.141618,0.517361,0.300000,1.000000,6673,166,0,6503,0,4,0.215,6.910
35,_6858_,generated_datapath,infrastructure,tier1,tier0,3.221184,930.616120,296,-0.144509,0.517416,0.300000,1.000000,6673,165,0,6504,0,4,0.214,7.125
36,_9148_,generated_datapath,infrastructure,tier1,tier0,3.220023,927.396097,295,-0.147399,0.517470,0.300000,1.000000,6673,164,0,6505,0,4,0.218,7.343
37,mem_addr[28]$_DFFE_PP_,pipeline_state,control,tier1,tier0,3.154831,924.241266,293,-0.153179,0.517795,0.300000,1.000000,6673,163,0,6506,0,4,0.223,7.566
38,mem_addr[29]$_DFFE_PP_,pipeline_state,control,tier1,tier0,3.151557,921.089709,291,-0.158960,0.518120,0.300000,1.000000,6673,161,0,6508,0,4,0.216,7.783
39,reg_op2[10]$_DFFE_PP_,pipeline_state,control,tier1,tier0,3.139442,917.950267,292,-0.156069,0.518445,0.300000,1.000000,6673,159,0,6510,0,4,0.221,8.004
40,_6913_,generated_datapath,infrastructure,tier1,tier0,3.220724,914.729543,291,-0.158960,0.518499,0.300000,1.000000,6673,159,0,6510,0,4,0.220,8.225
41,mem_addr[30]$_DFFE_PP_,pipeline_state,control,tier1,tier0,3.124889,911.604654,288,-0.167630,0.518824,0.300000,1.000000,6673,158,0,6511,0,4,0.199,8.447
42,reg_op2[8]$_DFFE_PP_,pipeline_state,control,tier1,tier0,3.117943,908.486711,289,-0.164740,0.519149,0.300000,1.000000,6673,156,0,6513,0,4,0.200,8.647
43,_6939_,generated_datapath,infrastructure,tier1,tier0,3.270909,905.215802,288,-0.167630,0.519203,0.300000,1.000000,6673,156,0,6513,0,4,0.200,8.847
44,mem_addr[19]$_DFFE_PP_,pipeline_state,control,tier1,tier0,3.105240,902.110562,286,-0.173410,0.519528,0.300000,1.000000,6673,155,0,6514,0,4,0.200,9.047
45,mem_addr[10]$_DFFE_PP_,pipeline_state,control,tier1,tier0,3.092728,899.017834,284,-0.179191,0.519853,0.300000,1.000000,6673,153,0,6516,0,4,0.200,9.247
46,cpuregs[0][0]$_DFFE_PP_,register_file,datapath,tier0,tier1,2.975779,896.042056,284,-0.179191,0.519528,0.300000,1.000000,6673,124,1543,5006,0,0,0.124,9.371
47,mem_addr[24]$_DFFE_PP_,pipeline_state,control,tier1,tier0,3.085758,892.956298,281,-0.187861,0.519853,0.300000,1.000000,6673,151,0,6518,0,4,0.201,9.572
48,cpuregs[0][13]$_DFFE_PP_,register_file,datapath,tier0,tier1,2.897363,890.058935,281,-0.187861,0.519528,0.300000,1.000000,6673,123,1543,5007,0,0,0.123,9.695
49,reg_op2[5]$_DFFE_PP_,pipeline_state,control,tier1,tier0,3.081178,886.977757,282,-0.184971,0.519853,0.300000,1.000000,6673,149,0,6520,0,4,0.200,9.895
50,_6978_,generated_datapath,infrastructure,tier1,tier0,3.222858,883.754899,281,-0.187861,0.519907,0.300000,1.000000,6673,124,1543,5006,0,0,0.123,10.018
51,cpuregs[0][22]$_DFFE_PP_,register_file,datapath,tier0,tier1,2.873441,880.881458,280,-0.190751,0.519582,0.300000,1.000000,6673,100,1664,4909,0,0,0.122,10.161
52,mem_addr[31]$_DFFE_PP_,pipeline_state,control,tier1,tier0,3.070797,877.810661,278,-0.196532,0.519907,0.300000,1.000000,6673,148,0,6521,0,4,0.211,10.373
53,cpuregs[0][6]$_DFFE_PP_,register_file,datapath,tier0,tier1,2.838104,874.972557,277,-0.199422,0.519582,0.300000,1.000000,6673,99,1664,4910,0,0,0.133,10.506
54,reg_op2[9]$_DFFE_PP_,pipeline_state,control,tier1,tier0,3.068753,871.903804,278,-0.196532,0.519907,0.300000,1.000000,6673,146,0,6523,0,4,0.224,10.730
55,_6926_,generated_datapath,infrastructure,tier1,tier0,3.221403,868.682401,277,-0.199422,0.519962,0.300000,1.000000,6673,100,1664,4909,0,0,0.131,10.861
56,cpuregs[0][21]$_DFFE_PP_,register_file,datapath,tier0,tier1,2.823756,865.858645,277,-0.199422,0.519637,0.300000,1.000000,6673,85,1858,4730,0,0,0.131,10.992
57,mem_addr[27]$_DFFE_PP_,pipeline_state,control,tier1,tier0,3.067769,862.790876,275,-0.205202,0.519962,0.300000,1.000000,6673,145,0,6524,0,4,0.208,11.200
58,cpuregs[0][14]$_DFFE_PP_,register_file,datapath,tier0,tier1,2.812469,859.978407,274,-0.208092,0.519637,0.300000,1.000000,6673,84,1858,4731,0,0,0.119,11.320
59,reg_op2[6]$_DFFE_PP_,pipeline_state,control,tier1,tier0,3.018342,856.960066,275,-0.205202,0.519962,0.300000,1.000000,6673,143,0,6526,0,4,0.201,11.521
60,cpuregs[0][10]$_DFFE_PP_,register_file,datapath,tier0,tier1,2.809504,854.150561,274,-0.208092,0.519637,0.300000,1.000000,6673,84,1858,4731,0,0,0.120,11.642
61,_6965_,generated_datapath,infrastructure,tier1,tier0,3.273060,850.877502,273,-0.210983,0.519691,0.300000,1.000000,6673,143,0,6526,0,4,0.202,11.866
62,cpuregs[0][4]$_DFFE_PP_,register_file,datapath,tier0,tier1,2.784304,848.093197,272,-0.213873,0.519366,0.300000,1.000000,6673,131,896,5646,0,0,0.154,12.020
63,mem_addr[3]$_DFFE_PP_,pipeline_state,control,tier1,tier0,2.849248,845.243949,270,-0.219653,0.519691,0.300000,1.000000,6673,142,0,6527,0,4,0.200,12.220
64,cpuregs[0][9]$_DFFE_PP_,register_file,datapath,tier0,tier1,2.754544,842.489405,269,-0.222543,0.519366,0.300000,1.000000,6673,130,896,5647,0,0,0.153,12.373
65,mem_addr[2]$_DFFE_PP_,pipeline_state,control,tier1,tier0,2.844174,839.645231,267,-0.228324,0.519691,0.300000,1.000000,6673,140,0,6529,0,4,0.206,12.580
66,cpuregs[0][20]$_DFFE_PP_,register_file,datapath,tier0,tier1,2.716720,836.928511,267,-0.228324,0.519366,0.300000,1.000000,6673,129,896,5648,0,0,0.154,12.735
67,mem_addr[4]$_DFFE_PP_,pipeline_state,control,tier1,tier0,2.843816,834.084695,264,-0.236994,0.519691,0.300000,1.000000,6673,138,0,6531,0,4,0.199,12.934
68,cpuregs[6][30]$_DFFE_PP_,register_file,datapath,tier0,tier1,2.565920,831.518774,264,-0.236994,0.519366,0.300000,1.000000,6673,128,896,5649,0,0,0.153,13.086
69,mem_addr[9]$_DFFE_PP_,pipeline_state,control,tier1,tier0,2.804891,828.713883,261,-0.245665,0.519691,0.300000,1.000000,6673,135,0,6534,0,4,0.198,13.285
70,cpuregs[1][30]$_DFFE_PP_,register_file,datapath,tier0,tier1,2.535828,826.178055,261,-0.245665,0.519366,0.300000,1.000000,6673,126,896,5651,0,0,0.155,13.440
71,mem_addr[12]$_DFFE_PP_,pipeline_state,control,tier1,tier0,2.777674,823.400381,259,-0.251445,0.519691,0.300000,1.000000,6673,132,0,6537,0,4,0.201,13.664
72,clkload147,clock_reset,control,tier0,tier1,1.950881,821.449500,259,-0.251445,0.519596,0.300000,1.000000,6673,124,896,5653,0,0,0.154,13.818
73,mem_addr[13]$_DFFE_PP_,pipeline_state,control,tier1,tier0,2.769055,818.680445,257,-0.257225,0.519921,0.300000,1.000000,6673,129,0,6540,0,4,0.201,14.018
74,clkload144,clock_reset,control,tier1,tier0,1.912027,816.768418,257,-0.257225,0.519975,0.300000,1.000000,6673,84,1747,4842,0,0,0.118,14.137
75,_6256_,generated_control,infrastructure,tier0,tier1,1.653112,815.115306,257,-0.257225,0.519934,0.300000,1.000000,6673,75,1857,4741,0,0,0.116,14.253
76,clkload142,clock_reset,control,tier1,tier0,1.887887,813.227419,257,-0.257225,0.519989,0.300000,1.000000,6673,82,1753,4838,0,0,0.118,14.371
77,_6069_,generated_control,infrastructure,tier0,tier1,1.643758,811.583661,257,-0.257225,0.519948,0.300000,1.000000,6673,74,1857,4742,0,0,0.117,14.487
78,clkload109,clock_reset,control,tier1,tier0,1.584846,809.998815,257,-0.257225,0.519989,0.300000,1.000000,6673,80,1780,4813,0,0,0.118,14.605
79,cpuregs[0][30]$_DFFE_PP_,register_file,datapath,tier0,tier1,1.458769,808.540046,257,-0.257225,0.519664,0.300000,1.000000,6673,72,1857,4744,0,0,0.117,14.723
80,mem_addr[16]$_DFFE_PP_,pipeline_state,control,tier1,tier0,4.493900,804.046146,254,-0.265896,0.519989,0.300000,1.000000,6673,139,0,6530,0,4,0.200,14.923
81,mem_wdata[14]$_DFFE_PP_,register_file,datapath,tier0,tier1,1.458173,802.587973,253,-0.268786,0.519664,0.300000,1.000000,6673,75,1857,4741,0,0,0.117,15.062
82,mem_addr[11]$_DFFE_PP_,pipeline_state,control,tier1,tier0,6.213473,796.374500,250,-0.277457,0.519989,0.300000,1.000000,6673,133,0,6536,0,4,0.199,15.261
83,mem_wdata[9]$_DFFE_PP_,register_file,datapath,tier0,tier1,1.458146,794.916354,249,-0.280347,0.519664,0.300000,1.000000,6673,73,1857,4743,0,0,0.116,15.377
84,mem_addr[7]$_DFFE_PP_,pipeline_state,control,tier1,tier0,3.194749,791.721605,247,-0.286127,0.519989,0.300000,1.000000,6673,128,0,6541,0,4,0.200,15.577
85,mem_wdata[25]$_DFFE_PP_,register_file,datapath,tier0,tier1,1.457903,790.263702,246,-0.289017,0.519664,0.300000,1.000000,6673,71,1857,4745,0,0,0.115,15.692
86,mem_addr[8]$_DFFE_PP_,pipeline_state,control,tier1,tier0,3.149686,787.114016,244,-0.294798,0.519989,0.300000,1.000000,6673,123,0,6546,0,4,0.198,15.890
87,output177,generated_control,infrastructure,tier0,tier1,1.446440,785.667576,243,-0.297688,0.519880,0.300000,1.000000,6673,69,1857,4747,0,0,0.115,16.006
88,clkload141,clock_reset,control,tier1,tier0,1.782039,783.885537,242,-0.300578,0.519962,0.300000,1.000000,6673,95,1579,4999,0,0,0.121,16.127
89,output198,generated_control,infrastructure,tier0,tier1,1.446335,782.439202,241,-0.303468,0.519853,0.300000,1.000000,6673,68,1857,4748,0,0,0.116,16.243
90,clkload84,clock_reset,control,tier1,tier0,1.663209,780.775992,241,-0.303468,0.519948,0.300000,1.000000,6673,93,1543,5037,0,0,0.122,16.365
91,output185,generated_control,infrastructure,tier0,tier1,1.445657,779.330336,240,-0.306358,0.519840,0.300000,1.000000,6673,72,1780,4821,0,0,0.118,16.506
92,clkload145,clock_reset,control,tier1,tier0,1.906829,777.423507,240,-0.306358,0.519989,0.300000,1.000000,6673,92,1542,5039,0,0,0.125,16.631
93,output199,generated_control,infrastructure,tier0,tier1,1.445624,775.977883,239,-0.309249,0.519880,0.300000,1.000000,6673,66,1857,4750,0,0,0.124,16.755
94,output343,generated_control,infrastructure,tier1,tier0,1.465514,774.512369,238,-0.312139,0.519989,0.300000,1.000000,6673,90,1578,5005,0,0,0.131,16.886
95,output178,generated_control,infrastructure,tier0,tier1,1.445325,773.067044,237,-0.315029,0.519880,0.300000,1.000000,6673,65,1857,4751,0,0,0.122,17.008
96,output345,generated_control,infrastructure,tier1,tier0,1.460904,771.606140,236,-0.317919,0.519989,0.300000,1.000000,6673,88,1578,5007,0,0,0.134,17.143
97,output186,generated_control,infrastructure,tier0,tier1,1.445067,770.161073,235,-0.320809,0.519880,0.300000,1.000000,6673,64,1857,4752,0,0,0.131,17.274
98,output342,generated_control,infrastructure,tier1,tier0,1.460256,768.700817,234,-0.323699,0.519989,0.300000,1.000000,6673,86,1578,5009,0,0,0.141,17.415
99,output183,generated_control,infrastructure,tier0,tier1,1.444848,767.255969,233,-0.326590,0.519880,0.300000,1.000000,6673,63,1857,4753,0,0,0.135,17.550
100,output181,generated_control,infrastructure,tier0,tier1,1.444736,765.811233,232,-0.329480,0.519772,0.300000,1.000000,6673,84,1578,5011,0,0,0.138,17.689
101,output180,generated_control,infrastructure,tier0,tier1,1.444716,764.366517,231,-0.332370,0.519664,0.300000,1.000000,6673,83,1536,5054,0,0,0.143,17.857
102,mem_addr[25]$_DFFE_PP_,pipeline_state,control,tier1,tier0,2.688672,761.677845,229,-0.338150,0.519989,0.300000,1.000000,6673,104,0,6565,0,4,0.215,18.072
103,output189,generated_control,infrastructure,tier0,tier1,1.443785,760.234060,228,-0.341040,0.519880,0.300000,1.000000,6673,59,1859,4755,0,0,0.125,18.198
104,output371,generated_control,infrastructure,tier1,tier0,1.444448,758.789611,227,-0.343931,0.519989,0.300000,1.000000,6673,80,1577,5016,0,0,0.132,18.330
105,output184,generated_control,infrastructure,tier0,tier1,1.443706,757.345906,226,-0.346821,0.519880,0.300000,1.000000,6673,58,1859,4756,0,0,0.126,18.455
106,output349,generated_control,infrastructure,tier1,tier0,1.427970,755.917935,226,-0.346821,0.519989,0.300000,1.000000,6673,78,1577,5018,0,0,0.132,18.588
107,cpuregs[0][19]$_DFFE_PP__117,unclassified,infrastructure,tier0,tier1,1.368424,754.549511,225,-0.349711,0.519948,0.300000,1.000000,6673,57,1859,4757,0,0,0.125,18.713
108,cpuregs[0][23]$_DFFE_PP__122,unclassified,infrastructure,tier0,tier1,1.368328,753.181183,224,-0.352601,0.519907,0.300000,1.000000,6673,61,1782,4830,0,0,0.126,18.839
109,cpuregs[0][11]$_DFFE_PP__109,unclassified,infrastructure,tier0,tier1,1.368147,751.813037,223,-0.355491,0.519867,0.300000,1.000000,6673,64,1668,4941,0,0,0.131,18.970
110,output356,generated_control,infrastructure,tier1,tier0,1.425668,750.387368,223,-0.355491,0.519975,0.300000,1.000000,6673,74,1541,5058,0,0,0.132,19.102
111,cpuregs[0][16]$_DFFE_PP__114,unclassified,infrastructure,tier0,tier1,1.368044,749.019324,222,-0.358382,0.519934,0.300000,1.000000,6673,54,1861,4758,0,0,0.125,19.252
112,cpuregs[0][24]$_DFFE_PP__123,unclassified,infrastructure,tier0,tier1,1.368015,747.651309,221,-0.361272,0.519894,0.300000,1.000000,6673,58,1754,4861,0,0,0.125,19.377
113,cpuregs[0][8]$_DFFE_PP__137,unclassified,infrastructure,tier0,tier1,1.368011,746.283298,220,-0.364162,0.519853,0.300000,1.000000,6673,61,1661,4951,0,0,0.123,19.499
114,output357,generated_control,infrastructure,tier1,tier0,1.423777,744.859522,220,-0.364162,0.519962,0.300000,1.000000,6673,70,1541,5062,0,0,0.123,19.623
115,cpuregs[0][15]$_DFFE_PP__113,unclassified,infrastructure,tier0,tier1,1.367988,743.491534,219,-0.367052,0.519921,0.300000,1.000000,6673,50,1863,4760,0,0,0.115,19.738
116,cpuregs[0][31]$_DFFE_PP__131,unclassified,infrastructure,tier0,tier1,1.367961,742.123572,218,-0.369942,0.519880,0.300000,1.000000,6673,54,1747,4872,0,0,0.117,19.855
117,output348,generated_control,infrastructure,tier1,tier0,1.415025,740.708547,218,-0.369942,0.519989,0.300000,1.000000,6673,66,1577,5030,0,0,0.121,19.976
118,cpuregs[0][3]$_DFFE_PP__132,unclassified,infrastructure,tier0,tier1,1.367960,739.340587,217,-0.372832,0.519948,0.300000,1.000000,6673,48,1864,4761,0,0,0.115,20.091
119,cpuregs[0][7]$_DFFE_PP__136,unclassified,infrastructure,tier0,tier1,1.367950,737.972638,216,-0.375723,0.519907,0.300000,1.000000,6673,52,1779,4842,0,0,0.117,20.208
120,cpuregs[0][17]$_DFFE_PP__115,unclassified,infrastructure,tier0,tier1,1.367920,736.604718,215,-0.378613,0.519867,0.300000,1.000000,6673,55,1665,4953,0,0,0.120,20.328
121,output346,generated_control,infrastructure,tier1,tier0,1.405668,735.199049,214,-0.381503,0.519975,0.300000,1.000000,6673,62,1541,5070,0,0,0.122,20.473
122,cpuregs[0][2]$_DFFE_PP__129,unclassified,infrastructure,tier0,tier1,1.367846,733.831203,213,-0.384393,0.519934,0.300000,1.000000,6673,45,1866,4762,0,0,0.115,20.588
123,cpuregs[0][12]$_DFFE_PP__110,unclassified,infrastructure,tier0,tier1,1.367824,732.463379,212,-0.387283,0.519894,0.300000,1.000000,6673,49,1751,4873,0,0,0.116,20.704
124,cpuregs[0][1]$_DFFE_PP__118,unclassified,infrastructure,tier0,tier1,1.367706,731.095673,211,-0.390173,0.519853,0.300000,1.000000,6673,52,1658,4963,0,0,0.119,20.824
125,output365,generated_control,infrastructure,tier1,tier0,1.392456,729.703217,210,-0.393064,0.519962,0.300000,1.000000,6673,58,1541,5074,0,0,0.122,20.946
126,_7022_,generated_control,infrastructure,tier0,tier1,1.266755,728.436462,210,-0.393064,0.519921,0.300000,1.000000,6673,42,1868,4763,0,0,0.115,21.061
127,clkload80,clock_reset,control,tier1,tier0,1.310617,727.125846,210,-0.393064,0.519962,0.300000,1.000000,6673,43,1744,4886,0,0,0.117,21.177
128,output287,register_file,datapath,tier0,tier1,1.087027,726.038818,209,-0.395954,0.519853,0.300000,1.000000,6673,41,1868,4764,0,0,0.115,21.293
129,output353,generated_control,infrastructure,tier1,tier0,1.391164,724.647654,208,-0.398844,0.519962,0.300000,1.000000,6673,51,1541,5081,0,0,0.121,21.414
130,output283,register_file,datapath,tier0,tier1,1.086620,723.561034,207,-0.401734,0.519853,0.300000,1.000000,6673,40,1868,4765,0,0,0.116,21.530
131,output262,register_file,datapath,tier1,tier0,1.390132,722.170902,207,-0.401734,0.519962,0.300000,1.000000,6673,49,1541,5083,0,0,0.122,21.675
132,cpuregs[0][30]$_DFFE_PP__130,unclassified,infrastructure,tier0,tier1,1.046845,721.124057,206,-0.404624,0.519921,0.300000,1.000000,6673,39,1868,4766,0,0,0.115,21.790
133,clkload73,clock_reset,control,tier1,tier0,1.310005,719.814052,206,-0.404624,0.519962,0.300000,1.000000,6673,39,1744,4890,0,0,0.118,21.908
134,cpuregs[0][10]$_DFFE_PP__108,unclassified,infrastructure,tier0,tier1,1.046804,718.767248,205,-0.407514,0.519921,0.300000,1.000000,6673,38,1868,4767,0,0,0.116,22.024
135,cpuregs[0][22]$_DFFE_PP__121,unclassified,infrastructure,tier0,tier1,1.046784,717.720464,204,-0.410405,0.519880,0.300000,1.000000,6673,37,1744,4892,0,0,0.118,22.142
136,output368,generated_control,infrastructure,tier1,tier0,1.390132,716.330332,203,-0.413295,0.519989,0.300000,1.000000,6673,44,1577,5052,0,0,0.121,22.263
137,cpuregs[0][14]$_DFFE_PP__112,unclassified,infrastructure,tier0,tier1,1.046751,715.283581,202,-0.416185,0.519948,0.300000,1.000000,6673,36,1869,4768,0,0,0.115,22.378
138,cpuregs[0][0]$_DFFE_PP__107,unclassified,infrastructure,tier0,tier1,1.046725,714.236856,201,-0.419075,0.519907,0.300000,1.000000,6673,35,1776,4862,0,0,0.118,22.496
139,cpuregs[0][9]$_DFFE_PP__138,unclassified,infrastructure,tier0,tier1,1.046639,713.190217,200,-0.421965,0.519867,0.300000,1.000000,6673,38,1662,4973,0,0,0.120,22.616
140,output372,generated_control,infrastructure,tier1,tier0,1.389951,711.800266,199,-0.424855,0.519975,0.300000,1.000000,6673,40,1541,5092,0,0,0.122,22.738
141,cpuregs[0][13]$_DFFE_PP__111,unclassified,infrastructure,tier0,tier1,1.046609,710.753657,198,-0.427746,0.519934,0.300000,1.000000,6673,33,1871,4769,0,0,0.117,22.877
142,cpuregs[0][20]$_DFFE_PP__119,unclassified,infrastructure,tier0,tier1,1.046574,709.707083,197,-0.430636,0.519894,0.300000,1.000000,6673,32,1748,4893,0,0,0.117,22.994
143,cpuregs[0][21]$_DFFE_PP__120,unclassified,infrastructure,tier0,tier1,1.046518,708.660566,196,-0.433526,0.519853,0.300000,1.000000,6673,35,1655,4983,0,0,0.120,23.114
144,output263,register_file,datapath,tier1,tier0,1.340968,707.319598,196,-0.433526,0.519962,0.300000,1.000000,6673,36,1541,5096,0,0,0.122,23.236
145,cpuregs[0][6]$_DFFE_PP__135,unclassified,infrastructure,tier0,tier1,1.046489,706.273109,195,-0.436416,0.519921,0.300000,1.000000,6673,30,1873,4770,0,0,0.115,23.351
146,cpuregs[0][4]$_DFFE_PP__133,unclassified,infrastructure,tier0,tier1,1.046463,705.226646,194,-0.439306,0.519880,0.300000,1.000000,6673,29,1741,4903,0,0,0.117,23.469
147,output369,generated_control,infrastructure,tier1,tier0,1.340968,703.885678,193,-0.442197,0.519989,0.300000,1.000000,6673,33,1577,5063,0,0,0.122,23.591
148,clkbuf_leaf_89_clk,clock_reset,control,tier0,tier1,0.768640,703.117038,194,-0.439306,0.519718,0.300000,1.000000,6673,28,1874,4771,0,0,0.116,23.708
149,clkload151,clock_reset,control,tier1,tier0,1.908676,701.208362,194,-0.439306,0.519989,0.300000,1.000000,6673,40,894,5739,0,0,0.152,23.860
150,clkbuf_leaf_94_clk,clock_reset,control,tier0,tier1,0.703808,700.504554,195,-0.436416,0.519718,0.300000,1.000000,6673,27,1874,4772,0,0,0.115,23.975
151,clkbuf_leaf_95_clk,clock_reset,control,tier0,tier1,0.640870,699.863683,196,-0.433526,0.519447,0.300000,1.000000,6673,38,894,5741,0,0,0.153,24.151
152,clkload81,generated_control,infrastructure,tier1,tier0,1.368812,698.494871,196,-0.433526,0.519772,0.300000,1.000000,6673,45,0,6624,0,4,0.198,24.349
153,clkbuf_leaf_92_clk,clock_reset,control,tier0,tier1,0.629802,697.865069,196,-0.433526,0.519501,0.300000,1.000000,6673,29,1536,5108,0,0,0.122,24.471
154,place643,register_file,datapath,tier0,tier1,0.612485,697.252584,196,-0.433526,0.519420,0.300000,1.000000,6673,43,0,6626,0,4,0.200,24.671
155,place599,register_file,datapath,tier0,tier1,0.607900,696.644684,196,-0.433526,0.519339,0.300000,1.000000,6673,42,0,6627,0,4,0.200,24.871
156,clkbuf_4_15_0_clk,clock_reset,control,tier1,tier0,0.395374,696.249310,197,-0.430636,0.519609,0.300000,1.000000,6673,41,0,6628,0,4,0.200,25.071
157,clkbuf_4_5_0_clk,clock_reset,control,tier1,tier0,0.383564,695.865746,198,-0.427746,0.519880,0.300000,1.000000,6673,40,0,6629,0,4,0.199,25.270
158,_9170_,generated_datapath,infrastructure,tier0,tier1,0.183815,695.681931,199,-0.424855,0.519826,0.300000,1.000000,6673,26,1577,5070,0,0,0.122,25.392
159,_6173_,generated_datapath,infrastructure,tier0,tier1,0.170767,695.511164,200,-0.421965,0.519772,0.300000,1.000000,6673,25,1541,5107,0,0,0.125,25.518
160,_6368_,generated_datapath,infrastructure,tier0,tier1,0.170334,695.340830,201,-0.419075,0.519718,0.300000,1.000000,6673,24,1535,5114,0,0,0.123,25.640
161,clkbuf_4_0_0_clk,clock_reset,control,tier1,tier0,0.372708,694.968122,202,-0.416185,0.519989,0.300000,1.000000,6673,29,893,5751,0,0,0.154,25.818
162,_6122_,generated_datapath,infrastructure,tier0,tier1,0.170215,694.797907,203,-0.413295,0.519934,0.300000,1.000000,6673,19,1878,4776,0,0,0.115,25.934
163,place662,generated_control,infrastructure,tier0,tier1,0.143473,694.654434,204,-0.410405,0.519853,0.300000,1.000000,6673,18,1747,4908,0,0,0.118,26.052
164,place762,generated_control,infrastructure,tier1,tier0,0.147024,694.507410,204,-0.410405,0.519934,0.300000,1.000000,6673,21,1540,5112,0,0,0.122,26.173
165,cpuregs[23][29]$_DFFE_PP_,register_file,datapath,tier0,tier1,0.138538,694.368872,206,-0.404624,0.519609,0.300000,1.000000,6673,17,1747,4909,0,0,0.117,26.291
166,clkbuf_4_2_0_clk,clock_reset,control,tier1,tier0,0.310499,694.058373,207,-0.401734,0.519880,0.300000,1.000000,6673,31,0,6638,0,4,0.198,26.489
167,place774,generated_control,infrastructure,tier1,tier0,0.141508,693.916865,207,-0.401734,0.519962,0.300000,1.000000,6673,19,1576,5078,0,0,0.122,26.611
168,cpuregs[21][29]$_DFFE_PP_,register_file,datapath,tier0,tier1,0.138507,693.778358,208,-0.398844,0.519637,0.300000,1.000000,6673,16,1878,4779,0,0,0.115,26.727
169,clkbuf_4_3_0_clk,clock_reset,control,tier1,tier0,0.299827,693.478531,209,-0.395954,0.519907,0.300000,1.000000,6673,28,0,6641,0,4,0.198,26.925
170,cpuregs[20][26]$_DFFE_PP_,register_file,datapath,tier0,tier1,0.138196,693.340335,211,-0.390173,0.519582,0.300000,1.000000,6673,17,1658,4998,0,0,0.122,27.047
171,clkbuf_4_1_0_clk,clock_reset,control,tier1,tier0,0.298862,693.041474,212,-0.387283,0.519853,0.300000,1.000000,6673,26,0,6643,0,4,0.199,27.270
172,cpuregs[22][26]$_DFFE_PP_,register_file,datapath,tier0,tier1,0.138168,692.903305,213,-0.384393,0.519528,0.300000,1.000000,6673,16,1540,5117,0,0,0.122,27.392
173,clkbuf_4_4_0_clk,clock_reset,control,tier1,tier0,0.292871,692.610434,214,-0.381503,0.519799,0.300000,1.000000,6673,24,0,6645,0,4,0.200,27.593
174,cpuregs[21][26]$_DFFE_PP_,register_file,datapath,tier0,tier1,0.138143,692.472292,215,-0.378613,0.519474,0.300000,1.000000,6673,15,1539,5119,0,0,0.122,27.715
175,clkbuf_4_6_0_clk,clock_reset,control,tier1,tier0,0.287568,692.184723,215,-0.378613,0.519745,0.300000,1.000000,6673,22,0,6647,0,4,0.198,27.913
176,cpuregs[0][18]$_DFFE_PP_,register_file,datapath,tier0,tier1,0.136386,692.048337,215,-0.378613,0.519420,0.300000,1.000000,6673,14,991,5668,0,0,0.152,28.065
177,cpuregs[0][18]$_DFFE_PP__116,unclassified,infrastructure,tier0,tier1,1.046552,691.001785,214,-0.381503,0.519379,0.300000,1.000000,6673,21,0,6648,0,4,0.200,28.265
178,mem_addr[5]$_DFFE_PP_,pipeline_state,control,tier1,tier0,0.218881,690.782904,214,-0.381503,0.519704,0.300000,1.000000,6673,20,0,6649,0,4,0.199,28.464
179,output198,generated_control,infrastructure,tier1,tier0,1.446335,689.336569,213,-0.384393,0.519813,0.300000,1.000000,6673,14,898,5761,0,0,0.153,28.618
180,_6219_,generated_datapath,infrastructure,tier0,tier1,0.134914,689.201656,214,-0.381503,0.519758,0.300000,1.000000,6673,13,1539,5121,0,0,0.124,28.742
181,_6280_,generated_datapath,infrastructure,tier0,tier1,0.123875,689.077781,215,-0.378613,0.519704,0.300000,1.000000,6673,12,1531,5130,0,0,0.124,28.889
182,cpuregs[23][26]$_DFFE_PP_,register_file,datapath,tier0,tier1,0.107776,688.970005,216,-0.375723,0.519379,0.300000,1.000000,6673,11,898,5764,0,0,0.153,29.041
183,mem_addr[6]$_DFFE_PP_,pipeline_state,control,tier1,tier0,0.212120,688.757886,216,-0.375723,0.519704,0.300000,1.000000,6673,16,0,6653,0,4,0.199,29.241
184,clkload123,generated_control,infrastructure,tier1,tier0,1.477121,687.280765,216,-0.375723,0.519772,0.300000,1.000000,6673,12,898,5763,0,0,0.152,29.393
185,output199,generated_control,infrastructure,tier1,tier0,1.445624,685.835141,215,-0.378613,0.519880,0.300000,1.000000,6673,11,1534,5128,0,0,0.123,29.516
186,cpuregs[30][26]$_DFFE_PP_,register_file,datapath,tier0,tier1,0.083833,685.751309,215,-0.378613,0.519555,0.300000,1.000000,6673,10,1576,5087,0,0,0.122,29.638
187,mem_wdata[19]$_DFFE_PP_,register_file,datapath,tier1,tier0,2.688767,683.062542,215,-0.378613,0.519880,0.300000,1.000000,6673,19,0,6650,0,4,0.198,29.836
188,output283,register_file,datapath,tier1,tier0,1.086620,681.975922,214,-0.381503,0.519989,0.300000,1.000000,6673,10,1576,5087,0,0,0.121,29.957
189,_5795_,generated_datapath,infrastructure,tier0,tier1,0.069041,681.906881,215,-0.378613,0.519934,0.300000,1.000000,6673,7,1877,4789,0,0,0.115,30.073
190,cpuregs[31][26]$_DFFE_PP_,register_file,datapath,tier0,tier1,0.049194,681.857687,215,-0.378613,0.519609,0.300000,1.000000,6673,6,1742,4925,0,0,0.117,30.190
191,mem_wdata[25]$_DFFE_PP_,register_file,datapath,tier1,tier0,1.496339,680.361348,216,-0.375723,0.519934,0.300000,1.000000,6673,16,0,6653,0,4,0.198,30.411
192,_6704_,decode_control,control,tier0,tier1,0.040790,680.320558,216,-0.375723,0.519894,0.300000,1.000000,6673,5,1742,4926,0,0,0.118,30.529
193,_6719_,decode_control,control,tier0,tier1,0.031410,680.289148,215,-0.378613,0.519853,0.300000,1.000000,6673,6,1649,5018,0,0,0.119,30.649
194,output252,register_file,datapath,tier1,tier0,1.213264,679.075883,214,-0.381503,0.519962,0.300000,1.000000,6673,7,1540,5126,0,0,0.121,30.770
195,_6825_,decode_control,control,tier0,tier1,0.029851,679.046032,213,-0.384393,0.519921,0.300000,1.000000,6673,3,1879,4791,0,0,0.114,30.884
196,_6810_,decode_control,control,tier0,tier1,0.028774,679.017257,212,-0.387283,0.519880,0.300000,1.000000,6673,2,1736,4935,0,0,0.117,31.001
197,output290,register_file,datapath,tier1,tier0,1.086406,677.930851,211,-0.390173,0.519989,0.300000,1.000000,6673,4,1576,5093,0,0,0.120,31.122
198,place759,generated_control,infrastructure,tier0,tier1,0.008819,677.922033,212,-0.387283,0.519907,0.300000,1.000000,6673,1,1880,4792,0,0,0.115,31.237
199,_9449_,pipeline_state,control,tier0,tier1,2.138523,675.783509,212,-0.387283,0.519677,0.300000,1.000000,6673,3,1653,5017,0,0,0.120,31.356
200,place741,generated_control,infrastructure,tier1,tier0,0.017068,675.766441,213,-0.384393,0.519758,0.300000,1.000000,6673,2,898,5773,0,0,0.152,31.508
201,place749,generated_control,infrastructure,tier1,tier0,0.002500,675.763941,214,-0.381503,0.519840,0.300000,1.000000,6673,1,1531,5141,0,0,0.122,31.654
