strategy,net,tier0_connections,tier1_connections,crossing_connections_proxy,total_connections
generic_balance,net1632,26,24,24,50
generic_balance,net1301,23,26,23,49
generic_balance,net1610,23,27,23,50
generic_balance,net1619,23,25,23,48
generic_balance,net1624,24,23,23,47
generic_balance,net1631,23,28,23,51
generic_balance,_0335_,22,24,22,46
generic_balance,net1474,22,24,22,46
generic_balance,net1609,22,24,22,46
generic_balance,net1615,22,27,22,49
generic_balance,_0344_,21,26,21,47
generic_balance,net1597,30,21,21,51
generic_balance,net1636,29,21,21,50
generic_balance,net1637,21,30,21,51
generic_balance,net1638,21,21,21,42
generic_balance,net1475,26,20,20,46
generic_balance,net1607,29,20,20,49
generic_balance,net1616,24,20,20,44
generic_balance,net1617,21,20,20,41
generic_balance,net1633,31,20,20,51
generic_balance,net1352,28,19,19,47
generic_balance,net1484,23,19,19,42
generic_balance,net1592,19,22,19,41
generic_balance,net1612,19,22,19,41
generic_balance,net1625,19,19,19,38
generic_balance,net1627,23,19,19,42
generic_balance,net1456,18,19,18,37
generic_balance,net1459,20,18,18,38
generic_balance,net1620,18,21,18,39
generic_balance,net1253,17,22,17,39
generic_balance,net1476,21,17,17,38
generic_balance,net1482,20,17,17,37
generic_balance,net1618,18,17,17,35
generic_balance,net1621,24,17,17,41
generic_balance,_2331_,16,16,16,32
generic_balance,net1218,16,17,16,33
generic_balance,net1264,17,16,16,33
generic_balance,net1266,17,16,16,33
generic_balance,net1267,16,17,16,33
generic_balance,net1268,17,16,16,33
generic_balance,net1269,16,17,16,33
generic_balance,net1271,16,17,16,33
generic_balance,net1272,17,16,16,33
generic_balance,net1274,17,16,16,33
generic_balance,net1275,16,17,16,33
generic_balance,net1277,16,17,16,33
generic_balance,net1281,16,17,16,33
generic_balance,net1285,16,17,16,33
generic_balance,net1288,17,16,16,33
generic_balance,net1289,16,17,16,33
generic_balance,net1290,17,16,16,33
generic_balance,net1291,16,17,16,33
generic_balance,net1350,16,18,16,34
generic_balance,net1402,16,17,16,33
generic_balance,net1590,16,17,16,33
generic_balance,net1598,18,16,16,34
generic_balance,net1611,16,17,16,33
generic_balance,net1614,16,18,16,34
generic_balance,net1623,31,16,16,47
generic_balance,net1635,16,17,16,33
generic_balance,_3604_,15,15,15,30
generic_balance,net1297,17,15,15,32
generic_balance,net1485,15,20,15,35
generic_balance,net1487,15,20,15,35
generic_balance,net1596,15,24,15,39
generic_balance,net1599,15,15,15,30
generic_balance,net1600,15,15,15,30
generic_balance,net1601,15,16,15,31
generic_balance,net1622,15,15,15,30
generic_balance,net1629,20,15,15,35
generic_balance,net1634,16,15,15,31
generic_balance,net1292,14,21,14,35
generic_balance,net1355,19,14,14,33
generic_balance,net1593,14,23,14,37
generic_balance,net1613,16,14,14,30
generic_balance,_0246_,18,13,13,31
generic_balance,net1276,14,13,13,27
generic_balance,net1278,14,13,13,27
generic_balance,net1279,13,14,13,27
generic_balance,net1280,14,13,13,27
generic_balance,net1282,14,13,13,27
generic_balance,net1283,13,14,13,27
generic_balance,net1284,14,13,13,27
generic_balance,net1286,14,13,13,27
generic_balance,net1602,17,13,13,30
generic_balance,net1604,17,13,13,30
generic_balance,net1630,13,16,13,29
generic_balance,_0286_,18,12,12,30
generic_balance,net1262,13,12,12,25
generic_balance,net1265,12,13,12,25
generic_balance,net1273,12,13,12,25
generic_balance,net1353,14,12,12,26
generic_balance,net1359,12,18,12,30
generic_balance,net1481,12,17,12,29
generic_balance,net1594,12,22,12,34
generic_balance,net1606,12,22,12,34
generic_balance,_0257_,11,11,11,22
generic_balance,_3446_,11,14,11,25
generic_balance,net1270,12,11,11,23
generic_balance,net1477,11,18,11,29
generic_balance,net1479,11,15,11,26
generic_balance,net1345,10,14,10,24
generic_balance,net1356,16,10,10,26
generic_balance,net1480,14,10,10,24
generic_balance,net1628,10,17,10,27
generic_balance,_0159_,10,9,9,19
generic_balance,_2314_,14,9,9,23
generic_balance,net1346,19,9,9,28
generic_balance,net1354,9,12,9,21
generic_balance,net1448,10,9,9,19
generic_balance,net1471,13,9,9,22
generic_balance,net1591,9,10,9,19
generic_balance,net1595,9,15,9,24
generic_balance,net1608,12,9,9,21
generic_balance,net1626,11,9,9,20
generic_balance,_0223_,8,10,8,18
generic_balance,_0224_,8,10,8,18
generic_balance,_2333_,13,8,8,21
generic_balance,_2396_,8,13,8,21
generic_balance,clknet_3_5__leaf_clk,8,8,8,16
generic_balance,net1143,18,8,8,26
generic_balance,net1263,8,9,8,17
generic_balance,net1287,8,9,8,17
generic_balance,net1470,8,14,8,22
generic_balance,net1605,24,8,8,32
generic_balance,net47,12,8,8,20
generic_balance,_0333_,7,8,7,15
generic_balance,_0530_,7,7,7,14
generic_balance,_0637_,12,7,7,19
generic_balance,_2399_,7,12,7,19
generic_balance,_2416_,10,7,7,17
generic_balance,_2418_,9,7,7,16
generic_balance,_3578_,8,7,7,15
generic_balance,clknet_3_0__leaf_clk,9,7,7,16
generic_balance,clknet_3_1__leaf_clk,7,9,7,16
generic_balance,clknet_3_2__leaf_clk,9,7,7,16
generic_balance,net1183,7,9,7,16
generic_balance,net1322,10,7,7,17
generic_balance,net1362,7,8,7,15
generic_balance,net1463,7,7,7,14
generic_balance,net1473,8,7,7,15
generic_balance,net1483,18,7,7,25
generic_balance,net1488,7,19,7,26
generic_balance,net1603,7,11,7,18
generic_balance,net41,7,8,7,15
generic_balance,_0244_,17,6,6,23
generic_balance,_2289_,14,6,6,20
generic_balance,_3442_,16,6,6,22
generic_balance,_3449_,6,11,6,17
generic_balance,clknet_3_4__leaf_clk,10,6,6,16
generic_balance,clknet_leaf_11_clk,7,6,6,13
generic_balance,clknet_leaf_24_clk,6,7,6,13
generic_balance,clknet_leaf_36_clk,6,9,6,15
generic_balance,clknet_leaf_48_clk,6,6,6,12
generic_balance,clknet_leaf_68_clk,6,7,6,13
generic_balance,clknet_leaf_76_clk,6,6,6,12
generic_balance,clknet_leaf_77_clk,6,6,6,12
generic_balance,clknet_leaf_89_clk,7,6,6,13
generic_balance,clknet_leaf_8_clk,6,7,6,13
generic_balance,clknet_leaf_99_clk,6,6,6,12
generic_balance,net1076,10,6,6,16
generic_balance,net1320,6,7,6,13
generic_balance,net1321,6,7,6,13
generic_balance,net1343,6,12,6,18
generic_balance,net1360,6,8,6,14
generic_balance,net1403,14,6,6,20
generic_balance,net1447,6,11,6,17
generic_balance,net1457,6,9,6,15
generic_balance,net1472,13,6,6,19
generic_balance,net1478,6,20,6,26
generic_balance,net36,6,7,6,13
generic_balance,net37,7,6,6,13
generic_balance,net54,6,6,6,12
generic_balance,_0226_,5,5,5,10
generic_balance,_0229_,7,5,5,12
generic_balance,_0256_,5,12,5,17
generic_balance,_0298_,9,5,5,14
generic_balance,_0347_,12,5,5,17
generic_balance,_2336_,5,5,5,10
generic_balance,_2531_,5,5,5,10
generic_balance,_2685_,5,6,5,11
generic_balance,_3443_,5,6,5,11
generic_balance,_3479_,5,8,5,13
generic_balance,_3480_,5,7,5,12
generic_balance,_3679_,6,5,5,11
generic_balance,clknet_3_7__leaf_clk,5,7,5,12
generic_balance,clknet_leaf_10_clk,7,5,5,12
generic_balance,clknet_leaf_15_clk,8,5,5,13
generic_balance,clknet_leaf_23_clk,8,5,5,13
generic_balance,clknet_leaf_34_clk,5,7,5,12
generic_balance,clknet_leaf_43_clk,7,5,5,12
generic_balance,clknet_leaf_50_clk,7,5,5,12
generic_balance,clknet_leaf_53_clk,8,5,5,13
generic_balance,clknet_leaf_69_clk,5,7,5,12
generic_balance,clknet_leaf_70_clk,5,8,5,13
generic_balance,clknet_leaf_75_clk,8,5,5,13
generic_balance,clknet_leaf_78_clk,5,6,5,11
generic_balance,clknet_leaf_84_clk,5,7,5,12
generic_balance,clknet_leaf_86_clk,9,5,5,14
generic_balance,clknet_leaf_92_clk,5,8,5,13
architecture_aware_v1,net1352,25,22,22,47
architecture_aware_v1,net1607,20,29,20,49
architecture_aware_v1,net1459,19,19,19,38
architecture_aware_v1,net1456,19,18,18,37
architecture_aware_v1,net1623,18,29,18,47
architecture_aware_v1,net1355,18,15,15,33
architecture_aware_v1,net1487,20,15,15,35
architecture_aware_v1,net1624,15,32,15,47
architecture_aware_v1,_0246_,14,17,14,31
architecture_aware_v1,_3604_,16,14,14,30
architecture_aware_v1,net1606,14,20,14,34
architecture_aware_v1,net1630,14,15,14,29
architecture_aware_v1,net1604,13,17,13,30
architecture_aware_v1,net1625,13,25,13,38
architecture_aware_v1,net1301,37,12,12,49
architecture_aware_v1,net1476,12,26,12,38
architecture_aware_v1,net1592,29,12,12,41
architecture_aware_v1,net1629,12,23,12,35
architecture_aware_v1,net1253,28,11,11,39
architecture_aware_v1,net1346,11,17,11,28
architecture_aware_v1,net1353,15,11,11,26
architecture_aware_v1,net1475,11,35,11,46
architecture_aware_v1,net1627,11,31,11,42
architecture_aware_v1,net1350,24,10,10,34
architecture_aware_v1,net1628,10,17,10,27
architecture_aware_v1,_0257_,13,9,9,22
architecture_aware_v1,net1474,9,37,9,46
architecture_aware_v1,net1605,9,23,9,32
architecture_aware_v1,_0347_,9,8,8,17
architecture_aware_v1,_2416_,9,8,8,17
architecture_aware_v1,net1322,8,9,8,17
architecture_aware_v1,net1478,8,18,8,26
architecture_aware_v1,net47,8,12,8,20
architecture_aware_v1,_2396_,7,14,7,21
architecture_aware_v1,net1143,7,19,7,26
architecture_aware_v1,net1477,7,22,7,29
architecture_aware_v1,net1596,7,32,7,39
architecture_aware_v1,net1608,14,7,7,21
architecture_aware_v1,net1626,7,13,7,20
architecture_aware_v1,clknet_leaf_68_clk,6,7,6,13
architecture_aware_v1,clknet_leaf_86_clk,6,8,6,14
architecture_aware_v1,clknet_leaf_89_clk,7,6,6,13
architecture_aware_v1,clknet_leaf_92_clk,7,6,6,13
architecture_aware_v1,net1297,26,6,6,32
architecture_aware_v1,net1319,7,6,6,13
architecture_aware_v1,net1320,7,6,6,13
architecture_aware_v1,net1321,6,7,6,13
architecture_aware_v1,net1349,6,6,6,12
architecture_aware_v1,net1356,20,6,6,26
architecture_aware_v1,net1359,24,6,6,30
architecture_aware_v1,net1471,6,16,6,22
architecture_aware_v1,net1591,13,6,6,19
architecture_aware_v1,net1597,6,45,6,51
architecture_aware_v1,net1602,6,24,6,30
architecture_aware_v1,_0286_,5,25,5,30
architecture_aware_v1,_2333_,5,16,5,21
architecture_aware_v1,_2336_,5,5,5,10
architecture_aware_v1,_3446_,5,20,5,25
architecture_aware_v1,clknet_leaf_0_clk,5,8,5,13
architecture_aware_v1,clknet_leaf_87_clk,5,7,5,12
architecture_aware_v1,clknet_leaf_91_clk,8,5,5,13
architecture_aware_v1,clknet_leaf_99_clk,7,5,5,12
architecture_aware_v1,net1317,5,5,5,10
architecture_aware_v1,net1362,10,5,5,15
architecture_aware_v1,net1400,5,7,5,12
architecture_aware_v1,net1463,5,9,5,14
architecture_aware_v1,net1479,5,21,5,26
architecture_aware_v1,net1636,45,5,5,50
architecture_aware_v1,net36,8,5,5,13
architecture_aware_v1,net41,10,5,5,15
architecture_aware_v1,_0159_,4,15,4,19
architecture_aware_v1,_0192_,5,4,4,9
architecture_aware_v1,_0224_,14,4,4,18
architecture_aware_v1,_0298_,4,10,4,14
architecture_aware_v1,_0301_,4,6,4,10
architecture_aware_v1,_0321_,4,6,4,10
architecture_aware_v1,_2289_,4,16,4,20
architecture_aware_v1,_2314_,4,19,4,23
architecture_aware_v1,_2399_,4,15,4,19
architecture_aware_v1,_2530_,4,5,4,9
architecture_aware_v1,_2531_,4,6,4,10
architecture_aware_v1,_2685_,4,7,4,11
architecture_aware_v1,_3442_,4,18,4,22
architecture_aware_v1,clknet_leaf_93_clk,8,4,4,12
architecture_aware_v1,net1264,29,4,4,33
architecture_aware_v1,net1266,29,4,4,33
architecture_aware_v1,net1267,29,4,4,33
architecture_aware_v1,net1268,29,4,4,33
architecture_aware_v1,net1269,29,4,4,33
architecture_aware_v1,net1271,29,4,4,33
architecture_aware_v1,net1272,29,4,4,33
architecture_aware_v1,net1274,29,4,4,33
architecture_aware_v1,net1275,29,4,4,33
architecture_aware_v1,net1277,29,4,4,33
architecture_aware_v1,net1281,29,4,4,33
architecture_aware_v1,net1285,29,4,4,33
architecture_aware_v1,net1287,13,4,4,17
architecture_aware_v1,net1288,29,4,4,33
architecture_aware_v1,net1289,29,4,4,33
architecture_aware_v1,net1290,29,4,4,33
architecture_aware_v1,net1291,29,4,4,33
architecture_aware_v1,net1309,4,5,4,9
architecture_aware_v1,net1313,6,4,4,10
architecture_aware_v1,net1324,4,4,4,8
architecture_aware_v1,net1402,29,4,4,33
architecture_aware_v1,net1403,4,16,4,20
architecture_aware_v1,net1448,15,4,4,19
architecture_aware_v1,net1452,5,4,4,9
architecture_aware_v1,net1457,4,11,4,15
architecture_aware_v1,net1469,4,8,4,12
architecture_aware_v1,net1612,37,4,4,41
architecture_aware_v1,net35,5,4,4,9
architecture_aware_v1,net37,9,4,4,13
architecture_aware_v1,net42,5,4,4,9
architecture_aware_v1,_0011_,3,4,3,7
architecture_aware_v1,_0015_,3,4,3,7
architecture_aware_v1,_0033_,3,5,3,8
architecture_aware_v1,_0088_,3,3,3,6
architecture_aware_v1,_0160_,3,6,3,9
architecture_aware_v1,_0161_,3,5,3,8
architecture_aware_v1,_0171_,4,3,3,7
architecture_aware_v1,_0182_,3,3,3,6
architecture_aware_v1,_0183_,3,3,3,6
architecture_aware_v1,_0187_,3,3,3,6
architecture_aware_v1,_0196_,3,3,3,6
architecture_aware_v1,_0229_,9,3,3,12
architecture_aware_v1,_0234_,7,3,3,10
architecture_aware_v1,_0244_,3,20,3,23
architecture_aware_v1,_0333_,3,12,3,15
architecture_aware_v1,_0558_,3,3,3,6
architecture_aware_v1,_1617_,3,5,3,8
architecture_aware_v1,_2330_,4,3,3,7
architecture_aware_v1,_2418_,3,13,3,16
architecture_aware_v1,_2528_,4,3,3,7
architecture_aware_v1,_2532_,3,3,3,6
architecture_aware_v1,_2538_,3,7,3,10
architecture_aware_v1,_2543_,6,3,3,9
architecture_aware_v1,_2676_,3,7,3,10
architecture_aware_v1,_2780_,3,3,3,6
architecture_aware_v1,_3015_,3,3,3,6
architecture_aware_v1,_3443_,8,3,3,11
architecture_aware_v1,_3478_,3,4,3,7
architecture_aware_v1,_3479_,3,10,3,13
architecture_aware_v1,clknet_leaf_84_clk,9,3,3,12
architecture_aware_v1,net1128,3,3,3,6
architecture_aware_v1,net1162,3,4,3,7
architecture_aware_v1,net1192,3,3,3,6
architecture_aware_v1,net1197,3,4,3,7
architecture_aware_v1,net1198,3,3,3,6
architecture_aware_v1,net1199,4,3,3,7
architecture_aware_v1,net1202,3,3,3,6
architecture_aware_v1,net1203,3,3,3,6
architecture_aware_v1,net1218,3,30,3,33
architecture_aware_v1,net1252,4,3,3,7
architecture_aware_v1,net1276,24,3,3,27
architecture_aware_v1,net1278,24,3,3,27
architecture_aware_v1,net1279,24,3,3,27
architecture_aware_v1,net1280,24,3,3,27
architecture_aware_v1,net1282,24,3,3,27
architecture_aware_v1,net1283,24,3,3,27
architecture_aware_v1,net1284,24,3,3,27
architecture_aware_v1,net1286,24,3,3,27
architecture_aware_v1,net129,7,3,3,10
architecture_aware_v1,net1307,4,3,3,7
architecture_aware_v1,net1328,5,3,3,8
architecture_aware_v1,net1330,4,3,3,7
architecture_aware_v1,net1334,5,3,3,8
architecture_aware_v1,net1345,21,3,3,24
architecture_aware_v1,net1354,18,3,3,21
architecture_aware_v1,net1360,11,3,3,14
architecture_aware_v1,net1380,5,3,3,8
architecture_aware_v1,net1387,8,3,3,11
architecture_aware_v1,net1393,4,3,3,7
architecture_aware_v1,net1421,3,3,3,6
architecture_aware_v1,net1464,6,3,3,9
architecture_aware_v1,net1481,3,26,3,29
architecture_aware_v1,net1485,3,32,3,35
architecture_aware_v1,net1603,3,15,3,18
architecture_aware_v1,net1614,31,3,3,34
architecture_aware_v1,net1631,48,3,3,51
architecture_aware_v1,net1632,47,3,3,50
architecture_aware_v1,net58,8,3,3,11
architecture_aware_v1,net62,5,3,3,8
architecture_aware_v1,_0007_,2,3,2,5
architecture_aware_v1,_0008_,2,2,2,4
architecture_aware_v1,_0012_,4,2,2,6
architecture_aware_v1,_0013_,2,3,2,5
architecture_aware_v1,_0014_,3,2,2,5
architecture_aware_v1,_0016_,2,3,2,5
architecture_aware_v1,_0018_,2,3,2,5
architecture_aware_v1,_0026_,4,2,2,6
architecture_aware_v1,_0028_,2,3,2,5
architecture_aware_v1,_0032_,3,2,2,5
architecture_aware_v1,_0064_,2,3,2,5
architecture_aware_v1,_0116_,4,2,2,6
architecture_aware_v1,_0124_,2,2,2,4
architecture_aware_v1,_0136_,2,2,2,4
architecture_aware_v1,_0145_,2,3,2,5
architecture_aware_v1,_0157_,2,2,2,4
architecture_aware_v1,_0158_,2,2,2,4
architecture_score_v2,net1636,29,21,21,50
architecture_score_v2,net1619,28,20,20,48
architecture_score_v2,net1611,15,18,15,33
architecture_score_v2,net1618,20,15,15,35
architecture_score_v2,net1352,14,33,14,47
architecture_score_v2,net1634,18,13,13,31
architecture_score_v2,net1616,32,12,12,44
architecture_score_v2,net1487,11,24,11,35
architecture_score_v2,net1605,10,22,10,32
architecture_score_v2,_0344_,9,38,9,47
architecture_score_v2,net1606,9,25,9,34
architecture_score_v2,net1607,9,40,9,49
architecture_score_v2,_0257_,8,14,8,22
architecture_score_v2,_0335_,8,38,8,46
architecture_score_v2,net1610,42,8,8,50
architecture_score_v2,net1625,8,30,8,38
architecture_score_v2,net1630,8,21,8,29
architecture_score_v2,net1353,7,19,7,26
architecture_score_v2,net1603,7,11,7,18
architecture_score_v2,net1631,44,7,7,51
architecture_score_v2,net1633,44,7,7,51
architecture_score_v2,clknet_leaf_86_clk,6,8,6,14
architecture_score_v2,clknet_leaf_92_clk,7,6,6,13
architecture_score_v2,net1615,43,6,6,49
architecture_score_v2,net1627,6,36,6,42
architecture_score_v2,_0256_,5,12,5,17
architecture_score_v2,_0347_,5,12,5,17
architecture_score_v2,clknet_leaf_0_clk,5,8,5,13
architecture_score_v2,clknet_leaf_68_clk,5,8,5,13
architecture_score_v2,clknet_leaf_87_clk,5,7,5,12
architecture_score_v2,clknet_leaf_89_clk,8,5,5,13
architecture_score_v2,clknet_leaf_91_clk,8,5,5,13
architecture_score_v2,net1301,44,5,5,49
architecture_score_v2,net1319,8,5,5,13
architecture_score_v2,net1320,5,8,5,13
architecture_score_v2,net1322,5,12,5,17
architecture_score_v2,net1448,5,14,5,19
architecture_score_v2,net1591,5,14,5,19
architecture_score_v2,net1592,36,5,5,41
architecture_score_v2,net1598,5,29,5,34
architecture_score_v2,net1612,36,5,5,41
architecture_score_v2,net1617,36,5,5,41
architecture_score_v2,net47,5,15,5,20
architecture_score_v2,_0646_,4,4,4,8
architecture_score_v2,_2685_,4,7,4,11
architecture_score_v2,clknet_leaf_93_clk,8,4,4,12
architecture_score_v2,clknet_leaf_99_clk,8,4,4,12
architecture_score_v2,net1264,29,4,4,33
architecture_score_v2,net1266,29,4,4,33
architecture_score_v2,net1267,29,4,4,33
architecture_score_v2,net1268,29,4,4,33
architecture_score_v2,net1269,29,4,4,33
architecture_score_v2,net1271,29,4,4,33
architecture_score_v2,net1272,29,4,4,33
architecture_score_v2,net1274,29,4,4,33
architecture_score_v2,net1275,29,4,4,33
architecture_score_v2,net1277,29,4,4,33
architecture_score_v2,net1281,29,4,4,33
architecture_score_v2,net1285,29,4,4,33
architecture_score_v2,net1288,29,4,4,33
architecture_score_v2,net1289,29,4,4,33
architecture_score_v2,net1291,29,4,4,33
architecture_score_v2,net1309,4,5,4,9
architecture_score_v2,net1321,4,9,4,13
architecture_score_v2,net1355,29,4,4,33
architecture_score_v2,net1360,10,4,4,14
architecture_score_v2,net1400,4,8,4,12
architecture_score_v2,net1402,29,4,4,33
architecture_score_v2,net1623,4,43,4,47
architecture_score_v2,net1626,4,16,4,20
architecture_score_v2,net1629,4,31,4,35
architecture_score_v2,net1637,47,4,4,51
architecture_score_v2,net1638,38,4,4,42
architecture_score_v2,_0033_,3,5,3,8
architecture_score_v2,_0202_,3,3,3,6
architecture_score_v2,_0224_,15,3,3,18
architecture_score_v2,_0229_,9,3,3,12
architecture_score_v2,_0234_,7,3,3,10
architecture_score_v2,_0333_,3,12,3,15
architecture_score_v2,net1276,24,3,3,27
architecture_score_v2,net1278,24,3,3,27
architecture_score_v2,net1279,24,3,3,27
architecture_score_v2,net1280,24,3,3,27
architecture_score_v2,net1282,24,3,3,27
architecture_score_v2,net1283,24,3,3,27
architecture_score_v2,net1284,24,3,3,27
architecture_score_v2,net1286,24,3,3,27
architecture_score_v2,net1287,14,3,3,17
architecture_score_v2,net1307,3,4,3,7
architecture_score_v2,net1324,5,3,3,8
architecture_score_v2,net1334,5,3,3,8
architecture_score_v2,net1350,31,3,3,34
architecture_score_v2,net1472,16,3,3,19
architecture_score_v2,net153,3,5,3,8
architecture_score_v2,net1614,31,3,3,34
architecture_score_v2,net1621,38,3,3,41
architecture_score_v2,net1624,3,44,3,47
architecture_score_v2,net1632,47,3,3,50
architecture_score_v2,net36,3,10,3,13
architecture_score_v2,net59,12,3,3,15
architecture_score_v2,_0225_,8,2,2,10
architecture_score_v2,_0226_,8,2,2,10
architecture_score_v2,_0246_,2,29,2,31
architecture_score_v2,_0286_,2,28,2,30
architecture_score_v2,_0637_,17,2,2,19
architecture_score_v2,_1617_,2,6,2,8
architecture_score_v2,_2416_,2,15,2,17
architecture_score_v2,_2418_,2,14,2,16
architecture_score_v2,_2425_,2,3,2,5
architecture_score_v2,_2526_,2,2,2,4
architecture_score_v2,_2632_,2,3,2,5
architecture_score_v2,_2686_,5,2,2,7
architecture_score_v2,clknet_leaf_101_clk,2,7,2,9
architecture_score_v2,clknet_leaf_71_clk,11,2,2,13
architecture_score_v2,clknet_leaf_72_clk,2,11,2,13
architecture_score_v2,clknet_leaf_74_clk,2,11,2,13
architecture_score_v2,clknet_leaf_84_clk,10,2,2,12
architecture_score_v2,clknet_leaf_94_clk,2,11,2,13
architecture_score_v2,dp.rf.rf[24][25],2,2,2,4
architecture_score_v2,dp.rf.rf[24][26],2,2,2,4
architecture_score_v2,dp.rf.rf[24][27],2,2,2,4
architecture_score_v2,dp.rf.rf[24][30],2,2,2,4
architecture_score_v2,dp.rf.rf[24][31],2,2,2,4
architecture_score_v2,net1262,23,2,2,25
architecture_score_v2,net1265,23,2,2,25
architecture_score_v2,net1290,31,2,2,33
architecture_score_v2,net1299,5,2,2,7
architecture_score_v2,net1310,2,3,2,5
architecture_score_v2,net1317,8,2,2,10
architecture_score_v2,net1326,4,2,2,6
architecture_score_v2,net1330,5,2,2,7
architecture_score_v2,net1340,6,2,2,8
architecture_score_v2,net1351,6,2,2,8
architecture_score_v2,net1367,3,2,2,5
architecture_score_v2,net1372,3,2,2,5
architecture_score_v2,net1374,2,3,2,5
architecture_score_v2,net1378,6,2,2,8
architecture_score_v2,net1380,6,2,2,8
architecture_score_v2,net1387,9,2,2,11
architecture_score_v2,net1390,5,2,2,7
architecture_score_v2,net1391,2,3,2,5
architecture_score_v2,net1393,5,2,2,7
architecture_score_v2,net1456,2,35,2,37
architecture_score_v2,net1459,2,36,2,38
architecture_score_v2,net156,4,2,2,6
architecture_score_v2,net1609,44,2,2,46
architecture_score_v2,net1620,37,2,2,39
architecture_score_v2,net1622,28,2,2,30
architecture_score_v2,net1628,2,25,2,27
architecture_score_v2,net1761,3,2,2,5
architecture_score_v2,_0032_,4,1,1,5
architecture_score_v2,_0105_,1,2,1,3
architecture_score_v2,_0145_,1,4,1,5
architecture_score_v2,_0154_,1,2,1,3
architecture_score_v2,_0159_,1,18,1,19
architecture_score_v2,_0199_,1,3,1,4
architecture_score_v2,_0200_,1,5,1,6
architecture_score_v2,_0206_,1,1,1,2
architecture_score_v2,_0207_,1,1,1,2
architecture_score_v2,_0208_,7,1,1,8
architecture_score_v2,_0209_,7,1,1,8
architecture_score_v2,_0210_,7,1,1,8
architecture_score_v2,_0211_,7,1,1,8
architecture_score_v2,_0212_,7,1,1,8
architecture_score_v2,_0213_,7,1,1,8
architecture_score_v2,_0237_,7,1,1,8
architecture_score_v2,_0238_,7,1,1,8
architecture_score_v2,_0244_,1,22,1,23
architecture_score_v2,_0254_,3,1,1,4
architecture_score_v2,_0315_,1,1,1,2
architecture_score_v2,_0399_,1,1,1,2
architecture_score_v2,_0412_,1,1,1,2
architecture_score_v2,_0558_,1,5,1,6
architecture_score_v2,_0564_,1,1,1,2
architecture_score_v2,_0567_,1,1,1,2
architecture_score_v2,_0570_,1,1,1,2
architecture_score_v2,_0575_,1,1,1,2
architecture_score_v2,_0580_,1,1,1,2
architecture_score_v2,_0588_,1,1,1,2
architecture_score_v2,_0593_,1,1,1,2
architecture_score_v2,_0598_,1,1,1,2
architecture_score_v2,_0607_,1,1,1,2
architecture_score_v2,_0613_,1,1,1,2
architecture_score_v2,_0621_,1,1,1,2
architecture_score_v2,_0622_,1,1,1,2
architecture_score_v2,_0623_,1,1,1,2
architecture_score_v2,_0625_,1,1,1,2
architecture_score_v2,_0626_,1,1,1,2
architecture_score_v2,_0627_,1,1,1,2
architecture_score_v2,_0631_,1,1,1,2
architecture_score_v2,_0639_,1,1,1,2
architecture_score_v2,_0640_,1,1,1,2
architecture_score_v2,_0642_,1,1,1,2
architecture_score_v2,_0643_,1,1,1,2
architecture_score_v2,_0651_,1,1,1,2
architecture_score_v2,_0653_,1,1,1,2
architecture_score_v2,_0654_,1,1,1,2
architecture_score_v2,_0663_,1,1,1,2
architecture_score_v2,_0669_,1,1,1,2
architecture_score_v2,_0673_,1,1,1,2
