block_pass,path_index,target_tier,block_size,score,crossing_path_count_delta,path_transition_count_delta,net_proxy_delta,net_proxy,instance_balance,weight_balance,moved_instances
0,103,tier0,11,-60.290000,-2,-4,29,481,0.917056,0.931206,_18110_;_21226_;_25073_;place3908;_25074_;_297_;_310_;_313_;_314_;_316_;_320_
0,104,tier0,5,-27.660000,-1,-2,15,496,0.915879,0.930158,_301_;_324_;_325_;_327_;_331_
0,108,tier0,2,-53.410000,-2,-2,6,502,0.915408,0.929759,_421_;_425_
0,113,tier0,2,-53.300000,-2,-2,7,509,0.914938,0.929261,_410_;_414_
0,83,tier1,7,-296.160000,-11,-3,10,519,0.916585,0.930856,if_stage_i.instr_rdata_id_o[21]$_DFFE_PP_;place4057;_19018_;_19020_;place3123;_19021_;_19037_
0,0,tier1,3,-306.035000,-13,-1,5,524,0.917291,0.931305,input164;place4163;place4153
0,4,tier1,1,-990.740000,-37,-2,0,524,0.917527,0.931455,place4178
0,82,tier0,1,-0.840000,0,-1,0,524,0.917291,0.931255,core_clock_gate_i.en_latch$_DLATCH_N_
0,50,tier0,1,-26.730000,-1,-1,1,525,0.917056,0.931056,_17071_
