pass,move_index,instance,architecture_unit,from_tier,to_tier,gain,scenario_gain,physical_gain,timing_gain,combined_risk_gain,instance_balance_after,weight_balance_after
1,1,_6013_,generated_datapath,tier0,tier1,1.502096,2.994528,-1.533966,0.041533,-1.492432,0.939486,0.909109
1,2,_5511_,generated_control,tier0,tier1,0.372076,1.246443,-1.592821,0.718454,-0.874367,0.940142,0.908079
1,3,_5754_,generated_control,tier0,tier1,0.620490,1.977814,-1.362215,0.004890,-1.357324,0.940798,0.907049
1,4,_5168_,generated_datapath,tier0,tier1,33.434435,33.250334,0.177414,0.006687,0.184101,0.941455,0.906149
1,5,_5791_,generated_datapath,tier0,tier1,26.803018,26.675915,0.127103,0.000000,0.127103,0.942112,0.905250
1,6,_5034_,generated_datapath,tier0,tier1,16.932011,16.803309,0.128702,0.000000,0.128702,0.942770,0.904351
1,7,_5487_,generated_datapath,tier0,tier1,16.791953,16.667150,0.124804,0.000000,0.124804,0.943428,0.903454
1,8,_5485_,generated_datapath,tier0,tier1,28.456272,28.210131,0.246141,0.000000,0.246141,0.944087,0.902557
1,9,_5789_,generated_datapath,tier0,tier1,28.460255,28.210438,0.249817,0.000000,0.249817,0.944746,0.901661
1,10,_5717_,generated_datapath,tier0,tier1,18.588352,18.345124,0.243228,0.000000,0.243228,0.945405,0.900766
1,11,dp.rf.rf[24][20]$_DFFE_PP_,pipeline_state,tier0,tier1,9.092670,9.193759,-0.103390,0.002302,-0.101088,0.946065,0.900000
1,12,_4300_,generated_datapath,tier1,tier0,0.415152,1.384780,-0.969629,0.000000,-0.969629,0.945405,0.900639
1,13,_7328_,generated_datapath,tier0,tier1,0.683272,1.873212,-1.189941,0.000000,-1.189941,0.946065,0.900000
1,14,_3843_,generated_control,tier1,tier0,1.271612,2.344035,-1.072423,0.000000,-1.072423,0.945405,0.900639
1,15,_5016_,generated_control,tier0,tier1,23.239305,22.574089,0.665216,0.000000,0.665216,0.946065,0.900128
1,16,_4963_,generated_control,tier1,tier0,0.014222,0.435092,-0.420870,0.000000,-0.420870,0.945405,0.900639
1,17,_5041_,generated_control,tier0,tier1,1.950692,2.363626,-0.412933,0.000000,-0.412933,0.946065,0.900128
1,18,_4317_,generated_control,tier1,tier0,7.062631,7.468024,-0.405394,0.000000,-0.405394,0.945405,0.900639
1,19,_4504_,generated_control,tier1,tier0,7.108524,7.514576,-0.406052,0.000000,-0.406052,0.944746,0.901150
1,20,_4775_,generated_control,tier1,tier0,6.630012,7.134446,-0.504434,0.000000,-0.504434,0.944087,0.901661
1,21,clkbuf_leaf_41_clk,clock_reset,tier1,tier0,4.474719,4.706007,-0.243818,0.012530,-0.231288,0.943428,0.902045
1,22,clkbuf_leaf_66_clk,clock_reset,tier1,tier0,2.892363,3.109756,-0.217393,0.000000,-0.217393,0.942770,0.902429
1,23,input43,fetch,tier1,tier0,0.749075,0.749075,0.000000,0.000000,0.000000,0.942112,0.902813
1,24,place977,execute_alu,tier0,tier1,18.418782,18.526632,-0.109991,0.002141,-0.107850,0.942770,0.902429
1,25,place981,execute_alu,tier0,tier1,18.422328,18.463228,-0.043177,0.002278,-0.040900,0.943428,0.902045
1,26,place984,execute_alu,tier0,tier1,18.342971,18.478317,-0.137488,0.002142,-0.135346,0.944087,0.901661
1,27,place993,execute_alu,tier0,tier1,18.344323,18.536899,-0.194754,0.002178,-0.192576,0.944746,0.901278
1,28,place1623,generated_control,tier1,tier0,6.505780,6.287234,0.216157,0.002390,0.218547,0.944087,0.901661
1,29,place1639,generated_control,tier1,tier0,10.070527,9.873906,0.196621,0.000000,0.196621,0.943428,0.902045
1,30,place1343,generated_control,tier1,tier0,1.770379,1.723457,0.046922,0.000000,0.046922,0.942770,0.902429
1,31,place1382,generated_control,tier1,tier0,1.642909,1.599959,0.042949,0.000000,0.042949,0.942112,0.902813
1,32,place1337,generated_control,tier1,tier0,1.685078,1.634920,0.010472,0.039686,0.050158,0.941455,0.903198
1,33,place1321,generated_control,tier1,tier0,3.328267,3.067968,0.254299,0.006000,0.260299,0.940798,0.903582
1,34,place1369,generated_control,tier1,tier0,0.109796,0.005979,0.103817,0.000000,0.103817,0.940142,0.903967
1,35,place1398,generated_control,tier1,tier0,0.129850,0.020327,0.109523,0.000000,0.109523,0.939486,0.904351
1,36,place1423,generated_control,tier1,tier0,0.105618,-0.007735,0.113353,0.000000,0.113353,0.938831,0.904736
1,37,place1446,generated_control,tier1,tier0,0.134398,0.024737,0.109661,0.000000,0.109661,0.938176,0.905121
1,38,place1323,generated_control,tier1,tier0,4.579059,4.400459,0.171924,0.006676,0.178600,0.937521,0.905507
1,39,place1322,generated_control,tier1,tier0,3.395650,3.158991,0.236660,0.000000,0.236660,0.936867,0.905892
1,40,place1605,generated_control,tier0,tier1,7.399175,7.206278,0.192897,0.000000,0.192897,0.937521,0.905507
1,41,place1317,generated_control,tier1,tier0,1.626565,1.596110,0.030455,0.000000,0.030455,0.936867,0.905892
1,42,place1334,generated_control,tier1,tier0,1.538558,1.498585,0.039973,0.000000,0.039973,0.936213,0.906277
1,43,place1389,generated_control,tier1,tier0,1.663767,1.564571,0.099196,0.000000,0.099196,0.935560,0.906663
1,44,place1402,generated_control,tier1,tier0,1.571763,1.509313,0.062450,0.000000,0.062450,0.934907,0.907049
1,45,place1392,generated_control,tier1,tier0,0.946090,0.914776,0.031314,0.000000,0.031314,0.934255,0.907435
1,46,place1626,generated_control,tier1,tier0,5.451409,5.407199,0.044210,0.000000,0.044210,0.933603,0.907821
1,47,place1372,generated_control,tier1,tier0,0.202556,0.124219,0.078337,0.000000,0.078337,0.932951,0.908207
1,48,place1436,generated_control,tier1,tier0,0.033860,0.027000,0.006861,0.000000,0.006861,0.932300,0.908594
1,49,place1315,generated_control,tier1,tier0,0.707277,0.692434,0.014843,0.000000,0.014843,0.931650,0.908980
1,50,place1319,generated_control,tier1,tier0,0.925365,0.869886,0.055480,0.000000,0.055480,0.931000,0.909367
1,51,place1339,generated_control,tier1,tier0,1.167085,1.234364,-0.067279,0.000000,-0.067279,0.930350,0.909754
1,52,place1400,generated_control,tier1,tier0,0.899182,0.743649,0.155533,0.000000,0.155533,0.929701,0.910141
1,53,place1475,generated_control,tier1,tier0,21.866228,20.760417,1.105811,0.000000,1.105811,0.929052,0.910528
1,54,clkload81,clock_reset,tier1,tier0,3.201615,3.201615,0.000000,0.000000,0.000000,0.928403,0.910787
1,55,clkload32,generated_control,tier1,tier0,29.365901,28.989967,0.375934,0.000000,0.375934,0.927755,0.911045
1,summary,,,,,423.097319,,,,,0.927755,0.911045
2,1,_5746_,generated_datapath,tier0,tier1,18.446198,18.265877,0.180321,0.000000,0.180321,0.928403,0.910141
2,2,_5163_,generated_datapath,tier0,tier1,35.193146,35.038671,0.147682,0.006793,0.154475,0.929052,0.909238
2,3,_5179_,generated_datapath,tier0,tier1,35.195557,35.085406,0.103359,0.006793,0.110152,0.929701,0.908336
2,4,_5495_,generated_datapath,tier0,tier1,8.489413,8.271190,0.218223,0.000000,0.218223,0.930350,0.907435
2,5,_5785_,generated_datapath,tier0,tier1,8.451177,8.238875,0.212302,0.000000,0.212302,0.931000,0.906534
2,6,_5730_,generated_datapath,tier0,tier1,9.738985,9.408862,0.330123,0.000000,0.330123,0.931650,0.905635
2,7,_6026_,generated_datapath,tier0,tier1,2.166409,2.451840,-0.992793,0.707362,-0.285431,0.932300,0.904736
2,8,dp.rf.rf[25][20]$_DFFE_PP_,pipeline_state,tier0,tier1,8.687913,8.821385,-0.133471,0.000000,-0.133471,0.932951,0.903967
2,9,dp.rf.rf[26][20]$_DFFE_PP_,pipeline_state,tier0,tier1,12.815485,12.906698,-0.101370,0.010156,-0.091214,0.933603,0.903198
2,10,dp.rf.rf[16][20]$_DFFE_PP_,pipeline_state,tier0,tier1,15.335589,15.408072,-0.082611,0.010128,-0.072483,0.934255,0.902429
2,11,dp.rf.rf[18][20]$_DFFE_PP_,pipeline_state,tier0,tier1,30.167215,29.844556,0.312358,0.010301,0.322659,0.934907,0.901661
2,12,dp.rf.rf[19][20]$_DFFE_PP_,pipeline_state,tier0,tier1,30.168192,29.844649,0.313134,0.010409,0.323543,0.935560,0.900894
2,13,dp.rf.rf[22][28]$_DFFE_PP_,pipeline_state,tier0,tier1,16.961494,17.008923,-0.057619,0.010190,-0.047430,0.936213,0.900128
2,14,clkbuf_leaf_53_clk,clock_reset,tier1,tier0,5.690122,5.915307,-0.225185,0.000000,-0.225185,0.935560,0.900511
2,15,input39,fetch,tier1,tier0,6.643662,6.270730,0.372933,0.000000,0.372933,0.934907,0.900894
2,16,input45,fetch,tier1,tier0,6.611967,6.265373,0.346595,0.000000,0.346595,0.934255,0.901278
2,summary,,,,,250.762524,,,,,0.934255,0.901278
3,1,_5512_,generated_control,tier0,tier1,3.874223,3.785449,0.084386,0.004387,0.088773,0.934907,0.900255
3,summary,,,,,3.874223,,,,,0.934907,0.900255
4,summary,,,,,0.000000,,,,,0.934907,0.900255
