candidate_index,instance,architecture_unit,from_tier,to_tier,accepted,reject_reason,cut_regret_after,tier0_area_fraction_after,P_avg_cut_after,P_avg_cut_regret_after,P_wst_cut_after,P_wst_cut_delta_after,gain
1,_4416_,generated_control,tier1,tier0,true,,0.021739,0.487102,0.410000,0.000000,2.000000,0.000000,6.643248
2,_4411_,generated_control,tier1,tier0,true,,0.043478,0.487406,0.410000,0.000000,2.000000,0.000000,6.380371
3,_4412_,generated_control,tier1,tier0,false,cut_regret,0.065217,0.487710,,,,,6.162308
4,_4417_,generated_control,tier1,tier0,false,cut_regret,0.065217,0.487710,,,,,6.232489
5,_4747_,generated_control,tier1,tier0,false,cut_regret,0.065217,0.487710,,,,,3.789836
6,_4796_,generated_control,tier1,tier0,false,cut_regret,0.065217,0.487710,,,,,0.571756
7,_4434_,generated_control,tier0,tier1,false,cut_regret,0.065217,0.487102,,,,,2.514470
8,_4440_,generated_control,tier0,tier1,false,cut_regret,0.065217,0.487102,,,,,2.513210
9,_4545_,generated_datapath,tier1,tier0,false,cut_regret,0.060870,0.487524,,,,,6.956871
10,_4701_,generated_datapath,tier1,tier0,false,cut_regret,0.060870,0.487524,,,,,6.979143
11,_4651_,generated_datapath,tier1,tier0,false,cut_regret,0.060870,0.487524,,,,,6.991062
12,_4030_,generated_datapath,tier1,tier0,false,cut_regret,0.056522,0.487524,,,,,0.357259
13,_4914_,generated_datapath,tier1,tier0,false,cut_regret,0.056522,0.487524,,,,,20.699923
14,_4336_,generated_datapath,tier1,tier0,true,,0.047826,0.487524,0.410000,0.000000,2.000000,0.000000,0.758374
15,_4508_,generated_datapath,tier1,tier0,false,cut_regret,0.060870,0.487642,,,,,18.758037
16,_4848_,generated_datapath,tier0,tier1,false,cut_regret,0.065217,0.487389,,,,,13.884074
17,_4352_,generated_datapath,tier1,tier0,false,cut_regret,0.056522,0.487642,,,,,3.220705
18,_4097_,generated_datapath,tier1,tier0,false,cut_regret,0.065217,0.487676,,,,,12.105303
19,dp.rf.rf[2][13]$_DFFE_PP_,pipeline_state,tier1,tier0,false,cut_regret,0.056522,0.487929,,,,,19.344713
20,dp.rf.rf[0][23]$_DFFE_PP_,pipeline_state,tier1,tier0,true,,0.043478,0.487929,0.410000,0.000000,2.000000,0.000000,60.343134
21,dp.rf.rf[0][26]$_DFFE_PP_,pipeline_state,tier1,tier0,true,,0.039130,0.488335,0.410000,0.000000,2.000000,0.000000,60.292605
22,dp.rf.rf[0][19]$_DFFE_PP_,pipeline_state,tier1,tier0,true,,0.034783,0.488740,0.410000,0.000000,2.000000,0.000000,60.072534
23,dp.rf.rf[0][21]$_DFFE_PP_,pipeline_state,tier1,tier0,true,,0.030435,0.489146,0.410000,0.000000,2.000000,0.000000,59.985219
24,dp.rf.rf[0][22]$_DFFE_PP_,pipeline_state,tier1,tier0,true,,0.021739,0.489551,0.410000,0.000000,2.000000,0.000000,60.048887
25,dp.rf.rf[0][31]$_DFFE_PP_,pipeline_state,tier1,tier0,true,,0.021739,0.489957,0.410000,0.000000,2.000000,0.000000,60.093257
26,dp.rf.rf[0][3]$_DFFE_PP_,pipeline_state,tier1,tier0,true,,0.017391,0.490362,0.410000,0.000000,2.000000,0.000000,59.740241
27,dp.rf.rf[12][12]$_DFFE_PP_,pipeline_state,tier1,tier0,true,,0.026087,0.490767,0.410000,0.000000,2.000000,0.000000,19.748775
28,dp.rf.rf[14][12]$_DFFE_PP_,pipeline_state,tier1,tier0,true,,0.030435,0.491173,0.410000,0.000000,2.000000,0.000000,19.734771
29,dp.rf.rf[3][13]$_DFFE_PP_,pipeline_state,tier1,tier0,true,,0.039130,0.491578,0.410000,0.000000,2.000000,0.000000,22.240609
30,dp.rf.rf[6][13]$_DFFE_PP_,pipeline_state,tier1,tier0,true,,0.043478,0.491984,0.410000,0.000000,2.000000,0.000000,22.238705
31,dp.rf.rf[7][13]$_DFFE_PP_,pipeline_state,tier1,tier0,true,,0.047826,0.492389,0.410000,0.000000,2.000000,0.000000,22.238988
32,dp.rf.rf[29][18]$_DFFE_PP_,pipeline_state,tier1,tier0,true,,0.047826,0.492795,0.410000,0.000000,2.000000,0.000000,37.650738
33,dp.rf.rf[0][24]$_DFFE_PP_,pipeline_state,tier1,tier0,true,,0.047826,0.493200,0.410000,0.000000,2.000000,0.000000,60.016463
34,dp.rf.rf[0][11]$_DFFE_PP_,pipeline_state,tier1,tier0,true,,0.043478,0.493606,0.410000,0.000000,2.000000,0.000000,59.710385
35,dp.rf.rf[0][5]$_DFFE_PP_,pipeline_state,tier1,tier0,true,,0.034783,0.494011,0.350000,-0.146341,1.000000,-1.000000,59.731825
36,dp.rf.rf[0][27]$_DFFE_PP_,pipeline_state,tier1,tier0,true,,0.030435,0.494417,0.350000,-0.146341,1.000000,-1.000000,60.010080
37,dp.rf.rf[0][18]$_DFFE_PP_,pipeline_state,tier1,tier0,true,,0.026087,0.494822,0.350000,-0.146341,1.000000,-1.000000,59.654096
38,dp.rf.rf[0][6]$_DFFE_PP_,pipeline_state,tier1,tier0,true,,0.017391,0.495227,0.350000,-0.146341,1.000000,-1.000000,59.661959
39,dp.rf.rf[0][8]$_DFFE_PP_,pipeline_state,tier1,tier0,true,,0.008696,0.495633,0.350000,-0.146341,1.000000,-1.000000,59.974317
40,dp.rf.rf[0][29]$_DFFE_PP_,pipeline_state,tier1,tier0,true,,0.000000,0.496038,0.350000,-0.146341,1.000000,-1.000000,52.130020
41,dp.rf.rf[0][25]$_DFFE_PP_,pipeline_state,tier1,tier0,true,,-0.008696,0.496444,0.350000,-0.146341,1.000000,-1.000000,52.630839
42,dp.rf.rf[0][7]$_DFFE_PP_,execute_alu,tier1,tier0,true,,-0.013043,0.496849,0.350000,-0.146341,1.000000,-1.000000,40.982086
43,dp.rf.rf[29][4]$_DFFE_PP_,execute_alu,tier1,tier0,true,,-0.004348,0.497255,0.350000,-0.146341,1.000000,-1.000000,34.228704
44,_7136_,execute_alu,tier1,tier0,true,,0.008696,0.497491,0.350000,-0.146341,1.000000,-1.000000,5.942964
45,_4690_,generated_datapath,tier1,tier0,true,,0.021739,0.497576,0.350000,-0.146341,1.000000,-1.000000,16.766583
46,_4444_,generated_datapath,tier0,tier1,true,,0.034783,0.497474,0.350000,-0.146341,1.000000,-1.000000,9.898205
47,_4451_,generated_datapath,tier0,tier1,true,,0.047826,0.497373,0.350000,-0.146341,1.000000,-1.000000,9.744117
48,_4553_,generated_datapath,tier0,tier1,false,cut_regret,0.060870,0.497272,,,,,9.820792
49,_4562_,generated_datapath,tier0,tier1,false,cut_regret,0.060870,0.497272,,,,,9.658733
50,_4779_,generated_datapath,tier1,tier0,false,cut_regret,0.060870,0.497457,,,,,0.936167
51,_4058_,unclassified,tier1,tier0,false,cut_regret,0.060870,0.497491,,,,,13.912362
52,_4061_,unclassified,tier1,tier0,false,cut_regret,0.060870,0.497491,,,,,13.911633
53,_4090_,unclassified,tier1,tier0,false,cut_regret,0.060870,0.497491,,,,,24.867493
54,_4907_,unclassified,tier1,tier0,false,cut_regret,0.060870,0.497491,,,,,14.730499
55,_5110_,unclassified,tier0,tier1,false,cut_regret,0.056522,0.497272,,,,,7.354715
56,_4390_,generated_datapath,tier1,tier0,false,cut_regret,0.056522,0.497441,,,,,11.774683
57,_4627_,generated_datapath,tier1,tier0,false,cut_regret,0.056522,0.497441,,,,,11.991509
58,_4721_,generated_datapath,tier1,tier0,false,cut_regret,0.056522,0.497441,,,,,11.936289
59,_4353_,generated_datapath,tier1,tier0,false,cut_regret,0.060870,0.497474,,,,,4.174876
60,_3827_,generated_datapath,tier1,tier0,false,cut_regret,0.052174,0.497491,,,,,0.099144
61,_4780_,generated_datapath,tier1,tier0,false,cut_regret,0.056522,0.497441,,,,,0.650723
62,_4094_,generated_datapath,tier1,tier0,false,cut_regret,0.056522,0.497441,,,,,5.291523
63,_6012_,generated_datapath,tier1,tier0,false,cut_regret,0.056522,0.497441,,,,,4.969304
64,_4757_,generated_datapath,tier1,tier0,false,cut_regret,0.060870,0.497491,,,,,2.755048
65,_5061_,generated_datapath,tier0,tier1,false,cut_regret,0.060870,0.497305,,,,,2.731725
66,_4730_,generated_datapath,tier1,tier0,false,cut_regret,0.056522,0.497474,,,,,5.304190
67,_7323_,generated_datapath,tier1,tier0,false,cut_regret,0.056522,0.497441,,,,,12.133653
68,_3918_,generated_datapath,tier0,tier1,false,cut_regret,0.060870,0.497305,,,,,3.130794
69,_3951_,generated_datapath,tier0,tier1,false,cut_regret,0.060870,0.497305,,,,,3.065866
70,_4177_,generated_datapath,tier0,tier1,false,cut_regret,0.060870,0.497305,,,,,3.134750
71,_4597_,generated_datapath,tier0,tier1,false,cut_regret,0.060870,0.497305,,,,,3.108377
72,_4608_,generated_datapath,tier0,tier1,false,cut_regret,0.060870,0.497305,,,,,3.056153
73,_5204_,generated_datapath,tier0,tier1,false,cut_regret,0.060870,0.497305,,,,,3.133035
74,_5214_,generated_datapath,tier0,tier1,false,cut_regret,0.060870,0.497305,,,,,3.067051
75,_5367_,generated_datapath,tier0,tier1,false,cut_regret,0.060870,0.497305,,,,,3.086486
76,_5377_,generated_datapath,tier0,tier1,false,cut_regret,0.060870,0.497305,,,,,3.065749
77,_5669_,generated_datapath,tier0,tier1,false,cut_regret,0.060870,0.497305,,,,,3.097809
78,_4189_,generated_datapath,tier0,tier1,false,cut_regret,0.060870,0.497305,,,,,3.340521
79,_5120_,generated_datapath,tier0,tier1,false,cut_regret,0.060870,0.497305,,,,,3.149340
80,_5678_,generated_datapath,tier0,tier1,false,cut_regret,0.060870,0.497305,,,,,3.124067
81,_5104_,generated_datapath,tier0,tier1,false,cut_regret,0.060870,0.497305,,,,,3.188446
82,_5744_,generated_datapath,tier0,tier1,false,cut_regret,0.060870,0.497305,,,,,2.303117
83,_4046_,generated_datapath,tier1,tier0,false,cut_regret,0.060870,0.497441,,,,,1.057924
84,_4639_,generated_datapath,tier1,tier0,false,cut_regret,0.060870,0.497441,,,,,1.245120
85,_4349_,generated_control,tier1,tier0,false,cut_regret,0.052174,0.497508,,,,,23.857206
86,_4751_,generated_control,tier1,tier0,false,cut_regret,0.060870,0.497508,,,,,2.909650
87,_4754_,generated_control,tier1,tier0,false,cut_regret,0.060870,0.497508,,,,,2.929893
88,_3829_,generated_control,tier1,tier0,false,cut_regret,0.052174,0.497626,,,,,3.142343
89,_4402_,generated_control,tier1,tier0,false,cut_regret,0.056522,0.497441,,,,,15.520812
90,_4787_,generated_control,tier1,tier0,false,cut_regret,0.056522,0.497441,,,,,15.480392
91,_4833_,generated_control,tier1,tier0,false,cut_regret,0.056522,0.497441,,,,,15.521778
92,_5343_,generated_control,tier0,tier1,false,cut_regret,0.060870,0.497305,,,,,2.943909
93,_3843_,generated_control,tier0,tier1,false,cut_regret,0.056522,0.497238,,,,,6.249090
94,_7569_,generated_control,tier1,tier0,false,cut_regret,0.056522,0.497525,,,,,11.278031
95,_4328_,generated_control,tier1,tier0,true,,0.047826,0.497424,0.350000,-0.146341,1.000000,-1.000000,14.789651
96,_4350_,generated_control,tier1,tier0,false,cut_regret,0.052174,0.497474,,,,,14.790080
97,_3872_,generated_control,tier1,tier0,false,cut_regret,0.052174,0.497474,,,,,23.199174
98,_7146_,generated_control,tier1,tier0,false,cut_regret,0.056522,0.497508,,,,,2.371587
99,_4347_,generated_control,tier1,tier0,false,cut_regret,0.052174,0.497508,,,,,0.130917
100,_3786_,generated_control,tier1,tier0,false,cut_regret,0.056522,0.497508,,,,,2.072382
101,_7272_,generated_control,tier1,tier0,false,cut_regret,0.056522,0.497508,,,,,3.240117
102,_7279_,generated_control,tier1,tier0,false,cut_regret,0.056522,0.497508,,,,,3.254676
103,_7337_,generated_control,tier1,tier0,false,cut_regret,0.056522,0.497508,,,,,3.285956
104,_7338_,generated_control,tier1,tier0,false,cut_regret,0.056522,0.497508,,,,,3.309242
105,_7339_,generated_control,tier1,tier0,false,cut_regret,0.056522,0.497508,,,,,3.268334
106,_3875_,generated_control,tier1,tier0,true,,0.047826,0.497542,0.350000,-0.146341,1.000000,-1.000000,16.635962
107,_3884_,generated_control,tier1,tier0,true,,0.047826,0.497728,0.350000,-0.146341,1.000000,-1.000000,17.060728
108,_6029_,generated_control,tier1,tier0,false,cut_regret,0.056522,0.497812,,,,,4.486005
109,_3838_,generated_control,tier1,tier0,true,,0.047826,0.497812,0.350000,-0.146341,1.000000,-1.000000,21.094746
110,_4748_,generated_control,tier1,tier0,true,,0.047826,0.497863,0.350000,-0.146341,1.000000,-1.000000,2.445556
111,_7285_,generated_control,tier1,tier0,false,cut_regret,0.056522,0.497947,,,,,0.876002
112,_5671_,generated_control,tier0,tier1,false,cut_regret,0.056522,0.497812,,,,,7.652166
113,_3797_,generated_control,tier1,tier0,true,,0.047826,0.497947,0.350000,-0.146341,1.000000,-1.000000,12.911531
114,_4382_,generated_control,tier1,tier0,false,cut_regret,0.056522,0.497998,,,,,0.595393
115,_4499_,generated_control,tier1,tier0,false,cut_regret,0.056522,0.497998,,,,,1.233957
116,_4899_,generated_control,tier1,tier0,false,cut_regret,0.056522,0.497998,,,,,1.185093
117,_4205_,generated_control,tier1,tier0,true,,0.047826,0.497998,0.350000,-0.146341,1.000000,-1.000000,7.323928
118,_3862_,generated_control,tier1,tier0,true,,0.047826,0.498083,0.350000,-0.146341,1.000000,-1.000000,10.457223
119,_4007_,generated_control,tier1,tier0,false,cut_regret,0.056522,0.498133,,,,,1.810573
120,_4287_,generated_control,tier1,tier0,false,cut_regret,0.056522,0.498133,,,,,1.809870
121,_4096_,generated_control,tier1,tier0,false,cut_regret,0.056522,0.498133,,,,,22.422943
122,_4332_,generated_control,tier1,tier0,false,cut_regret,0.056522,0.498133,,,,,7.616352
123,_4620_,generated_control,tier1,tier0,false,cut_regret,0.056522,0.498133,,,,,7.668343
124,_4714_,generated_control,tier1,tier0,false,cut_regret,0.056522,0.498133,,,,,7.669102
125,_4910_,generated_control,tier1,tier0,false,cut_regret,0.056522,0.498133,,,,,12.157644
126,_5726_,generated_control,tier0,tier1,false,cut_regret,0.056522,0.498032,,,,,6.249777
127,_5808_,generated_control,tier0,tier1,false,cut_regret,0.056522,0.498032,,,,,6.253782
128,_4229_,generated_control,tier0,tier1,false,cut_regret,0.056522,0.498032,,,,,7.985408
129,_4340_,generated_control,tier1,tier0,false,cut_regret,0.056522,0.498133,,,,,5.192225
130,clkbuf_0_clk,clock_reset,tier1,tier0,true,,0.047826,0.498420,0.350000,-0.146341,1.000000,-1.000000,5.510374
131,clkbuf_3_0__f_clk,clock_reset,tier1,tier0,true,,0.047826,0.498758,0.350000,-0.146341,1.000000,-1.000000,65.527005
132,clkbuf_3_2__f_clk,clock_reset,tier1,tier0,false,cut_regret,0.052174,0.499096,,,,,3.346503
133,clkbuf_3_3__f_clk,clock_reset,tier1,tier0,false,cut_regret,0.052174,0.499096,,,,,4.282787
134,clkbuf_3_6__f_clk,clock_reset,tier1,tier0,true,,0.047826,0.499096,0.350000,-0.146341,1.000000,-1.000000,5.278715
135,clkbuf_leaf_56_clk,clock_reset,tier1,tier0,true,,0.047826,0.499434,0.350000,-0.146341,1.000000,-1.000000,6.244075
136,clkbuf_leaf_57_clk,clock_reset,tier1,tier0,true,,0.047826,0.499772,0.350000,-0.146341,1.000000,-1.000000,34.666327
137,clkbuf_leaf_62_clk,clock_reset,tier1,tier0,false,cut_regret,0.052174,0.500110,,,,,5.677531
138,clkbuf_leaf_95_clk,clock_reset,tier1,tier0,true,,0.047826,0.500110,0.350000,-0.146341,1.000000,-1.000000,67.669816
139,clkbuf_leaf_89_clk,clock_reset,tier1,tier0,false,cut_regret,0.052174,0.500448,,,,,4.189224
140,clkbuf_leaf_87_clk,clock_reset,tier1,tier0,true,,0.047826,0.500448,0.350000,-0.146341,1.000000,-1.000000,4.291407
141,clkbuf_leaf_94_clk,clock_reset,tier1,tier0,false,cut_regret,0.052174,0.500786,,,,,3.510182
142,input42,fetch,tier1,tier0,true,,0.047826,0.500583,0.350000,-0.146341,1.000000,-1.000000,9.530353
143,input43,fetch,tier1,tier0,true,,0.047826,0.500718,0.350000,-0.146341,1.000000,-1.000000,7.556704
144,input50,fetch,tier1,tier0,false,cut_regret,0.052174,0.500853,,,,,1.171918
145,input51,fetch,tier1,tier0,false,cut_regret,0.052174,0.500853,,,,,1.172061
146,input52,fetch,tier1,tier0,false,cut_regret,0.052174,0.500853,,,,,1.172203
147,input53,fetch,tier1,tier0,false,cut_regret,0.052174,0.500853,,,,,1.172346
148,input54,fetch,tier1,tier0,false,cut_regret,0.052174,0.500853,,,,,1.172489
149,rebuffer2332,execute_alu,tier1,tier0,true,,0.047826,0.500988,0.350000,-0.146341,1.000000,-1.000000,24.185189
150,place1008,execute_alu,tier1,tier0,true,,0.043478,0.501259,0.350000,-0.146341,1.000000,-1.000000,17.280142
151,place1049,execute_alu,tier1,tier0,true,,0.047826,0.501360,0.350000,-0.146341,1.000000,-1.000000,17.326795
152,place977,execute_alu,tier1,tier0,true,,0.047826,0.501630,0.350000,-0.146341,1.000000,-1.000000,17.335286
153,place978,execute_alu,tier1,tier0,true,,0.047826,0.501901,0.350000,-0.146341,1.000000,-1.000000,17.251677
154,place981,execute_alu,tier1,tier0,true,,0.047826,0.502171,0.350000,-0.146341,1.000000,-1.000000,17.338881
155,place984,execute_alu,tier1,tier0,true,,0.047826,0.502441,0.350000,-0.146341,1.000000,-1.000000,17.259429
156,place987,execute_alu,tier1,tier0,true,,0.047826,0.502711,0.350000,-0.146341,1.000000,-1.000000,17.338408
157,place991,execute_alu,tier1,tier0,true,,0.043478,0.502982,0.350000,-0.146341,1.000000,-1.000000,17.272333
158,place992,execute_alu,tier1,tier0,true,,0.039130,0.503252,0.350000,-0.146341,1.000000,-1.000000,17.282891
159,place1618,generated_control,tier1,tier0,true,,0.039130,0.503353,0.350000,-0.146341,1.000000,-1.000000,2.929519
160,place1619,generated_control,tier1,tier0,true,,0.039130,0.503455,0.350000,-0.146341,1.000000,-1.000000,2.992993
161,place1623,generated_control,tier1,tier0,true,,0.043478,0.503556,0.350000,-0.146341,1.000000,-1.000000,7.061714
162,place1639,generated_control,tier1,tier0,true,,0.047826,0.503658,0.350000,-0.146341,1.000000,-1.000000,10.626366
163,place1613,generated_control,tier0,tier1,false,cut_regret,0.052174,0.503556,,,,,3.643573
164,place1634,generated_control,tier1,tier0,true,,0.047826,0.503759,0.350000,-0.146341,1.000000,-1.000000,1.199608
165,place1615,generated_control,tier1,tier0,false,cut_regret,0.052174,0.503860,,,,,8.244791
166,place1265,generated_control,tier1,tier0,false,cut_regret,0.052174,0.503860,,,,,20.473116
167,place1267,generated_control,tier1,tier0,false,cut_regret,0.052174,0.503860,,,,,20.465724
168,place1268,generated_control,tier1,tier0,false,cut_regret,0.052174,0.503860,,,,,21.175669
169,place1269,generated_control,tier1,tier0,false,cut_regret,0.052174,0.503860,,,,,20.475902
170,place1270,generated_control,tier1,tier0,false,cut_regret,0.052174,0.503860,,,,,20.473093
171,place1272,generated_control,tier1,tier0,false,cut_regret,0.052174,0.503860,,,,,20.474741
172,place1273,generated_control,tier1,tier0,false,cut_regret,0.052174,0.503860,,,,,20.475960
173,place1275,generated_control,tier1,tier0,false,cut_regret,0.052174,0.503860,,,,,20.466264
174,place1276,generated_control,tier1,tier0,false,cut_regret,0.052174,0.503860,,,,,20.467910
175,place1278,generated_control,tier1,tier0,false,cut_regret,0.052174,0.503860,,,,,20.477489
176,place1282,generated_control,tier1,tier0,false,cut_regret,0.052174,0.503860,,,,,20.468869
177,place1283,generated_control,tier1,tier0,false,cut_regret,0.052174,0.503860,,,,,6.611700
178,place1286,generated_control,tier1,tier0,false,cut_regret,0.052174,0.503860,,,,,20.471600
179,place1288,generated_control,tier1,tier0,true,,0.047826,0.503860,0.350000,-0.146341,1.000000,-1.000000,18.147756
180,place1289,generated_control,tier1,tier0,false,cut_regret,0.052174,0.503962,,,,,20.469461
181,place1290,generated_control,tier1,tier0,false,cut_regret,0.052174,0.503962,,,,,20.483044
182,place1291,generated_control,tier1,tier0,false,cut_regret,0.052174,0.503962,,,,,20.484646
183,place1292,generated_control,tier1,tier0,false,cut_regret,0.052174,0.503962,,,,,20.470636
184,place1403,generated_control,tier1,tier0,false,cut_regret,0.052174,0.503962,,,,,20.372721
185,place1465,generated_control,tier0,tier1,false,cut_regret,0.052174,0.503759,,,,,4.268939
186,place1343,generated_control,tier0,tier1,true,,0.047826,0.503759,0.350000,-0.146341,1.000000,-1.000000,0.631849
187,place1609,generated_control,tier1,tier0,false,cut_regret,0.052174,0.503860,,,,,4.331764
188,place1382,generated_control,tier0,tier1,true,,0.047826,0.503658,0.350000,-0.146341,1.000000,-1.000000,0.627552
189,place1488,generated_control,tier1,tier0,true,,0.047826,0.503759,0.350000,-0.146341,1.000000,-1.000000,23.103036
190,place1321,generated_control,tier0,tier1,true,,0.047826,0.503489,0.350000,-0.146341,1.000000,-1.000000,2.358195
191,place1398,generated_control,tier1,tier0,true,,0.047826,0.503759,0.350000,-0.146341,1.000000,-1.000000,0.776156
192,place1446,generated_control,tier1,tier0,true,,0.047826,0.503860,0.350000,-0.146341,1.000000,-1.000000,0.772229
193,place1323,generated_control,tier0,tier1,true,,0.047826,0.503759,0.350000,-0.146341,1.000000,-1.000000,3.685192
194,place1322,generated_control,tier0,tier1,true,,0.047826,0.503658,0.350000,-0.146341,1.000000,-1.000000,2.511814
195,place1605,generated_control,tier1,tier0,false,cut_regret,0.052174,0.503759,,,,,8.251797
196,place1317,generated_control,tier0,tier1,true,,0.047826,0.503387,0.350000,-0.146341,1.000000,-1.000000,0.779162
197,place1334,generated_control,tier0,tier1,true,,0.047826,0.503117,0.350000,-0.146341,1.000000,-1.000000,0.691065
198,place1402,generated_control,tier0,tier1,true,,0.047826,0.502847,0.350000,-0.146341,1.000000,-1.000000,0.723945
199,place1000,generated_control,tier1,tier0,true,,0.047826,0.502948,0.350000,-0.146341,1.000000,-1.000000,1.986254
200,rebuffer1676,generated_control,tier1,tier0,false,cut_regret,0.052174,0.503049,,,,,0.663366
201,place1392,generated_control,tier0,tier1,true,,0.047826,0.502847,0.350000,-0.146341,1.000000,-1.000000,0.185715
202,place1624,generated_control,tier1,tier0,true,,0.047826,0.502948,0.350000,-0.146341,1.000000,-1.000000,0.622784
203,place1436,generated_control,tier1,tier0,false,cut_regret,0.056522,0.503049,,,,,0.623816
204,place1479,generated_control,tier0,tier1,false,cut_regret,0.052174,0.502847,,,,,4.748461
205,place1315,generated_control,tier0,tier1,true,,0.047826,0.502678,0.350000,-0.146341,1.000000,-1.000000,0.112299
206,place1319,generated_control,tier0,tier1,true,,0.047826,0.502576,0.350000,-0.146341,1.000000,-1.000000,0.330300
207,place1604,generated_control,tier1,tier0,true,,0.047826,0.502678,0.350000,-0.146341,1.000000,-1.000000,13.479438
208,place1475,generated_control,tier0,tier1,false,cut_regret,0.052174,0.502576,,,,,10.851062
209,place1602,generated_control,tier1,tier0,true,,0.047826,0.502779,0.350000,-0.146341,1.000000,-1.000000,0.322818
210,place1594,generated_control,tier1,tier0,false,cut_regret,0.052174,0.502880,,,,,9.569854
211,place1481,generated_control,tier1,tier0,false,cut_regret,0.052174,0.502880,,,,,10.024663
212,place1484,generated_control,tier0,tier1,false,cut_regret,0.052174,0.502678,,,,,4.483245
213,place1597,generated_control,tier0,tier1,false,cut_regret,0.052174,0.502678,,,,,3.115457
214,place1595,generated_control,tier1,tier0,false,cut_regret,0.052174,0.502880,,,,,17.751436
215,place1485,generated_control,tier1,tier0,true,,0.047826,0.502880,0.350000,-0.146341,1.000000,-1.000000,28.783973
216,place1473,generated_control,tier1,tier0,false,cut_regret,0.052174,0.502982,,,,,3.816798
217,place1598,generated_control,tier0,tier1,false,cut_regret,0.052174,0.502779,,,,,4.813019
218,place1471,generated_control,tier1,tier0,true,,0.047826,0.502982,0.350000,-0.146341,1.000000,-1.000000,16.222904
219,clkload0,clock_reset,tier1,tier0,true,,0.047826,0.503320,0.350000,-0.146341,1.000000,-1.000000,34.850797
220,clkload29,clock_reset,tier1,tier0,true,,0.047826,0.503370,0.350000,-0.146341,1.000000,-1.000000,34.249198
221,clkload3,clock_reset,tier1,tier0,true,,0.047826,0.503776,0.350000,-0.146341,1.000000,-1.000000,32.912576
222,clkload84,clock_reset,tier1,tier0,true,,0.047826,0.503826,0.350000,-0.146341,1.000000,-1.000000,33.645712
223,clkload85,clock_reset,tier1,tier0,true,,0.047826,0.503928,0.350000,-0.146341,1.000000,-1.000000,32.423195
224,clkload88,clock_reset,tier1,tier0,true,,0.047826,0.503979,0.350000,-0.146341,1.000000,-1.000000,33.037479
225,clkload11,clock_reset,tier1,tier0,true,,0.043478,0.504029,0.350000,-0.146341,1.000000,-1.000000,34.757634
226,dp.rf.rf[0][11]$_DFFE_PP__3,unclassified,tier1,tier0,true,,0.039130,0.504080,0.350000,-0.146341,1.000000,-1.000000,14.833179
227,dp.rf.rf[0][18]$_DFFE_PP__10,unclassified,tier1,tier0,true,,0.034783,0.504131,0.350000,-0.146341,1.000000,-1.000000,14.835572
228,dp.rf.rf[0][19]$_DFFE_PP__11,unclassified,tier1,tier0,true,,0.030435,0.504181,0.350000,-0.146341,1.000000,-1.000000,14.824102
229,dp.rf.rf[0][21]$_DFFE_PP__14,unclassified,tier1,tier0,true,,0.026087,0.504232,0.350000,-0.146341,1.000000,-1.000000,14.823919
230,dp.rf.rf[0][22]$_DFFE_PP__15,unclassified,tier1,tier0,true,,0.021739,0.504283,0.350000,-0.146341,1.000000,-1.000000,14.824382
231,dp.rf.rf[0][23]$_DFFE_PP__16,unclassified,tier1,tier0,true,,0.017391,0.504333,0.350000,-0.146341,1.000000,-1.000000,14.824188
232,dp.rf.rf[0][24]$_DFFE_PP__17,unclassified,tier1,tier0,true,,0.013043,0.504384,0.350000,-0.146341,1.000000,-1.000000,14.833376
233,dp.rf.rf[0][25]$_DFFE_PP__18,unclassified,tier1,tier0,true,,0.008696,0.504435,0.350000,-0.146341,1.000000,-1.000000,14.856370
234,dp.rf.rf[0][26]$_DFFE_PP__19,unclassified,tier1,tier0,true,,0.004348,0.504485,0.350000,-0.146341,1.000000,-1.000000,14.824306
235,dp.rf.rf[0][27]$_DFFE_PP__20,unclassified,tier1,tier0,true,,0.000000,0.504536,0.350000,-0.146341,1.000000,-1.000000,14.836242
236,dp.rf.rf[0][29]$_DFFE_PP__22,unclassified,tier1,tier0,true,,-0.004348,0.504587,0.350000,-0.146341,1.000000,-1.000000,14.842542
237,dp.rf.rf[0][31]$_DFFE_PP__25,unclassified,tier1,tier0,true,,-0.008696,0.504637,0.350000,-0.146341,1.000000,-1.000000,14.825238
238,dp.rf.rf[0][3]$_DFFE_PP__26,unclassified,tier1,tier0,true,,-0.013043,0.504688,0.350000,-0.146341,1.000000,-1.000000,14.826078
239,dp.rf.rf[0][5]$_DFFE_PP__28,unclassified,tier1,tier0,true,,-0.017391,0.504739,0.350000,-0.146341,1.000000,-1.000000,14.881965
240,dp.rf.rf[0][6]$_DFFE_PP__29,unclassified,tier1,tier0,true,,-0.021739,0.504789,0.350000,-0.146341,1.000000,-1.000000,14.837344
241,dp.rf.rf[0][7]$_DFFE_PP__30,unclassified,tier1,tier0,true,,-0.026087,0.504840,0.350000,-0.146341,1.000000,-1.000000,5.707127
242,dp.rf.rf[0][8]$_DFFE_PP__31,unclassified,tier1,tier0,true,,-0.030435,0.504891,0.350000,-0.146341,1.000000,-1.000000,14.838005
244,_4795_,generated_control,tier1,tier0,true,,-0.017391,0.505195,0.350000,-0.146341,1.000000,-1.000000,8.178816
245,_4071_,generated_control,tier1,tier0,true,,0.004348,0.505499,0.350000,-0.146341,1.000000,-1.000000,2.821149
246,_4044_,generated_datapath,tier1,tier0,true,,0.017391,0.505617,0.350000,-0.146341,1.000000,-1.000000,8.435081
247,_4756_,generated_datapath,tier1,tier0,true,,0.030435,0.505702,0.350000,-0.146341,1.000000,-1.000000,23.134547
248,_4098_,generated_datapath,tier1,tier0,true,,0.039130,0.505786,0.350000,-0.146341,1.000000,-1.000000,8.452148
249,_4329_,unclassified,tier1,tier0,true,,0.043478,0.505904,0.350000,-0.146341,1.000000,-1.000000,2.490763
250,_4351_,unclassified,tier1,tier0,false,cut_regret,0.052174,0.506023,,,,,8.133857
251,_4080_,generated_datapath,tier1,tier0,true,,0.043478,0.505972,0.350000,-0.146341,1.000000,-1.000000,2.348370
252,_4311_,generated_datapath,tier1,tier0,false,cut_regret,0.052174,0.506040,,,,,3.732879
253,_4767_,generated_datapath,tier1,tier0,false,cut_regret,0.052174,0.506040,,,,,10.409344
254,_4403_,generated_datapath,tier1,tier0,false,cut_regret,0.056522,0.506040,,,,,3.664437
255,_4834_,generated_datapath,tier1,tier0,false,cut_regret,0.056522,0.506040,,,,,3.661073
256,_4021_,generated_datapath,tier1,tier0,false,cut_regret,0.056522,0.506040,,,,,1.535996
257,_4291_,generated_datapath,tier1,tier0,false,cut_regret,0.056522,0.506040,,,,,1.549520
258,_4788_,generated_datapath,tier1,tier0,false,cut_regret,0.056522,0.506040,,,,,7.738369
259,_4820_,generated_control,tier1,tier0,true,,0.039130,0.506107,0.350000,-0.146341,1.000000,-1.000000,8.878379
260,clkbuf_leaf_17_clk,clock_reset,tier1,tier0,true,,0.039130,0.506445,0.350000,-0.146341,1.000000,-1.000000,4.813051
261,clkbuf_leaf_55_clk,clock_reset,tier1,tier0,true,,0.039130,0.506783,0.350000,-0.146341,1.000000,-1.000000,4.813236
262,input39,fetch,tier1,tier0,true,,0.034783,0.506918,0.350000,-0.146341,1.000000,-1.000000,7.206096
263,input45,fetch,tier1,tier0,true,,0.030435,0.507053,0.350000,-0.146341,1.000000,-1.000000,7.174318
264,input46,fetch,tier1,tier0,true,,0.034783,0.507188,0.350000,-0.146341,1.000000,-1.000000,7.212326
265,input47,fetch,tier1,tier0,true,,0.039130,0.507324,0.350000,-0.146341,1.000000,-1.000000,7.278539
267,_4789_,generated_datapath,tier1,tier0,false,cut_regret,0.056522,0.507442,,,,,3.930910
268,_4835_,generated_datapath,tier1,tier0,false,cut_regret,0.056522,0.507442,,,,,3.708282
