design,scenario,tritonpart_objective,architecture_off_internal_objective,architecture_off_objective,full_asa_objective,architecture_off_objective_reduction_vs_tritonpart,full_asa_objective_reduction_vs_tritonpart,full_minus_architecture_off_objective_delta,tritonpart_crossing_proxy,architecture_off_crossing_proxy,full_asa_crossing_proxy,tritonpart_timing_weighted_crossing,architecture_off_timing_weighted_crossing,full_asa_timing_weighted_crossing,architecture_off_timing_penalty,full_asa_timing_penalty,architecture_off_physical_penalty,full_asa_physical_penalty,architecture_off_scenario_objective,full_asa_scenario_objective,architecture_off_instance_balance,full_asa_instance_balance,architecture_off_weight_balance,full_asa_weight_balance,architecture_off_assignment,full_asa_assignment
riscv32i,control_datapath_split,14912.761792,5578.306388,14679.055925,14410.290454,0.015672,0.033694,-268.765471,731,751,737,11.439099,10.412374,11.336352,14.478032,17.113975,323.199630,315.294478,14341.378263,14077.882001,0.943428,0.936213,0.900000,0.900000,results/riscv32i_tritonpart_architecture_off_timing_regret_guarded_repair/control_datapath_split/tritonpart_timing_regret_guarded_repair_assignment.csv,results/riscv32i_tritonpart_timing_regret_guarded_repair/control_datapath_split/tritonpart_timing_regret_guarded_repair_assignment.csv
riscv32i,memory_near_logic,15737.112648,6215.727786,15467.741035,15125.095637,0.017117,0.038890,-342.645398,731,774,751,11.439099,11.409176,11.336352,16.580420,16.519346,331.543895,320.836349,15119.616720,14787.739941,0.942770,0.933603,0.900000,0.900000,results/riscv32i_tritonpart_architecture_off_timing_regret_guarded_repair/memory_near_logic/tritonpart_timing_regret_guarded_repair_assignment.csv,results/riscv32i_tritonpart_timing_regret_guarded_repair/memory_near_logic/tritonpart_timing_regret_guarded_repair_assignment.csv
riscv32i,state_and_clock_protected,18527.831088,7322.873086,18595.086050,17850.097023,-0.003630,0.036579,-744.989027,731,776,745,11.439099,11.409176,11.356957,16.580420,15.743831,332.377698,321.124295,18246.127932,17513.228897,0.942770,0.934907,0.900000,0.900255,results/riscv32i_tritonpart_architecture_off_timing_regret_guarded_repair/state_and_clock_protected/tritonpart_timing_regret_guarded_repair_assignment.csv,results/riscv32i_tritonpart_timing_regret_guarded_repair/state_and_clock_protected/tritonpart_timing_regret_guarded_repair_assignment.csv
ibex,control_datapath_split,11578.672813,1922.027665,11016.088095,11076.445594,0.048588,0.043375,60.357499,435,422,421,19.145480,17.825227,17.841802,9.785099,10.358811,175.329778,174.103439,10830.973218,10891.983344,0.934648,0.918234,0.943258,0.931805,results/ibex_tritonpart_architecture_off_timing_regret_guarded_repair/control_datapath_split/tritonpart_timing_regret_guarded_repair_assignment.csv,results/ibex_tritonpart_timing_regret_guarded_repair/control_datapath_split/tritonpart_timing_regret_guarded_repair_assignment.csv
ibex,memory_near_logic,12195.603605,1993.862691,11595.528889,11615.760476,0.049204,0.047545,20.231587,435,422,425,19.145480,17.825227,17.749418,9.785099,10.094351,175.329778,175.533176,11410.414012,11430.132949,0.934648,0.919414,0.943258,0.933154,results/ibex_tritonpart_architecture_off_timing_regret_guarded_repair/memory_near_logic/tritonpart_timing_regret_guarded_repair_assignment.csv,results/ibex_tritonpart_timing_regret_guarded_repair/memory_near_logic/tritonpart_timing_regret_guarded_repair_assignment.csv
ibex,state_and_clock_protected,13670.977858,2319.455742,12667.825746,12604.690987,0.073378,0.077996,-63.134759,435,422,445,19.145480,17.825227,18.798488,9.785099,10.555309,175.455519,181.965139,12482.585128,12412.170539,0.934888,0.919651,0.943410,0.933404,results/ibex_tritonpart_architecture_off_timing_regret_guarded_repair/state_and_clock_protected/tritonpart_timing_regret_guarded_repair_assignment.csv,results/ibex_tritonpart_timing_regret_guarded_repair/state_and_clock_protected/tritonpart_timing_regret_guarded_repair_assignment.csv
picorv32,control_datapath_split,14105.795795,3172.717680,13314.898339,13122.173921,0.056069,0.069732,-192.724418,698,663,651,24.722622,22.770750,21.963040,17.607742,17.708317,231.545985,233.166897,13065.744612,12871.298707,0.962652,0.965497,0.876789,0.876893,results/picorv32_tritonpart_architecture_off_timing_regret_guarded_repair/control_datapath_split/tritonpart_timing_regret_guarded_repair_assignment.csv,results/picorv32_tritonpart_timing_regret_guarded_repair/control_datapath_split/tritonpart_timing_regret_guarded_repair_assignment.csv
picorv32,memory_near_logic,14779.689101,3283.861872,13774.317752,13573.074262,0.068024,0.081640,-201.243490,698,668,660,24.722622,22.770750,22.032166,17.205518,17.169217,231.806935,237.597250,13525.305299,13318.307795,0.963220,0.970067,0.876893,0.876789,results/picorv32_tritonpart_architecture_off_timing_regret_guarded_repair/memory_near_logic/tritonpart_timing_regret_guarded_repair_assignment.csv,results/picorv32_tritonpart_timing_regret_guarded_repair/memory_near_logic/tritonpart_timing_regret_guarded_repair_assignment.csv
picorv32,state_and_clock_protected,18724.002183,3836.871117,17050.254393,16700.760317,0.089390,0.108056,-349.494076,698,669,697,24.722622,22.770750,22.034401,17.205518,16.506630,232.454718,248.069873,16800.594157,16436.183814,0.963220,0.967779,0.876789,0.876789,results/picorv32_tritonpart_architecture_off_timing_regret_guarded_repair/state_and_clock_protected/tritonpart_timing_regret_guarded_repair_assignment.csv,results/picorv32_tritonpart_timing_regret_guarded_repair/state_and_clock_protected/tritonpart_timing_regret_guarded_repair_assignment.csv
scr1_core_tuned,control_datapath_split,22948.259129,1727.028438,22276.736710,22161.999454,0.029262,0.034262,-114.737256,460,396,380,15.962000,12.560379,14.031834,7.855803,9.011184,142.542550,136.033233,22126.338357,22016.955037,0.911864,0.904037,0.914634,0.909251,results/scr1_core_tuned_tritonpart_architecture_off_timing_regret_guarded_repair/control_datapath_split/tritonpart_timing_regret_guarded_repair_assignment.csv,results/scr1_core_tuned_tritonpart_timing_regret_guarded_repair/control_datapath_split/tritonpart_timing_regret_guarded_repair_assignment.csv
scr1_core_tuned,memory_near_logic,23326.846855,1777.726243,22542.405659,22421.246402,0.033628,0.038822,-121.159257,460,398,380,15.962000,12.560379,14.031834,7.855803,8.407563,143.340731,135.751256,22391.209126,22277.087584,0.911707,0.903569,0.914404,0.908761,results/scr1_core_tuned_tritonpart_architecture_off_timing_regret_guarded_repair/memory_near_logic/tritonpart_timing_regret_guarded_repair_assignment.csv,results/scr1_core_tuned_tritonpart_timing_regret_guarded_repair/memory_near_logic/tritonpart_timing_regret_guarded_repair_assignment.csv
scr1_core_tuned,state_and_clock_protected,23924.630907,2068.002838,23004.483868,22869.115034,0.038460,0.044118,-135.368834,460,398,382,15.962000,12.560379,14.031834,7.855803,9.011184,143.340731,136.831414,22853.287335,22723.272437,0.911707,0.903725,0.914404,0.908924,results/scr1_core_tuned_tritonpart_architecture_off_timing_regret_guarded_repair/state_and_clock_protected/tritonpart_timing_regret_guarded_repair_assignment.csv,results/scr1_core_tuned_tritonpart_timing_regret_guarded_repair/state_and_clock_protected/tritonpart_timing_regret_guarded_repair_assignment.csv
