design,scenario,case,path_index,slack,raw_instance_count,matched_instance_count,matched_instance_fraction,tier_transitions,startpoint,endpoint,first_unmatched_tokens,first_transition_pairs
riscv32i,control_datapath_split,tritonpart,0,-0.411800,31,31,1.000000,2,dp.rf.rf[1][0]$_DFFE_PP_,dp.rf.rf[27][0]$_DFFE_PP_,,_4372_->_6038_;_7268_->place975
riscv32i,control_datapath_split,tritonpart,1,-0.411500,31,31,1.000000,2,dp.rf.rf[1][0]$_DFFE_PP_,dp.rf.rf[26][0]$_DFFE_PP_,,_4372_->_6038_;_7268_->place975
riscv32i,control_datapath_split,tritonpart,2,-0.411100,31,31,1.000000,2,dp.rf.rf[1][0]$_DFFE_PP_,dp.rf.rf[31][0]$_DFFE_PP_,,_4372_->_6038_;_7268_->place975
riscv32i,control_datapath_split,tritonpart,0,-0.411800,31,31,1.000000,2,dp.rf.rf[1][0]$_DFFE_PP_,dp.rf.rf[27][0]$_DFFE_PP_,,_4372_->_6038_;_7268_->place975
riscv32i,control_datapath_split,tritonpart,1,-0.411500,31,31,1.000000,2,dp.rf.rf[1][0]$_DFFE_PP_,dp.rf.rf[26][0]$_DFFE_PP_,,_4372_->_6038_;_7268_->place975
riscv32i,control_datapath_split,tritonpart,2,-0.411100,31,31,1.000000,2,dp.rf.rf[1][0]$_DFFE_PP_,dp.rf.rf[31][0]$_DFFE_PP_,,_4372_->_6038_;_7268_->place975
riscv32i,control_datapath_split,asa_rv3d,0,-0.411800,31,31,1.000000,2,dp.rf.rf[1][0]$_DFFE_PP_,dp.rf.rf[27][0]$_DFFE_PP_,,_4372_->_6038_;_7268_->place975
riscv32i,control_datapath_split,asa_rv3d,1,-0.411500,31,31,1.000000,2,dp.rf.rf[1][0]$_DFFE_PP_,dp.rf.rf[26][0]$_DFFE_PP_,,_4372_->_6038_;_7268_->place975
riscv32i,control_datapath_split,asa_rv3d,2,-0.411100,31,31,1.000000,2,dp.rf.rf[1][0]$_DFFE_PP_,dp.rf.rf[31][0]$_DFFE_PP_,,_4372_->_6038_;_7268_->place975
riscv32i,control_datapath_split,asa_rv3d,0,-0.411800,31,31,1.000000,2,dp.rf.rf[1][0]$_DFFE_PP_,dp.rf.rf[27][0]$_DFFE_PP_,,_4372_->_6038_;_7268_->place975
riscv32i,control_datapath_split,asa_rv3d,1,-0.411500,31,31,1.000000,2,dp.rf.rf[1][0]$_DFFE_PP_,dp.rf.rf[26][0]$_DFFE_PP_,,_4372_->_6038_;_7268_->place975
riscv32i,control_datapath_split,asa_rv3d,2,-0.411100,31,31,1.000000,2,dp.rf.rf[1][0]$_DFFE_PP_,dp.rf.rf[31][0]$_DFFE_PP_,,_4372_->_6038_;_7268_->place975
riscv32i,memory_near_logic,tritonpart,0,-0.411800,31,31,1.000000,2,dp.rf.rf[1][0]$_DFFE_PP_,dp.rf.rf[27][0]$_DFFE_PP_,,_4372_->_6038_;_7268_->place975
riscv32i,memory_near_logic,tritonpart,1,-0.411500,31,31,1.000000,2,dp.rf.rf[1][0]$_DFFE_PP_,dp.rf.rf[26][0]$_DFFE_PP_,,_4372_->_6038_;_7268_->place975
riscv32i,memory_near_logic,tritonpart,2,-0.411100,31,31,1.000000,2,dp.rf.rf[1][0]$_DFFE_PP_,dp.rf.rf[31][0]$_DFFE_PP_,,_4372_->_6038_;_7268_->place975
riscv32i,memory_near_logic,tritonpart,0,-0.411800,31,31,1.000000,2,dp.rf.rf[1][0]$_DFFE_PP_,dp.rf.rf[27][0]$_DFFE_PP_,,_4372_->_6038_;_7268_->place975
riscv32i,memory_near_logic,tritonpart,1,-0.411500,31,31,1.000000,2,dp.rf.rf[1][0]$_DFFE_PP_,dp.rf.rf[26][0]$_DFFE_PP_,,_4372_->_6038_;_7268_->place975
riscv32i,memory_near_logic,tritonpart,2,-0.411100,31,31,1.000000,2,dp.rf.rf[1][0]$_DFFE_PP_,dp.rf.rf[31][0]$_DFFE_PP_,,_4372_->_6038_;_7268_->place975
riscv32i,memory_near_logic,asa_rv3d,0,-0.411800,31,31,1.000000,2,dp.rf.rf[1][0]$_DFFE_PP_,dp.rf.rf[27][0]$_DFFE_PP_,,_4372_->_6038_;_7268_->place975
riscv32i,memory_near_logic,asa_rv3d,1,-0.411500,31,31,1.000000,2,dp.rf.rf[1][0]$_DFFE_PP_,dp.rf.rf[26][0]$_DFFE_PP_,,_4372_->_6038_;_7268_->place975
riscv32i,memory_near_logic,asa_rv3d,2,-0.411100,31,31,1.000000,2,dp.rf.rf[1][0]$_DFFE_PP_,dp.rf.rf[31][0]$_DFFE_PP_,,_4372_->_6038_;_7268_->place975
riscv32i,memory_near_logic,asa_rv3d,0,-0.411800,31,31,1.000000,2,dp.rf.rf[1][0]$_DFFE_PP_,dp.rf.rf[27][0]$_DFFE_PP_,,_4372_->_6038_;_7268_->place975
riscv32i,memory_near_logic,asa_rv3d,1,-0.411500,31,31,1.000000,2,dp.rf.rf[1][0]$_DFFE_PP_,dp.rf.rf[26][0]$_DFFE_PP_,,_4372_->_6038_;_7268_->place975
riscv32i,memory_near_logic,asa_rv3d,2,-0.411100,31,31,1.000000,2,dp.rf.rf[1][0]$_DFFE_PP_,dp.rf.rf[31][0]$_DFFE_PP_,,_4372_->_6038_;_7268_->place975
riscv32i,state_and_clock_protected,tritonpart,0,-0.411800,31,31,1.000000,2,dp.rf.rf[1][0]$_DFFE_PP_,dp.rf.rf[27][0]$_DFFE_PP_,,_4372_->_6038_;_7268_->place975
riscv32i,state_and_clock_protected,tritonpart,1,-0.411500,31,31,1.000000,2,dp.rf.rf[1][0]$_DFFE_PP_,dp.rf.rf[26][0]$_DFFE_PP_,,_4372_->_6038_;_7268_->place975
riscv32i,state_and_clock_protected,tritonpart,2,-0.411100,31,31,1.000000,2,dp.rf.rf[1][0]$_DFFE_PP_,dp.rf.rf[31][0]$_DFFE_PP_,,_4372_->_6038_;_7268_->place975
riscv32i,state_and_clock_protected,tritonpart,0,-0.411800,31,31,1.000000,2,dp.rf.rf[1][0]$_DFFE_PP_,dp.rf.rf[27][0]$_DFFE_PP_,,_4372_->_6038_;_7268_->place975
riscv32i,state_and_clock_protected,tritonpart,1,-0.411500,31,31,1.000000,2,dp.rf.rf[1][0]$_DFFE_PP_,dp.rf.rf[26][0]$_DFFE_PP_,,_4372_->_6038_;_7268_->place975
riscv32i,state_and_clock_protected,tritonpart,2,-0.411100,31,31,1.000000,2,dp.rf.rf[1][0]$_DFFE_PP_,dp.rf.rf[31][0]$_DFFE_PP_,,_4372_->_6038_;_7268_->place975
riscv32i,state_and_clock_protected,asa_rv3d,0,-0.411800,31,31,1.000000,2,dp.rf.rf[1][0]$_DFFE_PP_,dp.rf.rf[27][0]$_DFFE_PP_,,_4372_->_6038_;_7268_->place975
riscv32i,state_and_clock_protected,asa_rv3d,1,-0.411500,31,31,1.000000,2,dp.rf.rf[1][0]$_DFFE_PP_,dp.rf.rf[26][0]$_DFFE_PP_,,_4372_->_6038_;_7268_->place975
riscv32i,state_and_clock_protected,asa_rv3d,2,-0.411100,31,31,1.000000,2,dp.rf.rf[1][0]$_DFFE_PP_,dp.rf.rf[31][0]$_DFFE_PP_,,_4372_->_6038_;_7268_->place975
riscv32i,state_and_clock_protected,asa_rv3d,0,-0.411800,31,31,1.000000,2,dp.rf.rf[1][0]$_DFFE_PP_,dp.rf.rf[27][0]$_DFFE_PP_,,_4372_->_6038_;_7268_->place975
riscv32i,state_and_clock_protected,asa_rv3d,1,-0.411500,31,31,1.000000,2,dp.rf.rf[1][0]$_DFFE_PP_,dp.rf.rf[26][0]$_DFFE_PP_,,_4372_->_6038_;_7268_->place975
riscv32i,state_and_clock_protected,asa_rv3d,2,-0.411100,31,31,1.000000,2,dp.rf.rf[1][0]$_DFFE_PP_,dp.rf.rf[31][0]$_DFFE_PP_,,_4372_->_6038_;_7268_->place975
ibex,control_datapath_split,tritonpart,92,0.140400,36,35,0.972222,2,if_stage_i.instr_rdata_id_o[6]$_DFFE_PP_,if_stage_i.gen_prefetch_buffer.prefetch_buffer_i.fifo_i.rdata_q[18]$_DFFE_PP_,alu_adder_result_ex\\ALU_33_0_33_0_33_unused_CO_X_Y[0]_HAN_CARLSON/place3384,_14742_->_374_;_483_->place3321
ibex,control_datapath_split,tritonpart,93,0.140400,36,35,0.972222,2,if_stage_i.instr_rdata_id_o[6]$_DFFE_PP_,if_stage_i.gen_prefetch_buffer.prefetch_buffer_i.fifo_i.rdata_q[6]$_DFFE_PP_,alu_adder_result_ex\\ALU_33_0_33_0_33_unused_CO_X_Y[0]_HAN_CARLSON/place3384,_14742_->_374_;_483_->place3321
ibex,control_datapath_split,tritonpart,94,0.140700,36,35,0.972222,2,if_stage_i.instr_rdata_id_o[6]$_DFFE_PP_,if_stage_i.gen_prefetch_buffer.prefetch_buffer_i.fifo_i.rdata_q[8]$_DFFE_PP_,alu_adder_result_ex\\ALU_33_0_33_0_33_unused_CO_X_Y[0]_HAN_CARLSON/place3384,_14742_->_374_;_483_->place3321
ibex,control_datapath_split,tritonpart,51,-0.065600,34,34,1.000000,3,if_stage_i.instr_rdata_id_o[15]$_DFFE_PP_,gen_regfile_ff.register_file_i.rf_reg[1007]$_DFFE_PN0P_,,if_stage_i.instr_rdata_id_o[15]$_DFFE_PP_->rebuffer4181;_484_->_19566_;place3129->_21674_
ibex,control_datapath_split,tritonpart,52,-0.063300,34,34,1.000000,3,if_stage_i.instr_rdata_id_o[15]$_DFFE_PP_,gen_regfile_ff.register_file_i.rf_reg[911]$_DFFE_PN0P_,,if_stage_i.instr_rdata_id_o[15]$_DFFE_PP_->rebuffer4181;_484_->_19566_;place3129->_20307_
ibex,control_datapath_split,tritonpart,53,-0.055100,34,34,1.000000,3,if_stage_i.instr_rdata_id_o[15]$_DFFE_PP_,gen_regfile_ff.register_file_i.rf_reg[975]$_DFFE_PN0P_,,if_stage_i.instr_rdata_id_o[15]$_DFFE_PP_->rebuffer4181;_484_->_19566_;place3129->_21350_
ibex,control_datapath_split,asa_rv3d,92,0.140400,36,35,0.972222,2,if_stage_i.instr_rdata_id_o[6]$_DFFE_PP_,if_stage_i.gen_prefetch_buffer.prefetch_buffer_i.fifo_i.rdata_q[18]$_DFFE_PP_,alu_adder_result_ex\\ALU_33_0_33_0_33_unused_CO_X_Y[0]_HAN_CARLSON/place3384,_14742_->_374_;_483_->place3321
ibex,control_datapath_split,asa_rv3d,93,0.140400,36,35,0.972222,2,if_stage_i.instr_rdata_id_o[6]$_DFFE_PP_,if_stage_i.gen_prefetch_buffer.prefetch_buffer_i.fifo_i.rdata_q[6]$_DFFE_PP_,alu_adder_result_ex\\ALU_33_0_33_0_33_unused_CO_X_Y[0]_HAN_CARLSON/place3384,_14742_->_374_;_483_->place3321
ibex,control_datapath_split,asa_rv3d,94,0.140700,36,35,0.972222,2,if_stage_i.instr_rdata_id_o[6]$_DFFE_PP_,if_stage_i.gen_prefetch_buffer.prefetch_buffer_i.fifo_i.rdata_q[8]$_DFFE_PP_,alu_adder_result_ex\\ALU_33_0_33_0_33_unused_CO_X_Y[0]_HAN_CARLSON/place3384,_14742_->_374_;_483_->place3321
ibex,control_datapath_split,asa_rv3d,51,-0.065600,34,34,1.000000,5,if_stage_i.instr_rdata_id_o[15]$_DFFE_PP_,gen_regfile_ff.register_file_i.rf_reg[1007]$_DFFE_PN0P_,,if_stage_i.instr_rdata_id_o[15]$_DFFE_PP_->rebuffer4181;place3844->place3843;place3843->_15024_;_484_->_19566_;place3129->_21674_
ibex,control_datapath_split,asa_rv3d,52,-0.063300,34,34,1.000000,5,if_stage_i.instr_rdata_id_o[15]$_DFFE_PP_,gen_regfile_ff.register_file_i.rf_reg[911]$_DFFE_PN0P_,,if_stage_i.instr_rdata_id_o[15]$_DFFE_PP_->rebuffer4181;place3844->place3843;place3843->_15024_;_484_->_19566_;place3129->_20307_
ibex,control_datapath_split,asa_rv3d,53,-0.055100,34,34,1.000000,5,if_stage_i.instr_rdata_id_o[15]$_DFFE_PP_,gen_regfile_ff.register_file_i.rf_reg[975]$_DFFE_PN0P_,,if_stage_i.instr_rdata_id_o[15]$_DFFE_PP_->rebuffer4181;place3844->place3843;place3843->_15024_;_484_->_19566_;place3129->_21350_
ibex,memory_near_logic,tritonpart,92,0.140400,36,35,0.972222,2,if_stage_i.instr_rdata_id_o[6]$_DFFE_PP_,if_stage_i.gen_prefetch_buffer.prefetch_buffer_i.fifo_i.rdata_q[18]$_DFFE_PP_,alu_adder_result_ex\\ALU_33_0_33_0_33_unused_CO_X_Y[0]_HAN_CARLSON/place3384,_14742_->_374_;_483_->place3321
ibex,memory_near_logic,tritonpart,93,0.140400,36,35,0.972222,2,if_stage_i.instr_rdata_id_o[6]$_DFFE_PP_,if_stage_i.gen_prefetch_buffer.prefetch_buffer_i.fifo_i.rdata_q[6]$_DFFE_PP_,alu_adder_result_ex\\ALU_33_0_33_0_33_unused_CO_X_Y[0]_HAN_CARLSON/place3384,_14742_->_374_;_483_->place3321
ibex,memory_near_logic,tritonpart,94,0.140700,36,35,0.972222,2,if_stage_i.instr_rdata_id_o[6]$_DFFE_PP_,if_stage_i.gen_prefetch_buffer.prefetch_buffer_i.fifo_i.rdata_q[8]$_DFFE_PP_,alu_adder_result_ex\\ALU_33_0_33_0_33_unused_CO_X_Y[0]_HAN_CARLSON/place3384,_14742_->_374_;_483_->place3321
ibex,memory_near_logic,tritonpart,51,-0.065600,34,34,1.000000,3,if_stage_i.instr_rdata_id_o[15]$_DFFE_PP_,gen_regfile_ff.register_file_i.rf_reg[1007]$_DFFE_PN0P_,,if_stage_i.instr_rdata_id_o[15]$_DFFE_PP_->rebuffer4181;_484_->_19566_;place3129->_21674_
ibex,memory_near_logic,tritonpart,52,-0.063300,34,34,1.000000,3,if_stage_i.instr_rdata_id_o[15]$_DFFE_PP_,gen_regfile_ff.register_file_i.rf_reg[911]$_DFFE_PN0P_,,if_stage_i.instr_rdata_id_o[15]$_DFFE_PP_->rebuffer4181;_484_->_19566_;place3129->_20307_
ibex,memory_near_logic,tritonpart,53,-0.055100,34,34,1.000000,3,if_stage_i.instr_rdata_id_o[15]$_DFFE_PP_,gen_regfile_ff.register_file_i.rf_reg[975]$_DFFE_PN0P_,,if_stage_i.instr_rdata_id_o[15]$_DFFE_PP_->rebuffer4181;_484_->_19566_;place3129->_21350_
ibex,memory_near_logic,asa_rv3d,92,0.140400,36,35,0.972222,2,if_stage_i.instr_rdata_id_o[6]$_DFFE_PP_,if_stage_i.gen_prefetch_buffer.prefetch_buffer_i.fifo_i.rdata_q[18]$_DFFE_PP_,alu_adder_result_ex\\ALU_33_0_33_0_33_unused_CO_X_Y[0]_HAN_CARLSON/place3384,_14742_->_374_;_483_->place3321
ibex,memory_near_logic,asa_rv3d,93,0.140400,36,35,0.972222,2,if_stage_i.instr_rdata_id_o[6]$_DFFE_PP_,if_stage_i.gen_prefetch_buffer.prefetch_buffer_i.fifo_i.rdata_q[6]$_DFFE_PP_,alu_adder_result_ex\\ALU_33_0_33_0_33_unused_CO_X_Y[0]_HAN_CARLSON/place3384,_14742_->_374_;_483_->place3321
ibex,memory_near_logic,asa_rv3d,94,0.140700,36,35,0.972222,2,if_stage_i.instr_rdata_id_o[6]$_DFFE_PP_,if_stage_i.gen_prefetch_buffer.prefetch_buffer_i.fifo_i.rdata_q[8]$_DFFE_PP_,alu_adder_result_ex\\ALU_33_0_33_0_33_unused_CO_X_Y[0]_HAN_CARLSON/place3384,_14742_->_374_;_483_->place3321
ibex,memory_near_logic,asa_rv3d,51,-0.065600,34,34,1.000000,5,if_stage_i.instr_rdata_id_o[15]$_DFFE_PP_,gen_regfile_ff.register_file_i.rf_reg[1007]$_DFFE_PN0P_,,if_stage_i.instr_rdata_id_o[15]$_DFFE_PP_->rebuffer4181;place3844->place3843;place3843->_15024_;_484_->_19566_;place3129->_21674_
ibex,memory_near_logic,asa_rv3d,52,-0.063300,34,34,1.000000,5,if_stage_i.instr_rdata_id_o[15]$_DFFE_PP_,gen_regfile_ff.register_file_i.rf_reg[911]$_DFFE_PN0P_,,if_stage_i.instr_rdata_id_o[15]$_DFFE_PP_->rebuffer4181;place3844->place3843;place3843->_15024_;_484_->_19566_;place3129->_20307_
ibex,memory_near_logic,asa_rv3d,53,-0.055100,34,34,1.000000,5,if_stage_i.instr_rdata_id_o[15]$_DFFE_PP_,gen_regfile_ff.register_file_i.rf_reg[975]$_DFFE_PN0P_,,if_stage_i.instr_rdata_id_o[15]$_DFFE_PP_->rebuffer4181;place3844->place3843;place3843->_15024_;_484_->_19566_;place3129->_21350_
ibex,state_and_clock_protected,tritonpart,92,0.140400,36,35,0.972222,2,if_stage_i.instr_rdata_id_o[6]$_DFFE_PP_,if_stage_i.gen_prefetch_buffer.prefetch_buffer_i.fifo_i.rdata_q[18]$_DFFE_PP_,alu_adder_result_ex\\ALU_33_0_33_0_33_unused_CO_X_Y[0]_HAN_CARLSON/place3384,_14742_->_374_;_483_->place3321
ibex,state_and_clock_protected,tritonpart,93,0.140400,36,35,0.972222,2,if_stage_i.instr_rdata_id_o[6]$_DFFE_PP_,if_stage_i.gen_prefetch_buffer.prefetch_buffer_i.fifo_i.rdata_q[6]$_DFFE_PP_,alu_adder_result_ex\\ALU_33_0_33_0_33_unused_CO_X_Y[0]_HAN_CARLSON/place3384,_14742_->_374_;_483_->place3321
ibex,state_and_clock_protected,tritonpart,94,0.140700,36,35,0.972222,2,if_stage_i.instr_rdata_id_o[6]$_DFFE_PP_,if_stage_i.gen_prefetch_buffer.prefetch_buffer_i.fifo_i.rdata_q[8]$_DFFE_PP_,alu_adder_result_ex\\ALU_33_0_33_0_33_unused_CO_X_Y[0]_HAN_CARLSON/place3384,_14742_->_374_;_483_->place3321
ibex,state_and_clock_protected,tritonpart,51,-0.065600,34,34,1.000000,3,if_stage_i.instr_rdata_id_o[15]$_DFFE_PP_,gen_regfile_ff.register_file_i.rf_reg[1007]$_DFFE_PN0P_,,if_stage_i.instr_rdata_id_o[15]$_DFFE_PP_->rebuffer4181;_484_->_19566_;place3129->_21674_
ibex,state_and_clock_protected,tritonpart,52,-0.063300,34,34,1.000000,3,if_stage_i.instr_rdata_id_o[15]$_DFFE_PP_,gen_regfile_ff.register_file_i.rf_reg[911]$_DFFE_PN0P_,,if_stage_i.instr_rdata_id_o[15]$_DFFE_PP_->rebuffer4181;_484_->_19566_;place3129->_20307_
ibex,state_and_clock_protected,tritonpart,53,-0.055100,34,34,1.000000,3,if_stage_i.instr_rdata_id_o[15]$_DFFE_PP_,gen_regfile_ff.register_file_i.rf_reg[975]$_DFFE_PN0P_,,if_stage_i.instr_rdata_id_o[15]$_DFFE_PP_->rebuffer4181;_484_->_19566_;place3129->_21350_
ibex,state_and_clock_protected,asa_rv3d,92,0.140400,36,35,0.972222,2,if_stage_i.instr_rdata_id_o[6]$_DFFE_PP_,if_stage_i.gen_prefetch_buffer.prefetch_buffer_i.fifo_i.rdata_q[18]$_DFFE_PP_,alu_adder_result_ex\\ALU_33_0_33_0_33_unused_CO_X_Y[0]_HAN_CARLSON/place3384,_14742_->_374_;_483_->place3321
ibex,state_and_clock_protected,asa_rv3d,93,0.140400,36,35,0.972222,2,if_stage_i.instr_rdata_id_o[6]$_DFFE_PP_,if_stage_i.gen_prefetch_buffer.prefetch_buffer_i.fifo_i.rdata_q[6]$_DFFE_PP_,alu_adder_result_ex\\ALU_33_0_33_0_33_unused_CO_X_Y[0]_HAN_CARLSON/place3384,_14742_->_374_;_483_->place3321
ibex,state_and_clock_protected,asa_rv3d,94,0.140700,36,35,0.972222,2,if_stage_i.instr_rdata_id_o[6]$_DFFE_PP_,if_stage_i.gen_prefetch_buffer.prefetch_buffer_i.fifo_i.rdata_q[8]$_DFFE_PP_,alu_adder_result_ex\\ALU_33_0_33_0_33_unused_CO_X_Y[0]_HAN_CARLSON/place3384,_14742_->_374_;_483_->place3321
ibex,state_and_clock_protected,asa_rv3d,51,-0.065600,34,34,1.000000,5,if_stage_i.instr_rdata_id_o[15]$_DFFE_PP_,gen_regfile_ff.register_file_i.rf_reg[1007]$_DFFE_PN0P_,,if_stage_i.instr_rdata_id_o[15]$_DFFE_PP_->rebuffer4181;place3844->place3843;place3843->_15024_;_484_->_19566_;place3129->_21674_
ibex,state_and_clock_protected,asa_rv3d,52,-0.063300,34,34,1.000000,5,if_stage_i.instr_rdata_id_o[15]$_DFFE_PP_,gen_regfile_ff.register_file_i.rf_reg[911]$_DFFE_PN0P_,,if_stage_i.instr_rdata_id_o[15]$_DFFE_PP_->rebuffer4181;place3844->place3843;place3843->_15024_;_484_->_19566_;place3129->_20307_
ibex,state_and_clock_protected,asa_rv3d,53,-0.055100,34,34,1.000000,5,if_stage_i.instr_rdata_id_o[15]$_DFFE_PP_,gen_regfile_ff.register_file_i.rf_reg[975]$_DFFE_PN0P_,,if_stage_i.instr_rdata_id_o[15]$_DFFE_PP_->rebuffer4181;place3844->place3843;place3843->_15024_;_484_->_19566_;place3129->_21350_
picorv32,control_datapath_split,tritonpart,7,5.195900,15,15,1.000000,3,reg_op1[1]$_DFFE_PP_,alu_out_q[31]$_DFF_P_ (rising edge-triggered flip-flop clocked by clk),,_4964_->_9418_;_5171_->_5179_;_9198_->alu_out_q[31]$_DFF_P_
picorv32,control_datapath_split,tritonpart,12,5.261000,15,15,1.000000,3,reg_op1[1]$_DFFE_PP_,alu_out_q[27]$_DFF_P_ (rising edge-triggered flip-flop clocked by clk),,_4964_->_9418_;_5171_->_5179_;_5262_->alu_out_q[27]$_DFF_P_
picorv32,control_datapath_split,tritonpart,20,5.374200,14,14,1.000000,3,reg_op1[2]$_DFFE_PP_,alu_out_q[24]$_DFF_P_ (rising edge-triggered flip-flop clocked by clk),,_4991_->_9415_;_5052_->_5056_;_5294_->alu_out_q[24]$_DFF_P_
picorv32,control_datapath_split,tritonpart,7,5.195900,15,15,1.000000,3,reg_op1[1]$_DFFE_PP_,alu_out_q[31]$_DFF_P_ (rising edge-triggered flip-flop clocked by clk),,_4964_->_9418_;_5171_->_5179_;_9198_->alu_out_q[31]$_DFF_P_
picorv32,control_datapath_split,tritonpart,12,5.261000,15,15,1.000000,3,reg_op1[1]$_DFFE_PP_,alu_out_q[27]$_DFF_P_ (rising edge-triggered flip-flop clocked by clk),,_4964_->_9418_;_5171_->_5179_;_5262_->alu_out_q[27]$_DFF_P_
picorv32,control_datapath_split,tritonpart,20,5.374200,14,14,1.000000,3,reg_op1[2]$_DFFE_PP_,alu_out_q[24]$_DFF_P_ (rising edge-triggered flip-flop clocked by clk),,_4991_->_9415_;_5052_->_5056_;_5294_->alu_out_q[24]$_DFF_P_
picorv32,control_datapath_split,asa_rv3d,7,5.195900,15,15,1.000000,3,reg_op1[1]$_DFFE_PP_,alu_out_q[31]$_DFF_P_ (rising edge-triggered flip-flop clocked by clk),,place707->_4964_;_5171_->_5179_;_9198_->alu_out_q[31]$_DFF_P_
picorv32,control_datapath_split,asa_rv3d,11,5.240700,15,15,1.000000,3,reg_op1[1]$_DFFE_PP_,alu_out_q[29]$_DFF_P_ (rising edge-triggered flip-flop clocked by clk),,place707->_4964_;_5213_->_5224_;_5236_->alu_out_q[29]$_DFF_P_
picorv32,control_datapath_split,asa_rv3d,12,5.261000,15,15,1.000000,3,reg_op1[1]$_DFFE_PP_,alu_out_q[27]$_DFF_P_ (rising edge-triggered flip-flop clocked by clk),,place707->_4964_;_5171_->_5179_;_5262_->alu_out_q[27]$_DFF_P_
picorv32,control_datapath_split,asa_rv3d,7,5.195900,15,15,1.000000,3,reg_op1[1]$_DFFE_PP_,alu_out_q[31]$_DFF_P_ (rising edge-triggered flip-flop clocked by clk),,place707->_4964_;_5171_->_5179_;_9198_->alu_out_q[31]$_DFF_P_
picorv32,control_datapath_split,asa_rv3d,11,5.240700,15,15,1.000000,3,reg_op1[1]$_DFFE_PP_,alu_out_q[29]$_DFF_P_ (rising edge-triggered flip-flop clocked by clk),,place707->_4964_;_5213_->_5224_;_5236_->alu_out_q[29]$_DFF_P_
picorv32,control_datapath_split,asa_rv3d,12,5.261000,15,15,1.000000,3,reg_op1[1]$_DFFE_PP_,alu_out_q[27]$_DFF_P_ (rising edge-triggered flip-flop clocked by clk),,place707->_4964_;_5171_->_5179_;_5262_->alu_out_q[27]$_DFF_P_
picorv32,memory_near_logic,tritonpart,7,5.195900,15,15,1.000000,3,reg_op1[1]$_DFFE_PP_,alu_out_q[31]$_DFF_P_ (rising edge-triggered flip-flop clocked by clk),,_4964_->_9418_;_5171_->_5179_;_9198_->alu_out_q[31]$_DFF_P_
picorv32,memory_near_logic,tritonpart,12,5.261000,15,15,1.000000,3,reg_op1[1]$_DFFE_PP_,alu_out_q[27]$_DFF_P_ (rising edge-triggered flip-flop clocked by clk),,_4964_->_9418_;_5171_->_5179_;_5262_->alu_out_q[27]$_DFF_P_
picorv32,memory_near_logic,tritonpart,20,5.374200,14,14,1.000000,3,reg_op1[2]$_DFFE_PP_,alu_out_q[24]$_DFF_P_ (rising edge-triggered flip-flop clocked by clk),,_4991_->_9415_;_5052_->_5056_;_5294_->alu_out_q[24]$_DFF_P_
picorv32,memory_near_logic,tritonpart,7,5.195900,15,15,1.000000,3,reg_op1[1]$_DFFE_PP_,alu_out_q[31]$_DFF_P_ (rising edge-triggered flip-flop clocked by clk),,_4964_->_9418_;_5171_->_5179_;_9198_->alu_out_q[31]$_DFF_P_
picorv32,memory_near_logic,tritonpart,12,5.261000,15,15,1.000000,3,reg_op1[1]$_DFFE_PP_,alu_out_q[27]$_DFF_P_ (rising edge-triggered flip-flop clocked by clk),,_4964_->_9418_;_5171_->_5179_;_5262_->alu_out_q[27]$_DFF_P_
picorv32,memory_near_logic,tritonpart,20,5.374200,14,14,1.000000,3,reg_op1[2]$_DFFE_PP_,alu_out_q[24]$_DFF_P_ (rising edge-triggered flip-flop clocked by clk),,_4991_->_9415_;_5052_->_5056_;_5294_->alu_out_q[24]$_DFF_P_
picorv32,memory_near_logic,asa_rv3d,7,5.195900,15,15,1.000000,3,reg_op1[1]$_DFFE_PP_,alu_out_q[31]$_DFF_P_ (rising edge-triggered flip-flop clocked by clk),,place707->_4964_;_5171_->_5179_;_9198_->alu_out_q[31]$_DFF_P_
picorv32,memory_near_logic,asa_rv3d,11,5.240700,15,15,1.000000,3,reg_op1[1]$_DFFE_PP_,alu_out_q[29]$_DFF_P_ (rising edge-triggered flip-flop clocked by clk),,place707->_4964_;_5213_->_5224_;_5236_->alu_out_q[29]$_DFF_P_
picorv32,memory_near_logic,asa_rv3d,12,5.261000,15,15,1.000000,3,reg_op1[1]$_DFFE_PP_,alu_out_q[27]$_DFF_P_ (rising edge-triggered flip-flop clocked by clk),,place707->_4964_;_5171_->_5179_;_5262_->alu_out_q[27]$_DFF_P_
picorv32,memory_near_logic,asa_rv3d,7,5.195900,15,15,1.000000,3,reg_op1[1]$_DFFE_PP_,alu_out_q[31]$_DFF_P_ (rising edge-triggered flip-flop clocked by clk),,place707->_4964_;_5171_->_5179_;_9198_->alu_out_q[31]$_DFF_P_
picorv32,memory_near_logic,asa_rv3d,11,5.240700,15,15,1.000000,3,reg_op1[1]$_DFFE_PP_,alu_out_q[29]$_DFF_P_ (rising edge-triggered flip-flop clocked by clk),,place707->_4964_;_5213_->_5224_;_5236_->alu_out_q[29]$_DFF_P_
picorv32,memory_near_logic,asa_rv3d,12,5.261000,15,15,1.000000,3,reg_op1[1]$_DFFE_PP_,alu_out_q[27]$_DFF_P_ (rising edge-triggered flip-flop clocked by clk),,place707->_4964_;_5171_->_5179_;_5262_->alu_out_q[27]$_DFF_P_
picorv32,state_and_clock_protected,tritonpart,7,5.195900,15,15,1.000000,3,reg_op1[1]$_DFFE_PP_,alu_out_q[31]$_DFF_P_ (rising edge-triggered flip-flop clocked by clk),,_4964_->_9418_;_5171_->_5179_;_9198_->alu_out_q[31]$_DFF_P_
picorv32,state_and_clock_protected,tritonpart,12,5.261000,15,15,1.000000,3,reg_op1[1]$_DFFE_PP_,alu_out_q[27]$_DFF_P_ (rising edge-triggered flip-flop clocked by clk),,_4964_->_9418_;_5171_->_5179_;_5262_->alu_out_q[27]$_DFF_P_
picorv32,state_and_clock_protected,tritonpart,20,5.374200,14,14,1.000000,3,reg_op1[2]$_DFFE_PP_,alu_out_q[24]$_DFF_P_ (rising edge-triggered flip-flop clocked by clk),,_4991_->_9415_;_5052_->_5056_;_5294_->alu_out_q[24]$_DFF_P_
picorv32,state_and_clock_protected,tritonpart,7,5.195900,15,15,1.000000,3,reg_op1[1]$_DFFE_PP_,alu_out_q[31]$_DFF_P_ (rising edge-triggered flip-flop clocked by clk),,_4964_->_9418_;_5171_->_5179_;_9198_->alu_out_q[31]$_DFF_P_
picorv32,state_and_clock_protected,tritonpart,12,5.261000,15,15,1.000000,3,reg_op1[1]$_DFFE_PP_,alu_out_q[27]$_DFF_P_ (rising edge-triggered flip-flop clocked by clk),,_4964_->_9418_;_5171_->_5179_;_5262_->alu_out_q[27]$_DFF_P_
picorv32,state_and_clock_protected,tritonpart,20,5.374200,14,14,1.000000,3,reg_op1[2]$_DFFE_PP_,alu_out_q[24]$_DFF_P_ (rising edge-triggered flip-flop clocked by clk),,_4991_->_9415_;_5052_->_5056_;_5294_->alu_out_q[24]$_DFF_P_
picorv32,state_and_clock_protected,asa_rv3d,7,5.195900,15,15,1.000000,3,reg_op1[1]$_DFFE_PP_,alu_out_q[31]$_DFF_P_ (rising edge-triggered flip-flop clocked by clk),,place707->_4964_;_5171_->_5179_;_9198_->alu_out_q[31]$_DFF_P_
picorv32,state_and_clock_protected,asa_rv3d,11,5.240700,15,15,1.000000,3,reg_op1[1]$_DFFE_PP_,alu_out_q[29]$_DFF_P_ (rising edge-triggered flip-flop clocked by clk),,place707->_4964_;_5213_->_5224_;_5236_->alu_out_q[29]$_DFF_P_
picorv32,state_and_clock_protected,asa_rv3d,12,5.261000,15,15,1.000000,3,reg_op1[1]$_DFFE_PP_,alu_out_q[27]$_DFF_P_ (rising edge-triggered flip-flop clocked by clk),,place707->_4964_;_5171_->_5179_;_5262_->alu_out_q[27]$_DFF_P_
picorv32,state_and_clock_protected,asa_rv3d,7,5.195900,15,15,1.000000,3,reg_op1[1]$_DFFE_PP_,alu_out_q[31]$_DFF_P_ (rising edge-triggered flip-flop clocked by clk),,place707->_4964_;_5171_->_5179_;_9198_->alu_out_q[31]$_DFF_P_
picorv32,state_and_clock_protected,asa_rv3d,11,5.240700,15,15,1.000000,3,reg_op1[1]$_DFFE_PP_,alu_out_q[29]$_DFF_P_ (rising edge-triggered flip-flop clocked by clk),,place707->_4964_;_5213_->_5224_;_5236_->alu_out_q[29]$_DFF_P_
picorv32,state_and_clock_protected,asa_rv3d,12,5.261000,15,15,1.000000,3,reg_op1[1]$_DFFE_PP_,alu_out_q[27]$_DFF_P_ (rising edge-triggered flip-flop clocked by clk),,place707->_4964_;_5171_->_5179_;_5262_->alu_out_q[27]$_DFF_P_
scr1_core_tuned,control_datapath_split,tritonpart,0,13.816100,26,26,1.000000,0,i_scu.i_core_rstn_qlfy_adapter_cell_sync.i_reset_output_buf.reset_n_status$_DFF_PN0_,i_pipe_top.i_pipe_csr.csr_minstret_hi_ff[12]$_DFFE_PN0P_,,
scr1_core_tuned,control_datapath_split,tritonpart,1,13.817500,26,26,1.000000,0,i_scu.i_core_rstn_qlfy_adapter_cell_sync.i_reset_output_buf.reset_n_status$_DFF_PN0_,i_pipe_top.i_pipe_csr.csr_minstret_hi_ff[9]$_DFFE_PN0P_,,
scr1_core_tuned,control_datapath_split,tritonpart,2,13.817700,26,26,1.000000,0,i_scu.i_core_rstn_qlfy_adapter_cell_sync.i_reset_output_buf.reset_n_status$_DFF_PN0_,i_pipe_top.i_pipe_csr.csr_minstret_hi_ff[8]$_DFFE_PN0P_,,
scr1_core_tuned,control_datapath_split,tritonpart,0,13.816100,26,26,1.000000,0,i_scu.i_core_rstn_qlfy_adapter_cell_sync.i_reset_output_buf.reset_n_status$_DFF_PN0_,i_pipe_top.i_pipe_csr.csr_minstret_hi_ff[12]$_DFFE_PN0P_,,
scr1_core_tuned,control_datapath_split,tritonpart,1,13.817500,26,26,1.000000,0,i_scu.i_core_rstn_qlfy_adapter_cell_sync.i_reset_output_buf.reset_n_status$_DFF_PN0_,i_pipe_top.i_pipe_csr.csr_minstret_hi_ff[9]$_DFFE_PN0P_,,
scr1_core_tuned,control_datapath_split,tritonpart,2,13.817700,26,26,1.000000,0,i_scu.i_core_rstn_qlfy_adapter_cell_sync.i_reset_output_buf.reset_n_status$_DFF_PN0_,i_pipe_top.i_pipe_csr.csr_minstret_hi_ff[8]$_DFFE_PN0P_,,
scr1_core_tuned,control_datapath_split,asa_rv3d,0,13.816100,26,26,1.000000,0,i_scu.i_core_rstn_qlfy_adapter_cell_sync.i_reset_output_buf.reset_n_status$_DFF_PN0_,i_pipe_top.i_pipe_csr.csr_minstret_hi_ff[12]$_DFFE_PN0P_,,
scr1_core_tuned,control_datapath_split,asa_rv3d,1,13.817500,26,26,1.000000,0,i_scu.i_core_rstn_qlfy_adapter_cell_sync.i_reset_output_buf.reset_n_status$_DFF_PN0_,i_pipe_top.i_pipe_csr.csr_minstret_hi_ff[9]$_DFFE_PN0P_,,
scr1_core_tuned,control_datapath_split,asa_rv3d,2,13.817700,26,26,1.000000,0,i_scu.i_core_rstn_qlfy_adapter_cell_sync.i_reset_output_buf.reset_n_status$_DFF_PN0_,i_pipe_top.i_pipe_csr.csr_minstret_hi_ff[8]$_DFFE_PN0P_,,
scr1_core_tuned,control_datapath_split,asa_rv3d,0,13.816100,26,26,1.000000,0,i_scu.i_core_rstn_qlfy_adapter_cell_sync.i_reset_output_buf.reset_n_status$_DFF_PN0_,i_pipe_top.i_pipe_csr.csr_minstret_hi_ff[12]$_DFFE_PN0P_,,
scr1_core_tuned,control_datapath_split,asa_rv3d,1,13.817500,26,26,1.000000,0,i_scu.i_core_rstn_qlfy_adapter_cell_sync.i_reset_output_buf.reset_n_status$_DFF_PN0_,i_pipe_top.i_pipe_csr.csr_minstret_hi_ff[9]$_DFFE_PN0P_,,
scr1_core_tuned,control_datapath_split,asa_rv3d,2,13.817700,26,26,1.000000,0,i_scu.i_core_rstn_qlfy_adapter_cell_sync.i_reset_output_buf.reset_n_status$_DFF_PN0_,i_pipe_top.i_pipe_csr.csr_minstret_hi_ff[8]$_DFFE_PN0P_,,
scr1_core_tuned,memory_near_logic,tritonpart,0,13.816100,26,26,1.000000,0,i_scu.i_core_rstn_qlfy_adapter_cell_sync.i_reset_output_buf.reset_n_status$_DFF_PN0_,i_pipe_top.i_pipe_csr.csr_minstret_hi_ff[12]$_DFFE_PN0P_,,
scr1_core_tuned,memory_near_logic,tritonpart,1,13.817500,26,26,1.000000,0,i_scu.i_core_rstn_qlfy_adapter_cell_sync.i_reset_output_buf.reset_n_status$_DFF_PN0_,i_pipe_top.i_pipe_csr.csr_minstret_hi_ff[9]$_DFFE_PN0P_,,
scr1_core_tuned,memory_near_logic,tritonpart,2,13.817700,26,26,1.000000,0,i_scu.i_core_rstn_qlfy_adapter_cell_sync.i_reset_output_buf.reset_n_status$_DFF_PN0_,i_pipe_top.i_pipe_csr.csr_minstret_hi_ff[8]$_DFFE_PN0P_,,
scr1_core_tuned,memory_near_logic,tritonpart,0,13.816100,26,26,1.000000,0,i_scu.i_core_rstn_qlfy_adapter_cell_sync.i_reset_output_buf.reset_n_status$_DFF_PN0_,i_pipe_top.i_pipe_csr.csr_minstret_hi_ff[12]$_DFFE_PN0P_,,
scr1_core_tuned,memory_near_logic,tritonpart,1,13.817500,26,26,1.000000,0,i_scu.i_core_rstn_qlfy_adapter_cell_sync.i_reset_output_buf.reset_n_status$_DFF_PN0_,i_pipe_top.i_pipe_csr.csr_minstret_hi_ff[9]$_DFFE_PN0P_,,
scr1_core_tuned,memory_near_logic,tritonpart,2,13.817700,26,26,1.000000,0,i_scu.i_core_rstn_qlfy_adapter_cell_sync.i_reset_output_buf.reset_n_status$_DFF_PN0_,i_pipe_top.i_pipe_csr.csr_minstret_hi_ff[8]$_DFFE_PN0P_,,
scr1_core_tuned,memory_near_logic,asa_rv3d,0,13.816100,26,26,1.000000,0,i_scu.i_core_rstn_qlfy_adapter_cell_sync.i_reset_output_buf.reset_n_status$_DFF_PN0_,i_pipe_top.i_pipe_csr.csr_minstret_hi_ff[12]$_DFFE_PN0P_,,
scr1_core_tuned,memory_near_logic,asa_rv3d,1,13.817500,26,26,1.000000,0,i_scu.i_core_rstn_qlfy_adapter_cell_sync.i_reset_output_buf.reset_n_status$_DFF_PN0_,i_pipe_top.i_pipe_csr.csr_minstret_hi_ff[9]$_DFFE_PN0P_,,
scr1_core_tuned,memory_near_logic,asa_rv3d,2,13.817700,26,26,1.000000,0,i_scu.i_core_rstn_qlfy_adapter_cell_sync.i_reset_output_buf.reset_n_status$_DFF_PN0_,i_pipe_top.i_pipe_csr.csr_minstret_hi_ff[8]$_DFFE_PN0P_,,
scr1_core_tuned,memory_near_logic,asa_rv3d,0,13.816100,26,26,1.000000,0,i_scu.i_core_rstn_qlfy_adapter_cell_sync.i_reset_output_buf.reset_n_status$_DFF_PN0_,i_pipe_top.i_pipe_csr.csr_minstret_hi_ff[12]$_DFFE_PN0P_,,
scr1_core_tuned,memory_near_logic,asa_rv3d,1,13.817500,26,26,1.000000,0,i_scu.i_core_rstn_qlfy_adapter_cell_sync.i_reset_output_buf.reset_n_status$_DFF_PN0_,i_pipe_top.i_pipe_csr.csr_minstret_hi_ff[9]$_DFFE_PN0P_,,
scr1_core_tuned,memory_near_logic,asa_rv3d,2,13.817700,26,26,1.000000,0,i_scu.i_core_rstn_qlfy_adapter_cell_sync.i_reset_output_buf.reset_n_status$_DFF_PN0_,i_pipe_top.i_pipe_csr.csr_minstret_hi_ff[8]$_DFFE_PN0P_,,
scr1_core_tuned,state_and_clock_protected,tritonpart,0,13.816100,26,26,1.000000,0,i_scu.i_core_rstn_qlfy_adapter_cell_sync.i_reset_output_buf.reset_n_status$_DFF_PN0_,i_pipe_top.i_pipe_csr.csr_minstret_hi_ff[12]$_DFFE_PN0P_,,
scr1_core_tuned,state_and_clock_protected,tritonpart,1,13.817500,26,26,1.000000,0,i_scu.i_core_rstn_qlfy_adapter_cell_sync.i_reset_output_buf.reset_n_status$_DFF_PN0_,i_pipe_top.i_pipe_csr.csr_minstret_hi_ff[9]$_DFFE_PN0P_,,
scr1_core_tuned,state_and_clock_protected,tritonpart,2,13.817700,26,26,1.000000,0,i_scu.i_core_rstn_qlfy_adapter_cell_sync.i_reset_output_buf.reset_n_status$_DFF_PN0_,i_pipe_top.i_pipe_csr.csr_minstret_hi_ff[8]$_DFFE_PN0P_,,
scr1_core_tuned,state_and_clock_protected,tritonpart,0,13.816100,26,26,1.000000,0,i_scu.i_core_rstn_qlfy_adapter_cell_sync.i_reset_output_buf.reset_n_status$_DFF_PN0_,i_pipe_top.i_pipe_csr.csr_minstret_hi_ff[12]$_DFFE_PN0P_,,
scr1_core_tuned,state_and_clock_protected,tritonpart,1,13.817500,26,26,1.000000,0,i_scu.i_core_rstn_qlfy_adapter_cell_sync.i_reset_output_buf.reset_n_status$_DFF_PN0_,i_pipe_top.i_pipe_csr.csr_minstret_hi_ff[9]$_DFFE_PN0P_,,
scr1_core_tuned,state_and_clock_protected,tritonpart,2,13.817700,26,26,1.000000,0,i_scu.i_core_rstn_qlfy_adapter_cell_sync.i_reset_output_buf.reset_n_status$_DFF_PN0_,i_pipe_top.i_pipe_csr.csr_minstret_hi_ff[8]$_DFFE_PN0P_,,
scr1_core_tuned,state_and_clock_protected,asa_rv3d,0,13.816100,26,26,1.000000,0,i_scu.i_core_rstn_qlfy_adapter_cell_sync.i_reset_output_buf.reset_n_status$_DFF_PN0_,i_pipe_top.i_pipe_csr.csr_minstret_hi_ff[12]$_DFFE_PN0P_,,
scr1_core_tuned,state_and_clock_protected,asa_rv3d,1,13.817500,26,26,1.000000,0,i_scu.i_core_rstn_qlfy_adapter_cell_sync.i_reset_output_buf.reset_n_status$_DFF_PN0_,i_pipe_top.i_pipe_csr.csr_minstret_hi_ff[9]$_DFFE_PN0P_,,
scr1_core_tuned,state_and_clock_protected,asa_rv3d,2,13.817700,26,26,1.000000,0,i_scu.i_core_rstn_qlfy_adapter_cell_sync.i_reset_output_buf.reset_n_status$_DFF_PN0_,i_pipe_top.i_pipe_csr.csr_minstret_hi_ff[8]$_DFFE_PN0P_,,
scr1_core_tuned,state_and_clock_protected,asa_rv3d,0,13.816100,26,26,1.000000,0,i_scu.i_core_rstn_qlfy_adapter_cell_sync.i_reset_output_buf.reset_n_status$_DFF_PN0_,i_pipe_top.i_pipe_csr.csr_minstret_hi_ff[12]$_DFFE_PN0P_,,
scr1_core_tuned,state_and_clock_protected,asa_rv3d,1,13.817500,26,26,1.000000,0,i_scu.i_core_rstn_qlfy_adapter_cell_sync.i_reset_output_buf.reset_n_status$_DFF_PN0_,i_pipe_top.i_pipe_csr.csr_minstret_hi_ff[9]$_DFFE_PN0P_,,
scr1_core_tuned,state_and_clock_protected,asa_rv3d,2,13.817700,26,26,1.000000,0,i_scu.i_core_rstn_qlfy_adapter_cell_sync.i_reset_output_buf.reset_n_status$_DFF_PN0_,i_pipe_top.i_pipe_csr.csr_minstret_hi_ff[8]$_DFFE_PN0P_,,
