design,scenario,starting_net_crossing_proxy,path_aware_net_crossing_proxy,net_crossing_delta,net_crossing_delta_fraction,starting_instance_balance,path_aware_instance_balance,starting_weight_balance,path_aware_weight_balance,starting_crossing_path_fraction,path_aware_crossing_path_fraction,starting_path_transition_cost,path_aware_path_transition_cost
riscv32i,control_datapath_split,731,811,80,0.109439,0.936213,0.916806,0.900000,0.922873,0.980000,0.980000,77.350000,51.740000
riscv32i,memory_near_logic,745,825,80,0.107383,0.933603,0.914248,0.900000,0.922873,0.980000,0.980000,77.350000,51.740000
riscv32i,state_and_clock_protected,739,819,80,0.108254,0.934907,0.915526,0.900255,0.923134,0.980000,0.980000,77.350000,51.740000
ibex,control_datapath_split,421,497,76,0.180523,0.918234,0.922726,0.931805,0.936109,0.990000,0.000000,95.160000,0.000000
ibex,memory_near_logic,425,501,76,0.178824,0.919414,0.923912,0.933154,0.937464,0.990000,0.000000,95.160000,0.000000
ibex,state_and_clock_protected,445,521,76,0.170787,0.919651,0.924386,0.933404,0.937866,0.990000,0.000000,95.160000,0.000000
picorv32,control_datapath_split,620,677,57,0.091935,0.965497,0.937411,0.876893,0.904257,0.500000,0.000000,34.960000,0.000000
picorv32,memory_near_logic,626,683,57,0.091054,0.970067,0.941850,0.876789,0.904150,0.500000,0.000000,34.960000,0.000000
picorv32,state_and_clock_protected,665,720,55,0.082707,0.967779,0.939628,0.876789,0.904150,0.500000,0.000000,34.960000,0.000000
scr1_core_tuned,control_datapath_split,380,380,0,0.000000,0.904037,0.904037,0.909251,0.909251,0.000000,0.000000,0.000000,0.000000
scr1_core_tuned,memory_near_logic,380,380,0,0.000000,0.903569,0.903569,0.908761,0.908761,0.000000,0.000000,0.000000,0.000000
scr1_core_tuned,state_and_clock_protected,382,382,0,0.000000,0.903725,0.903725,0.908924,0.908924,0.000000,0.000000,0.000000,0.000000
