max_paths,vertical_delay_ns,design,scenario,tritonpart_wns_degradation,asa_rv3d_wns_degradation,path_aware_wns_degradation,tritonpart_tns_degradation,asa_rv3d_tns_degradation,path_aware_tns_degradation,tritonpart_crossing_path_fraction,asa_rv3d_crossing_path_fraction,path_aware_crossing_path_fraction,path_aware_wns_reduction_vs_asa,path_aware_tns_reduction_vs_asa
50,0.050000,riscv32i,control_datapath_split,0.100000,0.100000,0.087600,4.100000,4.100000,2.600000,1.000000,1.000000,1.000000,0.124000,0.365854
50,0.050000,riscv32i,memory_near_logic,0.100000,0.100000,0.087600,4.100000,4.100000,2.600000,1.000000,1.000000,1.000000,0.124000,0.365854
50,0.050000,riscv32i,state_and_clock_protected,0.100000,0.100000,0.087600,4.100000,4.100000,2.600000,1.000000,1.000000,1.000000,0.124000,0.365854
50,0.050000,ibex,control_datapath_split,0.000000,0.050000,0.000000,0.000000,0.000000,0.000000,0.000000,1.000000,0.000000,1.000000,0.000000
50,0.050000,ibex,memory_near_logic,0.000000,0.050000,0.000000,0.000000,0.000000,0.000000,0.000000,1.000000,0.000000,1.000000,0.000000
50,0.050000,ibex,state_and_clock_protected,0.000000,0.050000,0.000000,0.000000,0.000000,0.000000,0.000000,1.000000,0.000000,1.000000,0.000000
50,0.050000,picorv32,control_datapath_split,0.000000,0.000000,0.000000,0.000000,0.000000,0.000000,0.500000,0.500000,0.000000,0.000000,0.000000
50,0.050000,picorv32,memory_near_logic,0.000000,0.000000,0.000000,0.000000,0.000000,0.000000,0.500000,0.500000,0.000000,0.000000,0.000000
50,0.050000,picorv32,state_and_clock_protected,0.000000,0.000000,0.000000,0.000000,0.000000,0.000000,0.500000,0.500000,0.000000,0.000000,0.000000
50,0.050000,scr1_core_tuned,control_datapath_split,0.000000,0.000000,0.000000,0.000000,0.000000,0.000000,0.000000,0.000000,0.000000,0.000000,0.000000
50,0.050000,scr1_core_tuned,memory_near_logic,0.000000,0.000000,0.000000,0.000000,0.000000,0.000000,0.000000,0.000000,0.000000,0.000000,0.000000
50,0.050000,scr1_core_tuned,state_and_clock_protected,0.000000,0.000000,0.000000,0.000000,0.000000,0.000000,0.000000,0.000000,0.000000,0.000000,0.000000
100,0.050000,riscv32i,control_datapath_split,0.050000,0.050000,0.050000,4.901400,4.901400,3.401400,0.980000,0.980000,0.980000,0.000000,0.306035
100,0.050000,riscv32i,memory_near_logic,0.050000,0.050000,0.050000,4.901400,4.901400,3.401400,0.980000,0.980000,0.980000,0.000000,0.306035
100,0.050000,riscv32i,state_and_clock_protected,0.050000,0.050000,0.050000,4.901400,4.901400,3.401400,0.980000,0.980000,0.980000,0.000000,0.306035
100,0.050000,ibex,control_datapath_split,0.150000,0.250000,0.000000,4.915600,8.015600,0.000000,0.490000,0.990000,0.000000,1.000000,1.000000
100,0.050000,ibex,memory_near_logic,0.150000,0.250000,0.000000,4.915600,8.015600,0.000000,0.490000,0.990000,0.000000,1.000000,1.000000
100,0.050000,ibex,state_and_clock_protected,0.150000,0.250000,0.000000,4.915600,8.015600,0.000000,0.490000,0.990000,0.000000,1.000000,1.000000
100,0.050000,picorv32,control_datapath_split,0.000000,0.000000,0.000000,0.000000,0.000000,0.000000,0.500000,0.500000,0.000000,0.000000,0.000000
100,0.050000,picorv32,memory_near_logic,0.000000,0.000000,0.000000,0.000000,0.000000,0.000000,0.500000,0.500000,0.000000,0.000000,0.000000
100,0.050000,picorv32,state_and_clock_protected,0.000000,0.000000,0.000000,0.000000,0.000000,0.000000,0.500000,0.500000,0.000000,0.000000,0.000000
100,0.050000,scr1_core_tuned,control_datapath_split,0.000000,0.000000,0.000000,0.000000,0.000000,0.000000,0.000000,0.000000,0.000000,0.000000,0.000000
100,0.050000,scr1_core_tuned,memory_near_logic,0.000000,0.000000,0.000000,0.000000,0.000000,0.000000,0.000000,0.000000,0.000000,0.000000,0.000000
100,0.050000,scr1_core_tuned,state_and_clock_protected,0.000000,0.000000,0.000000,0.000000,0.000000,0.000000,0.000000,0.000000,0.000000,0.000000,0.000000
200,0.050000,riscv32i,control_datapath_split,0.050000,0.050000,0.050000,4.901400,4.901400,3.401400,0.980000,0.980000,0.980000,0.000000,0.306035
200,0.050000,riscv32i,memory_near_logic,0.050000,0.050000,0.050000,4.901400,4.901400,3.401400,0.980000,0.980000,0.980000,0.000000,0.306035
200,0.050000,riscv32i,state_and_clock_protected,0.050000,0.050000,0.050000,4.901400,4.901400,3.401400,0.980000,0.980000,0.980000,0.000000,0.306035
200,0.050000,ibex,control_datapath_split,0.150000,0.250000,0.132900,6.121000,9.221000,1.111100,0.649007,0.980132,0.317881,0.468400,0.879503
200,0.050000,ibex,memory_near_logic,0.150000,0.250000,0.132900,6.121000,9.221000,1.111100,0.649007,0.980132,0.317881,0.468400,0.879503
200,0.050000,ibex,state_and_clock_protected,0.150000,0.250000,0.132900,6.121000,9.221000,1.111100,0.649007,0.980132,0.317881,0.468400,0.879503
200,0.050000,picorv32,control_datapath_split,0.000000,0.000000,0.000000,0.000000,0.000000,0.000000,0.500000,0.500000,0.000000,0.000000,0.000000
200,0.050000,picorv32,memory_near_logic,0.000000,0.000000,0.000000,0.000000,0.000000,0.000000,0.500000,0.500000,0.000000,0.000000,0.000000
200,0.050000,picorv32,state_and_clock_protected,0.000000,0.000000,0.000000,0.000000,0.000000,0.000000,0.500000,0.500000,0.000000,0.000000,0.000000
200,0.050000,scr1_core_tuned,control_datapath_split,0.000000,0.000000,0.000000,0.000000,0.000000,0.000000,0.300000,0.300000,0.300000,0.000000,0.000000
200,0.050000,scr1_core_tuned,memory_near_logic,0.000000,0.000000,0.000000,0.000000,0.000000,0.000000,0.300000,0.300000,0.300000,0.000000,0.000000
200,0.050000,scr1_core_tuned,state_and_clock_protected,0.000000,0.000000,0.000000,0.000000,0.000000,0.000000,0.300000,0.300000,0.300000,0.000000,0.000000
