iteration,instance,architecture_unit,semantic_group,from_tier,to_tier,objective_delta,objective_after,crossing_nets_after,cut_regret_after,tier0_area_fraction_after,P_avg_cut_after,P_wst_cut_after,scanned_candidates,legal_candidates,rejected_area_candidates,rejected_gain_candidates,rejected_cut_candidates,rejected_path_candidates
1,_3838_,unclassified,infrastructure,tier1,tier0,4.896816,1388.777370,230,0.000000,0.486882,0.410000,2.000000,5737,125,0,5612,0,0
2,place1485,unclassified,infrastructure,tier1,tier0,3.778576,1384.998794,230,0.000000,0.486983,0.410000,2.000000,5737,124,0,5613,0,0
3,place1471,unclassified,infrastructure,tier1,tier0,3.441316,1381.557478,230,0.000000,0.487085,0.410000,2.000000,5737,123,0,5614,0,0
4,place1488,unclassified,infrastructure,tier1,tier0,3.386946,1378.170531,230,0.000000,0.487186,0.410000,2.000000,5737,122,0,5615,0,0
5,dp.rf.rf[0][7]$_DFFE_PP_,unclassified,infrastructure,tier1,tier0,2.866405,1375.304127,229,-0.004348,0.487591,0.410000,2.000000,5737,121,0,5616,0,0
6,clkbuf_leaf_95_clk,unclassified,infrastructure,tier1,tier0,2.851725,1372.452402,229,-0.004348,0.487929,0.410000,2.000000,5737,121,0,5616,0,0
7,dp.rf.rf[0][24]$_DFFE_PP_,unclassified,infrastructure,tier1,tier0,2.638247,1369.814155,229,-0.004348,0.488335,0.410000,2.000000,5737,120,0,5617,0,0
8,dp.rf.rf[0][11]$_DFFE_PP_,unclassified,infrastructure,tier1,tier0,2.605295,1367.208859,228,-0.008696,0.488740,0.410000,2.000000,5737,120,0,5617,0,0
9,dp.rf.rf[0][25]$_DFFE_PP_,unclassified,infrastructure,tier1,tier0,2.601025,1364.607834,227,-0.013043,0.489146,0.410000,2.000000,5737,120,0,5617,0,0
10,dp.rf.rf[0][5]$_DFFE_PP_,unclassified,infrastructure,tier1,tier0,2.581673,1362.026161,225,-0.021739,0.489551,0.350000,1.000000,5737,120,0,5617,0,0
11,dp.rf.rf[0][31]$_DFFE_PP_,unclassified,infrastructure,tier1,tier0,2.576822,1359.449339,224,-0.026087,0.489957,0.350000,1.000000,5737,120,0,5617,0,0
12,dp.rf.rf[0][19]$_DFFE_PP_,unclassified,infrastructure,tier1,tier0,2.570314,1356.879025,223,-0.030435,0.490362,0.350000,1.000000,5737,120,0,5617,0,0
13,dp.rf.rf[0][8]$_DFFE_PP_,unclassified,infrastructure,tier1,tier0,2.562575,1354.316450,221,-0.039130,0.490767,0.350000,1.000000,5737,120,0,5617,0,0
14,dp.rf.rf[0][3]$_DFFE_PP_,unclassified,infrastructure,tier1,tier0,2.561441,1351.755009,220,-0.043478,0.491173,0.350000,1.000000,5737,119,0,5618,0,0
15,dp.rf.rf[0][22]$_DFFE_PP_,unclassified,infrastructure,tier1,tier0,2.548817,1349.206193,218,-0.052174,0.491578,0.350000,1.000000,5737,118,0,5619,0,0
16,dp.rf.rf[0][18]$_DFFE_PP_,unclassified,infrastructure,tier1,tier0,2.511594,1346.694599,217,-0.056522,0.491984,0.350000,1.000000,5737,118,0,5619,0,0
17,dp.rf.rf[0][23]$_DFFE_PP_,unclassified,infrastructure,tier1,tier0,2.511162,1344.183437,216,-0.060870,0.492389,0.350000,1.000000,5737,118,0,5619,0,0
18,dp.rf.rf[0][27]$_DFFE_PP_,unclassified,infrastructure,tier1,tier0,2.509507,1341.673930,215,-0.065217,0.492795,0.350000,1.000000,5737,118,0,5619,0,0
19,dp.rf.rf[0][6]$_DFFE_PP_,unclassified,infrastructure,tier1,tier0,2.499171,1339.174759,213,-0.073913,0.493200,0.350000,1.000000,5737,118,0,5619,0,0
20,dp.rf.rf[0][26]$_DFFE_PP_,unclassified,infrastructure,tier1,tier0,2.482612,1336.692147,212,-0.078261,0.493606,0.350000,1.000000,5737,118,0,5619,0,0
21,dp.rf.rf[29][18]$_DFFE_PP_,unclassified,infrastructure,tier1,tier0,2.472138,1334.220009,212,-0.078261,0.494011,0.350000,1.000000,5737,118,0,5619,0,0
22,dp.rf.rf[0][29]$_DFFE_PP_,unclassified,infrastructure,tier1,tier0,2.452511,1331.767498,210,-0.086957,0.494417,0.350000,1.000000,5737,117,0,5620,0,0
23,dp.rf.rf[0][21]$_DFFE_PP_,unclassified,infrastructure,tier1,tier0,2.413214,1329.354284,209,-0.091304,0.494822,0.350000,1.000000,5737,117,0,5620,0,0
24,_3875_,unclassified,infrastructure,tier1,tier0,1.901662,1327.452622,209,-0.091304,0.494940,0.350000,1.000000,5737,117,0,5620,0,0
25,_3884_,unclassified,infrastructure,tier1,tier0,1.899494,1325.553128,209,-0.091304,0.495126,0.350000,1.000000,5737,116,0,5621,0,0
26,_4181_,unclassified,infrastructure,tier1,tier0,1.775030,1323.778097,209,-0.091304,0.495177,0.350000,1.000000,5737,116,0,5621,0,0
27,place1608,unclassified,infrastructure,tier1,tier0,3.444793,1320.333305,209,-0.091304,0.495278,0.350000,1.000000,5737,117,0,5620,0,0
28,_3872_,unclassified,infrastructure,tier1,tier0,1.747961,1318.585344,210,-0.086957,0.495329,0.350000,1.000000,5737,116,0,5621,0,0
29,_3797_,unclassified,infrastructure,tier1,tier0,1.733930,1316.851414,210,-0.086957,0.495413,0.350000,1.000000,5737,115,0,5622,0,0
30,place1604,unclassified,infrastructure,tier1,tier0,2.969549,1313.881866,210,-0.086957,0.495515,0.350000,1.000000,5737,114,0,5623,0,0
31,_3868_,unclassified,infrastructure,tier1,tier0,1.727564,1312.154302,211,-0.082609,0.495565,0.350000,1.000000,5737,113,0,5624,0,0
32,clkbuf_3_0__f_clk,unclassified,infrastructure,tier1,tier0,1.711770,1310.442532,211,-0.082609,0.495903,0.350000,1.000000,5737,112,0,5625,0,0
33,clkbuf_0_clk,unclassified,infrastructure,tier1,tier0,1.878668,1308.563864,211,-0.082609,0.496241,0.350000,1.000000,5737,111,0,5626,0,0
34,clkload0,unclassified,infrastructure,tier1,tier0,1.711770,1306.852094,211,-0.082609,0.496579,0.350000,1.000000,5737,110,0,5627,0,0
35,_4205_,unclassified,infrastructure,tier1,tier0,1.662625,1305.189469,211,-0.082609,0.496630,0.350000,1.000000,5737,109,0,5628,0,0
36,input43,unclassified,infrastructure,tier1,tier0,1.658129,1303.531340,211,-0.082609,0.496765,0.350000,1.000000,5737,108,0,5629,0,0
37,input42,unclassified,infrastructure,tier1,tier0,1.638947,1301.892393,211,-0.082609,0.496900,0.350000,1.000000,5737,107,0,5630,0,0
38,_3862_,unclassified,infrastructure,tier1,tier0,1.565666,1300.326727,211,-0.082609,0.496984,0.350000,1.000000,5737,106,0,5631,0,0
39,_3822_,unclassified,infrastructure,tier1,tier0,1.556383,1298.770344,211,-0.082609,0.497069,0.350000,1.000000,5737,105,0,5632,0,0
40,_4748_,unclassified,infrastructure,tier1,tier0,1.479795,1297.290549,211,-0.082609,0.497120,0.350000,1.000000,5737,104,0,5633,0,0
41,_4755_,unclassified,infrastructure,tier1,tier0,1.465834,1295.824715,211,-0.082609,0.497170,0.350000,1.000000,5737,103,0,5634,0,0
42,_4190_,unclassified,infrastructure,tier1,tier0,3.514807,1292.309908,211,-0.082609,0.497221,0.350000,1.000000,5737,105,0,5632,0,0
43,_3873_,unclassified,infrastructure,tier1,tier0,3.348205,1288.961703,211,-0.082609,0.497339,0.350000,1.000000,5737,104,0,5633,0,0
44,_3953_,unclassified,infrastructure,tier1,tier0,3.625302,1285.336401,210,-0.086957,0.497559,0.350000,1.000000,5737,103,0,5634,0,0
45,place1473,unclassified,infrastructure,tier1,tier0,3.344254,1281.992148,209,-0.091304,0.497660,0.350000,1.000000,5737,102,0,5635,0,0
46,clkload11,unclassified,infrastructure,tier1,tier0,1.139955,1280.852193,209,-0.091304,0.497711,0.350000,1.000000,5737,101,0,5636,0,0
47,clkload88,unclassified,infrastructure,tier1,tier0,1.132790,1279.719403,209,-0.091304,0.497762,0.350000,1.000000,5737,100,0,5637,0,0
48,clkload84,unclassified,infrastructure,tier1,tier0,1.111738,1278.607665,209,-0.091304,0.497812,0.350000,1.000000,5737,99,0,5638,0,0
49,clkload29,unclassified,infrastructure,tier1,tier0,1.102820,1277.504845,209,-0.091304,0.497863,0.350000,1.000000,5737,98,0,5639,0,0
50,dp.rf.rf[0][7]$_DFFE_PP__30,unclassified,infrastructure,tier1,tier0,1.097366,1276.407478,208,-0.095652,0.497914,0.350000,1.000000,5737,97,0,5640,0,0
51,place1288,unclassified,infrastructure,tier1,tier0,1.050483,1275.356996,208,-0.095652,0.498015,0.350000,1.000000,5737,96,0,5641,0,0
52,dp.rf.rf[0][5]$_DFFE_PP__28,unclassified,infrastructure,tier1,tier0,1.038594,1274.318401,207,-0.100000,0.498066,0.350000,1.000000,5737,95,0,5642,0,0
53,place992,unclassified,infrastructure,tier1,tier0,1.029927,1273.288474,206,-0.104348,0.498336,0.350000,1.000000,5737,94,0,5643,0,0
54,place991,unclassified,infrastructure,tier1,tier0,1.029892,1272.258583,205,-0.108696,0.498606,0.350000,1.000000,5737,93,0,5644,0,0
55,place1008,unclassified,infrastructure,tier1,tier0,1.029720,1271.228862,204,-0.113043,0.498877,0.350000,1.000000,5737,92,0,5645,0,0
56,dp.rf.rf[0][3]$_DFFE_PP__26,unclassified,infrastructure,tier1,tier0,1.011098,1270.217764,203,-0.117391,0.498927,0.350000,1.000000,5737,91,0,5646,0,0
57,dp.rf.rf[0][23]$_DFFE_PP__16,unclassified,infrastructure,tier1,tier0,1.011045,1269.206720,202,-0.121739,0.498978,0.350000,1.000000,5737,90,0,5647,0,0
58,dp.rf.rf[0][19]$_DFFE_PP__11,unclassified,infrastructure,tier1,tier0,1.010984,1268.195736,201,-0.126087,0.499029,0.350000,1.000000,5737,89,0,5648,0,0
59,dp.rf.rf[0][11]$_DFFE_PP__3,unclassified,infrastructure,tier1,tier0,1.010982,1267.184754,200,-0.130435,0.499079,0.350000,1.000000,5737,88,0,5649,0,0
60,dp.rf.rf[0][22]$_DFFE_PP__15,unclassified,infrastructure,tier1,tier0,1.010982,1266.173772,199,-0.134783,0.499130,0.350000,1.000000,5737,87,0,5650,0,0
61,dp.rf.rf[0][24]$_DFFE_PP__17,unclassified,infrastructure,tier1,tier0,1.010946,1265.162826,198,-0.139130,0.499181,0.350000,1.000000,5737,86,0,5651,0,0
62,dp.rf.rf[0][27]$_DFFE_PP__20,unclassified,infrastructure,tier1,tier0,1.010893,1264.151932,197,-0.143478,0.499231,0.350000,1.000000,5737,85,0,5652,0,0
63,dp.rf.rf[0][31]$_DFFE_PP__25,unclassified,infrastructure,tier1,tier0,1.010860,1263.141072,196,-0.147826,0.499282,0.350000,1.000000,5737,84,0,5653,0,0
64,dp.rf.rf[0][8]$_DFFE_PP__31,unclassified,infrastructure,tier1,tier0,1.010825,1262.130248,195,-0.152174,0.499333,0.350000,1.000000,5737,83,0,5654,0,0
65,dp.rf.rf[0][26]$_DFFE_PP__19,unclassified,infrastructure,tier1,tier0,1.010775,1261.119473,194,-0.156522,0.499383,0.350000,1.000000,5737,82,0,5655,0,0
66,dp.rf.rf[0][18]$_DFFE_PP__10,unclassified,infrastructure,tier1,tier0,1.010718,1260.108755,193,-0.160870,0.499434,0.350000,1.000000,5737,81,0,5656,0,0
67,dp.rf.rf[0][21]$_DFFE_PP__14,unclassified,infrastructure,tier1,tier0,1.010699,1259.098055,192,-0.165217,0.499485,0.350000,1.000000,5737,80,0,5657,0,0
68,dp.rf.rf[0][6]$_DFFE_PP__29,unclassified,infrastructure,tier1,tier0,1.010652,1258.087404,191,-0.169565,0.499535,0.350000,1.000000,5737,79,0,5658,0,0
69,dp.rf.rf[0][25]$_DFFE_PP__18,unclassified,infrastructure,tier1,tier0,1.005773,1257.081630,190,-0.173913,0.499586,0.350000,1.000000,5737,78,0,5659,0,0
70,dp.rf.rf[0][29]$_DFFE_PP__22,unclassified,infrastructure,tier1,tier0,1.005431,1256.076199,189,-0.178261,0.499637,0.350000,1.000000,5737,77,0,5660,0,0
71,_4914_,unclassified,infrastructure,tier1,tier0,0.656982,1255.419217,192,-0.165217,0.499755,0.350000,1.000000,5737,76,0,5661,0,0
72,_4508_,unclassified,infrastructure,tier1,tier0,0.638685,1254.780532,195,-0.152174,0.499873,0.350000,1.000000,5737,77,0,5660,0,0
73,clkbuf_leaf_53_clk,unclassified,infrastructure,tier0,tier1,0.567023,1254.213509,196,-0.147826,0.499535,0.350000,1.000000,5737,78,0,5659,0,0
74,clkbuf_leaf_52_clk,unclassified,infrastructure,tier0,tier1,0.560624,1253.652885,197,-0.143478,0.499198,0.350000,1.000000,5737,77,0,5660,0,0
75,clkbuf_leaf_54_clk,unclassified,infrastructure,tier0,tier1,0.560386,1253.092499,197,-0.143478,0.498860,0.350000,1.000000,5737,76,0,5661,0,0
76,_4627_,unclassified,infrastructure,tier1,tier0,0.514726,1252.577773,199,-0.134783,0.498927,0.350000,1.000000,5737,75,0,5662,0,0
77,clkbuf_leaf_89_clk,unclassified,infrastructure,tier1,tier0,0.512547,1252.065226,200,-0.130435,0.499265,0.350000,1.000000,5737,74,0,5663,0,0
78,clkbuf_leaf_87_clk,unclassified,infrastructure,tier1,tier0,0.472845,1251.592381,200,-0.130435,0.499603,0.350000,1.000000,5737,73,0,5664,0,0
79,clkbuf_leaf_94_clk,unclassified,infrastructure,tier1,tier0,0.472100,1251.120281,200,-0.130435,0.499941,0.350000,1.000000,5737,72,0,5665,0,0
80,_7109_,unclassified,infrastructure,tier1,tier0,0.424039,1250.696242,202,-0.121739,0.500042,0.350000,1.000000,5737,71,0,5666,0,0
81,_4721_,unclassified,infrastructure,tier1,tier0,0.421266,1250.274976,204,-0.113043,0.500110,0.350000,1.000000,5737,70,0,5667,0,0
82,_4833_,unclassified,infrastructure,tier1,tier0,0.355444,1249.919532,206,-0.104348,0.500177,0.350000,1.000000,5737,69,0,5668,0,0
83,_4402_,unclassified,infrastructure,tier1,tier0,0.354162,1249.565370,208,-0.095652,0.500245,0.350000,1.000000,5737,69,0,5668,0,0
84,place1606,unclassified,infrastructure,tier1,tier0,0.330509,1249.234861,209,-0.091304,0.500346,0.350000,1.000000,5737,69,0,5668,0,0
85,input49,unclassified,infrastructure,tier1,tier0,1.423616,1247.811246,208,-0.095652,0.500414,0.350000,1.000000,5737,69,0,5668,0,0
86,place993,unclassified,infrastructure,tier0,tier1,0.329494,1247.481752,208,-0.095652,0.500144,0.350000,1.000000,5737,68,0,5669,0,0
87,place1024,unclassified,infrastructure,tier0,tier1,0.327844,1247.153908,208,-0.095652,0.499873,0.350000,1.000000,5737,67,0,5670,0,0
88,place1615,unclassified,infrastructure,tier1,tier0,0.323498,1246.830409,209,-0.091304,0.499975,0.350000,1.000000,5737,66,0,5671,0,0
89,input46,unclassified,infrastructure,tier1,tier0,1.370251,1245.460159,208,-0.095652,0.500110,0.350000,1.000000,5737,66,0,5671,0,0
90,place1609,unclassified,infrastructure,tier1,tier0,0.322580,1245.137578,209,-0.091304,0.500211,0.350000,1.000000,5737,65,0,5672,0,0
91,input47,unclassified,infrastructure,tier1,tier0,1.351542,1243.786036,208,-0.095652,0.500346,0.350000,1.000000,5737,65,0,5672,0,0
92,place1623,unclassified,infrastructure,tier1,tier0,0.310982,1243.475054,209,-0.091304,0.500448,0.350000,1.000000,5737,64,0,5673,0,0
93,input45,unclassified,infrastructure,tier1,tier0,1.360312,1242.114742,208,-0.095652,0.500583,0.350000,1.000000,5737,64,0,5673,0,0
94,_4390_,unclassified,infrastructure,tier1,tier0,0.304356,1241.810386,210,-0.086957,0.500650,0.350000,1.000000,5737,63,0,5674,0,0
95,place1321,unclassified,infrastructure,tier0,tier1,0.303916,1241.506469,210,-0.086957,0.500380,0.350000,1.000000,5737,62,0,5675,0,0
96,_4787_,unclassified,infrastructure,tier1,tier0,0.298114,1241.208355,212,-0.078261,0.500448,0.350000,1.000000,5737,61,0,5676,0,0
97,place1007,unclassified,infrastructure,tier0,tier1,0.286589,1240.921767,212,-0.078261,0.500177,0.350000,1.000000,5737,61,0,5676,0,0
98,_4846_,unclassified,infrastructure,tier0,tier1,0.286055,1240.635712,214,-0.069565,0.500110,0.350000,1.000000,5737,60,0,5677,0,0
99,place1023,unclassified,infrastructure,tier0,tier1,0.279090,1240.356622,214,-0.069565,0.500008,0.350000,1.000000,5737,60,0,5677,0,0
100,place1322,unclassified,infrastructure,tier0,tier1,0.276019,1240.080604,214,-0.069565,0.499907,0.350000,1.000000,5737,59,0,5678,0,0
