prefix,objective,objective_reduction,crossing_nets,cut_regret,crossing_connections_proxy,crossing_connection_regret,area_balance_pass,area_weight_balance,tier0_area_fraction,tier1_area_fraction,P_avg_cut,P_avg_cut_regret,P_wst_cut,P_wst_cut_delta,candidate_status,native_timing_weighted_crossing,candidate_timing_weighted_crossing,timing_weighted_regret,candidate_timing_crossing_nets,candidate_high_timing_crossing_nets,candidate_assignment,timing_crossing_csv
0,1267.427539,0.000000,230,0.000000,957,0.000000,true,0.948548,0.486797,0.513203,0.410000,0.000000,2.000000,0.000000,legal,9.168943,9.168943,0.000000,90,7,results/riscv32i_tritonpart_compatible_dynamic_architecture_off_canonical_checkpoint/state_and_clock_protected/candidate_assignments/prefix_0000_assignment.csv,results/riscv32i_tritonpart_compatible_dynamic_architecture_off_canonical_checkpoint/state_and_clock_protected/candidate_timing_crossing/prefix_0000_timing_crossing.csv
1,1263.101817,0.003413,230,0.000000,954,-0.003135,true,0.948869,0.486882,0.513118,0.410000,0.000000,2.000000,0.000000,legal,9.168943,9.168943,0.000000,90,7,results/riscv32i_tritonpart_compatible_dynamic_architecture_off_canonical_checkpoint/state_and_clock_protected/candidate_assignments/prefix_0001_assignment.csv,results/riscv32i_tritonpart_compatible_dynamic_architecture_off_canonical_checkpoint/state_and_clock_protected/candidate_timing_crossing/prefix_0001_timing_crossing.csv
2,1259.862797,0.005969,230,0.000000,952,-0.005225,true,0.949254,0.486983,0.513017,0.410000,0.000000,2.000000,0.000000,legal,9.168943,9.168943,0.000000,90,7,results/riscv32i_tritonpart_compatible_dynamic_architecture_off_canonical_checkpoint/state_and_clock_protected/candidate_assignments/prefix_0002_assignment.csv,results/riscv32i_tritonpart_compatible_dynamic_architecture_off_canonical_checkpoint/state_and_clock_protected/candidate_timing_crossing/prefix_0002_timing_crossing.csv
3,1256.856830,0.008340,230,0.000000,950,-0.007315,true,0.949639,0.487085,0.512915,0.410000,0.000000,2.000000,0.000000,legal,9.168943,9.168943,0.000000,90,7,results/riscv32i_tritonpart_compatible_dynamic_architecture_off_canonical_checkpoint/state_and_clock_protected/candidate_assignments/prefix_0003_assignment.csv,results/riscv32i_tritonpart_compatible_dynamic_architecture_off_canonical_checkpoint/state_and_clock_protected/candidate_timing_crossing/prefix_0003_timing_crossing.csv
4,1253.888433,0.010682,230,0.000000,948,-0.009404,true,0.950025,0.487186,0.512814,0.410000,0.000000,2.000000,0.000000,legal,9.168943,9.168943,0.000000,90,7,results/riscv32i_tritonpart_compatible_dynamic_architecture_off_canonical_checkpoint/state_and_clock_protected/candidate_assignments/prefix_0004_assignment.csv,results/riscv32i_tritonpart_compatible_dynamic_architecture_off_canonical_checkpoint/state_and_clock_protected/candidate_timing_crossing/prefix_0004_timing_crossing.csv
5,1251.279740,0.012741,229,-0.004348,946,-0.011494,true,0.951568,0.487591,0.512409,0.410000,0.000000,2.000000,0.000000,legal,9.168943,9.168943,0.000000,90,7,results/riscv32i_tritonpart_compatible_dynamic_architecture_off_canonical_checkpoint/state_and_clock_protected/candidate_assignments/prefix_0005_assignment.csv,results/riscv32i_tritonpart_compatible_dynamic_architecture_off_canonical_checkpoint/state_and_clock_protected/candidate_timing_crossing/prefix_0005_timing_crossing.csv
6,1248.680875,0.014791,229,-0.004348,944,-0.013584,true,0.952855,0.487929,0.512071,0.410000,0.000000,2.000000,0.000000,legal,9.168943,9.168943,0.000000,90,7,results/riscv32i_tritonpart_compatible_dynamic_architecture_off_canonical_checkpoint/state_and_clock_protected/candidate_assignments/prefix_0006_assignment.csv,results/riscv32i_tritonpart_compatible_dynamic_architecture_off_canonical_checkpoint/state_and_clock_protected/candidate_timing_crossing/prefix_0006_timing_crossing.csv
7,1246.229723,0.016725,229,-0.004348,942,-0.015674,true,0.954403,0.488335,0.511665,0.410000,0.000000,2.000000,0.000000,legal,9.168943,9.168943,0.000000,90,7,results/riscv32i_tritonpart_compatible_dynamic_architecture_off_canonical_checkpoint/state_and_clock_protected/candidate_assignments/prefix_0007_assignment.csv,results/riscv32i_tritonpart_compatible_dynamic_architecture_off_canonical_checkpoint/state_and_clock_protected/candidate_timing_crossing/prefix_0007_timing_crossing.csv
8,1243.795495,0.018646,228,-0.008696,940,-0.017764,true,0.955953,0.488740,0.511260,0.410000,0.000000,2.000000,0.000000,legal,9.168943,9.166055,-0.000315,89,7,results/riscv32i_tritonpart_compatible_dynamic_architecture_off_canonical_checkpoint/state_and_clock_protected/candidate_assignments/prefix_0008_assignment.csv,results/riscv32i_tritonpart_compatible_dynamic_architecture_off_canonical_checkpoint/state_and_clock_protected/candidate_timing_crossing/prefix_0008_timing_crossing.csv
9,1241.363467,0.020565,226,-0.017391,938,-0.019854,true,0.957505,0.489146,0.510854,0.350000,-0.146341,1.000000,-1.000000,legal,9.168943,8.997495,-0.018699,87,7,results/riscv32i_tritonpart_compatible_dynamic_architecture_off_canonical_checkpoint/state_and_clock_protected/candidate_assignments/prefix_0009_assignment.csv,results/riscv32i_tritonpart_compatible_dynamic_architecture_off_canonical_checkpoint/state_and_clock_protected/candidate_timing_crossing/prefix_0009_timing_crossing.csv
10,1238.938155,0.022478,225,-0.021739,936,-0.021944,true,0.959060,0.489551,0.510449,0.350000,-0.146341,1.000000,-1.000000,legal,9.168943,8.997495,-0.018699,87,7,results/riscv32i_tritonpart_compatible_dynamic_architecture_off_canonical_checkpoint/state_and_clock_protected/candidate_assignments/prefix_0010_assignment.csv,results/riscv32i_tritonpart_compatible_dynamic_architecture_off_canonical_checkpoint/state_and_clock_protected/candidate_timing_crossing/prefix_0010_timing_crossing.csv
11,1236.529442,0.024379,224,-0.026087,934,-0.024033,true,0.960617,0.489957,0.510043,0.350000,-0.146341,1.000000,-1.000000,legal,9.168943,8.997495,-0.018699,87,7,results/riscv32i_tritonpart_compatible_dynamic_architecture_off_canonical_checkpoint/state_and_clock_protected/candidate_assignments/prefix_0011_assignment.csv,results/riscv32i_tritonpart_compatible_dynamic_architecture_off_canonical_checkpoint/state_and_clock_protected/candidate_timing_crossing/prefix_0011_timing_crossing.csv
12,1234.125236,0.026276,223,-0.030435,932,-0.026123,true,0.962177,0.490362,0.509638,0.350000,-0.146341,1.000000,-1.000000,legal,9.168943,8.997495,-0.018699,87,7,results/riscv32i_tritonpart_compatible_dynamic_architecture_off_canonical_checkpoint/state_and_clock_protected/candidate_assignments/prefix_0012_assignment.csv,results/riscv32i_tritonpart_compatible_dynamic_architecture_off_canonical_checkpoint/state_and_clock_protected/candidate_timing_crossing/prefix_0012_timing_crossing.csv
13,1231.726380,0.028168,221,-0.039130,930,-0.028213,true,0.963740,0.490767,0.509233,0.350000,-0.146341,1.000000,-1.000000,legal,9.168943,8.994603,-0.019014,86,7,results/riscv32i_tritonpart_compatible_dynamic_architecture_off_canonical_checkpoint/state_and_clock_protected/candidate_assignments/prefix_0013_assignment.csv,results/riscv32i_tritonpart_compatible_dynamic_architecture_off_canonical_checkpoint/state_and_clock_protected/candidate_timing_crossing/prefix_0013_timing_crossing.csv
14,1229.328422,0.030060,220,-0.043478,928,-0.030303,true,0.965304,0.491173,0.508827,0.350000,-0.146341,1.000000,-1.000000,legal,9.168943,8.994603,-0.019014,86,7,results/riscv32i_tritonpart_compatible_dynamic_architecture_off_canonical_checkpoint/state_and_clock_protected/candidate_assignments/prefix_0014_assignment.csv,results/riscv32i_tritonpart_compatible_dynamic_architecture_off_canonical_checkpoint/state_and_clock_protected/candidate_timing_crossing/prefix_0014_timing_crossing.csv
15,1226.938497,0.031946,218,-0.052174,926,-0.032393,true,0.966872,0.491578,0.508422,0.350000,-0.146341,1.000000,-1.000000,legal,9.168943,8.985440,-0.020014,84,7,results/riscv32i_tritonpart_compatible_dynamic_architecture_off_canonical_checkpoint/state_and_clock_protected/candidate_assignments/prefix_0015_assignment.csv,results/riscv32i_tritonpart_compatible_dynamic_architecture_off_canonical_checkpoint/state_and_clock_protected/candidate_timing_crossing/prefix_0015_timing_crossing.csv
16,1224.573845,0.033812,217,-0.056522,924,-0.034483,true,0.968441,0.491984,0.508016,0.350000,-0.146341,1.000000,-1.000000,legal,9.168943,8.982419,-0.020343,83,7,results/riscv32i_tritonpart_compatible_dynamic_architecture_off_canonical_checkpoint/state_and_clock_protected/candidate_assignments/prefix_0016_assignment.csv,results/riscv32i_tritonpart_compatible_dynamic_architecture_off_canonical_checkpoint/state_and_clock_protected/candidate_timing_crossing/prefix_0016_timing_crossing.csv
17,1222.210332,0.035676,216,-0.060870,922,-0.036573,true,0.970014,0.492389,0.507611,0.350000,-0.146341,1.000000,-1.000000,legal,9.168943,8.982419,-0.020343,83,7,results/riscv32i_tritonpart_compatible_dynamic_architecture_off_canonical_checkpoint/state_and_clock_protected/candidate_assignments/prefix_0017_assignment.csv,results/riscv32i_tritonpart_compatible_dynamic_architecture_off_canonical_checkpoint/state_and_clock_protected/candidate_timing_crossing/prefix_0017_timing_crossing.csv
18,1219.848142,0.037540,215,-0.065217,920,-0.038662,true,0.971588,0.492795,0.507205,0.350000,-0.146341,1.000000,-1.000000,legal,9.168943,8.982419,-0.020343,83,7,results/riscv32i_tritonpart_compatible_dynamic_architecture_off_canonical_checkpoint/state_and_clock_protected/candidate_assignments/prefix_0018_assignment.csv,results/riscv32i_tritonpart_compatible_dynamic_architecture_off_canonical_checkpoint/state_and_clock_protected/candidate_timing_crossing/prefix_0018_timing_crossing.csv
19,1217.493214,0.039398,213,-0.073913,918,-0.040752,true,0.973166,0.493200,0.506800,0.350000,-0.146341,1.000000,-1.000000,legal,9.168943,8.982419,-0.020343,83,7,results/riscv32i_tritonpart_compatible_dynamic_architecture_off_canonical_checkpoint/state_and_clock_protected/candidate_assignments/prefix_0019_assignment.csv,results/riscv32i_tritonpart_compatible_dynamic_architecture_off_canonical_checkpoint/state_and_clock_protected/candidate_timing_crossing/prefix_0019_timing_crossing.csv
20,1215.149729,0.041247,212,-0.078261,916,-0.042842,true,0.974746,0.493606,0.506394,0.350000,-0.146341,1.000000,-1.000000,legal,9.168943,8.982419,-0.020343,83,7,results/riscv32i_tritonpart_compatible_dynamic_architecture_off_canonical_checkpoint/state_and_clock_protected/candidate_assignments/prefix_0020_assignment.csv,results/riscv32i_tritonpart_compatible_dynamic_architecture_off_canonical_checkpoint/state_and_clock_protected/candidate_timing_crossing/prefix_0020_timing_crossing.csv
21,1212.812910,0.043091,212,-0.078261,914,-0.044932,true,0.976328,0.494011,0.505989,0.350000,-0.146341,1.000000,-1.000000,legal,9.168943,8.982419,-0.020343,83,7,results/riscv32i_tritonpart_compatible_dynamic_architecture_off_canonical_checkpoint/state_and_clock_protected/candidate_assignments/prefix_0021_assignment.csv,results/riscv32i_tritonpart_compatible_dynamic_architecture_off_canonical_checkpoint/state_and_clock_protected/candidate_timing_crossing/prefix_0021_timing_crossing.csv
22,1210.490224,0.044924,210,-0.086957,912,-0.047022,true,0.977913,0.494417,0.505583,0.350000,-0.146341,1.000000,-1.000000,legal,9.168943,8.982419,-0.020343,83,7,results/riscv32i_tritonpart_compatible_dynamic_architecture_off_canonical_checkpoint/state_and_clock_protected/candidate_assignments/prefix_0022_assignment.csv,results/riscv32i_tritonpart_compatible_dynamic_architecture_off_canonical_checkpoint/state_and_clock_protected/candidate_timing_crossing/prefix_0022_timing_crossing.csv
23,1208.193291,0.046736,209,-0.091304,910,-0.049112,true,0.979500,0.494822,0.505178,0.350000,-0.146341,1.000000,-1.000000,legal,9.168943,8.979471,-0.020665,82,7,results/riscv32i_tritonpart_compatible_dynamic_architecture_off_canonical_checkpoint/state_and_clock_protected/candidate_assignments/prefix_0023_assignment.csv,results/riscv32i_tritonpart_compatible_dynamic_architecture_off_canonical_checkpoint/state_and_clock_protected/candidate_timing_crossing/prefix_0023_timing_crossing.csv
24,1206.565341,0.048020,209,-0.091304,909,-0.050157,true,0.979964,0.494940,0.505060,0.350000,-0.146341,1.000000,-1.000000,legal,9.168943,8.979471,-0.020665,82,7,results/riscv32i_tritonpart_compatible_dynamic_architecture_off_canonical_checkpoint/state_and_clock_protected/candidate_assignments/prefix_0024_assignment.csv,results/riscv32i_tritonpart_compatible_dynamic_architecture_off_canonical_checkpoint/state_and_clock_protected/candidate_timing_crossing/prefix_0024_timing_crossing.csv
25,1204.938896,0.049304,209,-0.091304,908,-0.051202,true,0.980693,0.495126,0.504874,0.350000,-0.146341,1.000000,-1.000000,legal,9.168943,8.979471,-0.020665,82,7,results/riscv32i_tritonpart_compatible_dynamic_architecture_off_canonical_checkpoint/state_and_clock_protected/candidate_assignments/prefix_0025_assignment.csv,results/riscv32i_tritonpart_compatible_dynamic_architecture_off_canonical_checkpoint/state_and_clock_protected/candidate_timing_crossing/prefix_0025_timing_crossing.csv
26,1203.328405,0.050574,209,-0.091304,907,-0.052247,true,0.980892,0.495177,0.504823,0.350000,-0.146341,1.000000,-1.000000,legal,9.168943,8.979471,-0.020665,82,7,results/riscv32i_tritonpart_compatible_dynamic_architecture_off_canonical_checkpoint/state_and_clock_protected/candidate_assignments/prefix_0026_assignment.csv,results/riscv32i_tritonpart_compatible_dynamic_architecture_off_canonical_checkpoint/state_and_clock_protected/candidate_timing_crossing/prefix_0026_timing_crossing.csv
27,1200.316826,0.052950,209,-0.091304,905,-0.054336,true,0.981289,0.495278,0.504722,0.350000,-0.146341,1.000000,-1.000000,legal,9.168943,8.979471,-0.020665,82,7,results/riscv32i_tritonpart_compatible_dynamic_architecture_off_canonical_checkpoint/state_and_clock_protected/candidate_assignments/prefix_0027_assignment.csv,results/riscv32i_tritonpart_compatible_dynamic_architecture_off_canonical_checkpoint/state_and_clock_protected/candidate_timing_crossing/prefix_0027_timing_crossing.csv
28,1198.792307,0.054153,210,-0.086957,904,-0.055381,true,0.981488,0.495329,0.504671,0.350000,-0.146341,1.000000,-1.000000,legal,9.168943,8.979471,-0.020665,82,7,results/riscv32i_tritonpart_compatible_dynamic_architecture_off_canonical_checkpoint/state_and_clock_protected/candidate_assignments/prefix_0028_assignment.csv,results/riscv32i_tritonpart_compatible_dynamic_architecture_off_canonical_checkpoint/state_and_clock_protected/candidate_timing_crossing/prefix_0028_timing_crossing.csv
29,1197.280153,0.055346,210,-0.086957,903,-0.056426,true,0.981820,0.495413,0.504587,0.350000,-0.146341,1.000000,-1.000000,legal,9.168943,8.979471,-0.020665,82,7,results/riscv32i_tritonpart_compatible_dynamic_architecture_off_canonical_checkpoint/state_and_clock_protected/candidate_assignments/prefix_0029_assignment.csv,results/riscv32i_tritonpart_compatible_dynamic_architecture_off_canonical_checkpoint/state_and_clock_protected/candidate_timing_crossing/prefix_0029_timing_crossing.csv
30,1194.600185,0.057461,210,-0.086957,901,-0.058516,true,0.982218,0.495515,0.504485,0.350000,-0.146341,1.000000,-1.000000,legal,9.168943,8.979471,-0.020665,82,7,results/riscv32i_tritonpart_compatible_dynamic_architecture_off_canonical_checkpoint/state_and_clock_protected/candidate_assignments/prefix_0030_assignment.csv,results/riscv32i_tritonpart_compatible_dynamic_architecture_off_canonical_checkpoint/state_and_clock_protected/candidate_timing_crossing/prefix_0030_timing_crossing.csv
31,1193.088342,0.058654,211,-0.082609,900,-0.059561,true,0.982417,0.495565,0.504435,0.350000,-0.146341,1.000000,-1.000000,legal,9.168943,8.979471,-0.020665,82,7,results/riscv32i_tritonpart_compatible_dynamic_architecture_off_canonical_checkpoint/state_and_clock_protected/candidate_assignments/prefix_0031_assignment.csv,results/riscv32i_tritonpart_compatible_dynamic_architecture_off_canonical_checkpoint/state_and_clock_protected/candidate_timing_crossing/prefix_0031_timing_crossing.csv
32,1191.591500,0.059835,211,-0.082609,899,-0.060606,true,0.983746,0.495903,0.504097,0.350000,-0.146341,1.000000,-1.000000,legal,9.168943,8.979471,-0.020665,82,7,results/riscv32i_tritonpart_compatible_dynamic_architecture_off_canonical_checkpoint/state_and_clock_protected/candidate_assignments/prefix_0032_assignment.csv,results/riscv32i_tritonpart_compatible_dynamic_architecture_off_canonical_checkpoint/state_and_clock_protected/candidate_timing_crossing/prefix_0032_timing_crossing.csv
33,1189.979329,0.061107,211,-0.082609,898,-0.061651,true,0.985077,0.496241,0.503759,0.350000,-0.146341,1.000000,-1.000000,legal,9.168943,8.979471,-0.020665,82,7,results/riscv32i_tritonpart_compatible_dynamic_architecture_off_canonical_checkpoint/state_and_clock_protected/candidate_assignments/prefix_0033_assignment.csv,results/riscv32i_tritonpart_compatible_dynamic_architecture_off_canonical_checkpoint/state_and_clock_protected/candidate_timing_crossing/prefix_0033_timing_crossing.csv
34,1188.482487,0.062288,211,-0.082609,897,-0.062696,true,0.986409,0.496579,0.503421,0.350000,-0.146341,1.000000,-1.000000,legal,9.168943,8.979471,-0.020665,82,7,results/riscv32i_tritonpart_compatible_dynamic_architecture_off_canonical_checkpoint/state_and_clock_protected/candidate_assignments/prefix_0034_assignment.csv,results/riscv32i_tritonpart_compatible_dynamic_architecture_off_canonical_checkpoint/state_and_clock_protected/candidate_timing_crossing/prefix_0034_timing_crossing.csv
35,1187.019605,0.063442,211,-0.082609,896,-0.063741,true,0.986609,0.496630,0.503370,0.350000,-0.146341,1.000000,-1.000000,legal,9.168943,8.979471,-0.020665,82,7,results/riscv32i_tritonpart_compatible_dynamic_architecture_off_canonical_checkpoint/state_and_clock_protected/candidate_assignments/prefix_0035_assignment.csv,results/riscv32i_tritonpart_compatible_dynamic_architecture_off_canonical_checkpoint/state_and_clock_protected/candidate_timing_crossing/prefix_0035_timing_crossing.csv
36,1185.559830,0.064594,211,-0.082609,895,-0.064786,true,0.987142,0.496765,0.503235,0.350000,-0.146341,1.000000,-1.000000,legal,9.168943,8.979471,-0.020665,82,7,results/riscv32i_tritonpart_compatible_dynamic_architecture_off_canonical_checkpoint/state_and_clock_protected/candidate_assignments/prefix_0036_assignment.csv,results/riscv32i_tritonpart_compatible_dynamic_architecture_off_canonical_checkpoint/state_and_clock_protected/candidate_timing_crossing/prefix_0036_timing_crossing.csv
37,1184.113310,0.065735,211,-0.082609,894,-0.065831,true,0.987676,0.496900,0.503100,0.350000,-0.146341,1.000000,-1.000000,legal,9.168943,8.979471,-0.020665,82,7,results/riscv32i_tritonpart_compatible_dynamic_architecture_off_canonical_checkpoint/state_and_clock_protected/candidate_assignments/prefix_0037_assignment.csv,results/riscv32i_tritonpart_compatible_dynamic_architecture_off_canonical_checkpoint/state_and_clock_protected/candidate_timing_crossing/prefix_0037_timing_crossing.csv
38,1182.709619,0.066842,211,-0.082609,893,-0.066876,true,0.987877,0.496951,0.503049,0.350000,-0.146341,1.000000,-1.000000,legal,9.168943,8.979471,-0.020665,82,7,results/riscv32i_tritonpart_compatible_dynamic_architecture_off_canonical_checkpoint/state_and_clock_protected/candidate_assignments/prefix_0038_assignment.csv,results/riscv32i_tritonpart_compatible_dynamic_architecture_off_canonical_checkpoint/state_and_clock_protected/candidate_timing_crossing/prefix_0038_timing_crossing.csv
39,1181.313737,0.067944,211,-0.082609,892,-0.067921,true,0.988210,0.497035,0.502965,0.350000,-0.146341,1.000000,-1.000000,legal,9.168943,8.979471,-0.020665,82,7,results/riscv32i_tritonpart_compatible_dynamic_architecture_off_canonical_checkpoint/state_and_clock_protected/candidate_assignments/prefix_0039_assignment.csv,results/riscv32i_tritonpart_compatible_dynamic_architecture_off_canonical_checkpoint/state_and_clock_protected/candidate_timing_crossing/prefix_0039_timing_crossing.csv
40,1179.924271,0.069040,211,-0.082609,891,-0.068966,true,0.988544,0.497120,0.502880,0.350000,-0.146341,1.000000,-1.000000,legal,9.168943,8.979471,-0.020665,82,7,results/riscv32i_tritonpart_compatible_dynamic_architecture_off_canonical_checkpoint/state_and_clock_protected/candidate_assignments/prefix_0040_assignment.csv,results/riscv32i_tritonpart_compatible_dynamic_architecture_off_canonical_checkpoint/state_and_clock_protected/candidate_timing_crossing/prefix_0040_timing_crossing.csv
41,1178.598378,0.070086,211,-0.082609,890,-0.070010,true,0.988745,0.497170,0.502830,0.350000,-0.146341,1.000000,-1.000000,legal,9.168943,8.979471,-0.020665,82,7,results/riscv32i_tritonpart_compatible_dynamic_architecture_off_canonical_checkpoint/state_and_clock_protected/candidate_assignments/prefix_0041_assignment.csv,results/riscv32i_tritonpart_compatible_dynamic_architecture_off_canonical_checkpoint/state_and_clock_protected/candidate_timing_crossing/prefix_0041_timing_crossing.csv
42,1175.372871,0.072631,211,-0.082609,888,-0.072100,true,0.988945,0.497221,0.502779,0.350000,-0.146341,1.000000,-1.000000,legal,9.168943,8.979471,-0.020665,82,7,results/riscv32i_tritonpart_compatible_dynamic_architecture_off_canonical_checkpoint/state_and_clock_protected/candidate_assignments/prefix_0042_assignment.csv,results/riscv32i_tritonpart_compatible_dynamic_architecture_off_canonical_checkpoint/state_and_clock_protected/candidate_timing_crossing/prefix_0042_timing_crossing.csv
43,1172.338686,0.075025,211,-0.082609,886,-0.074190,true,0.989413,0.497339,0.502661,0.350000,-0.146341,1.000000,-1.000000,legal,9.168943,8.979471,-0.020665,82,7,results/riscv32i_tritonpart_compatible_dynamic_architecture_off_canonical_checkpoint/state_and_clock_protected/candidate_assignments/prefix_0043_assignment.csv,results/riscv32i_tritonpart_compatible_dynamic_architecture_off_canonical_checkpoint/state_and_clock_protected/candidate_timing_crossing/prefix_0043_timing_crossing.csv
44,1169.202312,0.077500,210,-0.086957,884,-0.076280,true,0.990283,0.497559,0.502441,0.350000,-0.146341,1.000000,-1.000000,legal,9.168943,8.979471,-0.020665,82,7,results/riscv32i_tritonpart_compatible_dynamic_architecture_off_canonical_checkpoint/state_and_clock_protected/candidate_assignments/prefix_0044_assignment.csv,results/riscv32i_tritonpart_compatible_dynamic_architecture_off_canonical_checkpoint/state_and_clock_protected/candidate_timing_crossing/prefix_0044_timing_crossing.csv
45,1166.257726,0.079823,209,-0.091304,882,-0.078370,true,0.990684,0.497660,0.502340,0.350000,-0.146341,1.000000,-1.000000,legal,9.168943,8.979471,-0.020665,82,7,results/riscv32i_tritonpart_compatible_dynamic_architecture_off_canonical_checkpoint/state_and_clock_protected/candidate_assignments/prefix_0045_assignment.csv,results/riscv32i_tritonpart_compatible_dynamic_architecture_off_canonical_checkpoint/state_and_clock_protected/candidate_timing_crossing/prefix_0045_timing_crossing.csv
46,1165.155704,0.080692,209,-0.091304,881,-0.079415,true,0.990885,0.497711,0.502289,0.350000,-0.146341,1.000000,-1.000000,legal,9.168943,8.979471,-0.020665,82,7,results/riscv32i_tritonpart_compatible_dynamic_architecture_off_canonical_checkpoint/state_and_clock_protected/candidate_assignments/prefix_0046_assignment.csv,results/riscv32i_tritonpart_compatible_dynamic_architecture_off_canonical_checkpoint/state_and_clock_protected/candidate_timing_crossing/prefix_0046_timing_crossing.csv
47,1164.058948,0.081558,209,-0.091304,880,-0.080460,true,0.991086,0.497762,0.502238,0.350000,-0.146341,1.000000,-1.000000,legal,9.168943,8.979471,-0.020665,82,7,results/riscv32i_tritonpart_compatible_dynamic_architecture_off_canonical_checkpoint/state_and_clock_protected/candidate_assignments/prefix_0047_assignment.csv,results/riscv32i_tritonpart_compatible_dynamic_architecture_off_canonical_checkpoint/state_and_clock_protected/candidate_timing_crossing/prefix_0047_timing_crossing.csv
48,1162.976738,0.082412,209,-0.091304,879,-0.081505,true,0.991287,0.497812,0.502188,0.350000,-0.146341,1.000000,-1.000000,legal,9.168943,8.979471,-0.020665,82,7,results/riscv32i_tritonpart_compatible_dynamic_architecture_off_canonical_checkpoint/state_and_clock_protected/candidate_assignments/prefix_0048_assignment.csv,results/riscv32i_tritonpart_compatible_dynamic_architecture_off_canonical_checkpoint/state_and_clock_protected/candidate_timing_crossing/prefix_0048_timing_crossing.csv
49,1161.900692,0.083261,209,-0.091304,878,-0.082550,true,0.991488,0.497863,0.502137,0.350000,-0.146341,1.000000,-1.000000,legal,9.168943,8.979471,-0.020665,82,7,results/riscv32i_tritonpart_compatible_dynamic_architecture_off_canonical_checkpoint/state_and_clock_protected/candidate_assignments/prefix_0049_assignment.csv,results/riscv32i_tritonpart_compatible_dynamic_architecture_off_canonical_checkpoint/state_and_clock_protected/candidate_timing_crossing/prefix_0049_timing_crossing.csv
50,1160.828414,0.084107,208,-0.095652,877,-0.083595,true,0.991689,0.497914,0.502086,0.350000,-0.146341,1.000000,-1.000000,legal,9.168943,8.979471,-0.020665,82,7,results/riscv32i_tritonpart_compatible_dynamic_architecture_off_canonical_checkpoint/state_and_clock_protected/candidate_assignments/prefix_0050_assignment.csv,results/riscv32i_tritonpart_compatible_dynamic_architecture_off_canonical_checkpoint/state_and_clock_protected/candidate_timing_crossing/prefix_0050_timing_crossing.csv
