instance,tier,architecture_unit,semantic_group,weight
_466_,tier1,generated_control,infrastructure,5
_467_,tier1,generated_control,infrastructure,5
_468_,tier1,generated_control,infrastructure,5
_469_,tier1,generated_control,infrastructure,5
_470_,tier1,generated_control,infrastructure,5
_472_,tier1,generated_control,infrastructure,5
_473_,tier1,generated_control,infrastructure,5
_474_,tier1,generated_control,infrastructure,5
_475_,tier1,generated_control,infrastructure,5
_476_,tier1,generated_control,infrastructure,5
_477_,tier1,generated_control,infrastructure,5
_478_,tier1,generated_control,infrastructure,5
_479_,tier1,generated_control,infrastructure,5
_480_,tier1,generated_control,infrastructure,5
_481_,tier1,generated_control,infrastructure,5
_483_,tier1,generated_control,infrastructure,5
_484_,tier1,generated_control,infrastructure,5
_485_,tier1,generated_control,infrastructure,5
_486_,tier1,generated_control,infrastructure,5
_487_,tier1,generated_control,infrastructure,5
_488_,tier1,generated_control,infrastructure,5
_495_,tier0,decode_control,control,4
_499_,tier0,csr,control,4
_500_,tier0,decode_control,control,4
_502_,tier0,decode_control,control,6
_503_,tier0,generated_datapath,infrastructure,5
_504_,tier0,generated_control,infrastructure,4
_505_,tier0,generated_control,infrastructure,5
_506_,tier1,generated_control,infrastructure,5
_507_,tier1,generated_control,infrastructure,5
_508_,tier1,generated_datapath,infrastructure,4
_510_,tier0,generated_control,infrastructure,6
_511_,tier0,generated_control,infrastructure,4
_512_,tier0,csr,control,5
_513_,tier0,csr,control,7
_514_,tier0,decode_control,control,3
_515_,tier0,generated_control,infrastructure,4
_516_,tier0,generated_datapath,infrastructure,5
_517_,tier1,generated_control,infrastructure,5
_518_,tier0,unclassified,infrastructure,7
_519_,tier1,generated_control,infrastructure,4
_520_,tier1,generated_datapath,infrastructure,5
_522_,tier1,generated_control,infrastructure,4
_523_,tier1,generated_control,infrastructure,4
_524_,tier1,generated_datapath,infrastructure,4
_525_,tier1,generated_control,infrastructure,4
_526_,tier1,generated_datapath,infrastructure,5
_527_,tier1,generated_control,infrastructure,4
_528_,tier1,generated_datapath,infrastructure,5
_529_,tier1,generated_datapath,infrastructure,4
_530_,tier1,generated_control,infrastructure,5
_531_,tier1,generated_control,infrastructure,4
_532_,tier1,generated_datapath,infrastructure,5
_533_,tier1,generated_datapath,infrastructure,4
_534_,tier1,generated_control,infrastructure,4
_535_,tier1,generated_datapath,infrastructure,5
_536_,tier1,generated_control,infrastructure,4
_537_,tier1,generated_datapath,infrastructure,5
_538_,tier1,generated_control,infrastructure,4
_539_,tier1,generated_datapath,infrastructure,5
_540_,tier1,generated_control,infrastructure,4
_541_,tier1,generated_datapath,infrastructure,5
_542_,tier1,generated_control,infrastructure,4
_543_,tier1,generated_datapath,infrastructure,5
_544_,tier1,generated_control,infrastructure,4
_545_,tier1,generated_datapath,infrastructure,5
_546_,tier0,decode_control,control,3
_547_,tier1,generated_control,infrastructure,3
_549_,tier1,generated_control,infrastructure,3
_552_,tier1,generated_control,infrastructure,4
_553_,tier1,generated_datapath,infrastructure,5
_554_,tier0,generated_control,infrastructure,3
_555_,tier0,generated_control,infrastructure,3
_557_,tier0,register_file,datapath,5
_558_,tier0,decode_control,control,4
_559_,tier0,generated_control,infrastructure,4
_560_,tier0,decode_control,control,6
_561_,tier0,csr,control,5
_563_,tier0,generated_control,infrastructure,4
_564_,tier0,generated_control,infrastructure,4
_565_,tier0,generated_control,infrastructure,4
_566_,tier0,generated_control,infrastructure,4
_567_,tier0,generated_control,infrastructure,3
_569_,tier0,csr,control,5
_571_,tier0,decode_control,control,5
_572_,tier0,generated_datapath,infrastructure,6
_573_,tier0,decode_control,control,4
_574_,tier0,generated_datapath,infrastructure,5
_575_,tier0,unclassified,infrastructure,6
_576_,tier1,generated_control,infrastructure,3
_577_,tier1,generated_control,infrastructure,3
_578_,tier0,decode_control,control,7
_579_,tier0,decode_control,control,4
_580_,tier0,generated_control,infrastructure,4
_581_,tier0,generated_control,infrastructure,4
_585_,tier0,generated_control,infrastructure,4
_586_,tier0,decode_control,control,6
_587_,tier1,generated_control,infrastructure,5
_588_,tier1,generated_datapath,infrastructure,6
_589_,tier1,generated_control,infrastructure,3
_590_,tier1,generated_datapath,infrastructure,6
_591_,tier1,generated_control,infrastructure,3
_592_,tier1,generated_control,infrastructure,3
_593_,tier1,generated_datapath,infrastructure,6
_594_,tier1,generated_control,infrastructure,4
_595_,tier0,generated_control,infrastructure,4
_596_,tier0,decode_control,control,5
_597_,tier0,generated_control,infrastructure,4
_598_,tier1,unclassified,infrastructure,7
_599_,tier0,decode_control,control,6
_600_,tier0,generated_datapath,infrastructure,5
_601_,tier0,generated_control,infrastructure,4
_602_,tier0,csr,control,4
_603_,tier0,generated_datapath,infrastructure,5
_604_,tier1,generated_control,infrastructure,5
_605_,tier0,generated_control,infrastructure,5
_606_,tier0,generated_datapath,infrastructure,4
_609_,tier0,generated_control,infrastructure,3
_610_,tier0,decode_control,control,4
_611_,tier0,generated_control,infrastructure,4
_612_,tier0,register_file,datapath,5
_614_,tier0,decode_control,control,5
_615_,tier0,generated_control,infrastructure,4
_616_,tier0,decode_control,control,5
_618_,tier0,execute_alu,datapath,4
_619_,tier0,execute_alu,datapath,6
_620_,tier0,execute_alu,datapath,4
_621_,tier0,generated_datapath,infrastructure,6
_622_,tier0,generated_control,infrastructure,5
_623_,tier0,generated_control,infrastructure,5
_624_,tier0,execute_alu,datapath,5
_625_,tier0,execute_alu,datapath,6
_626_,tier0,generated_datapath,infrastructure,5
_627_,tier0,decode_control,control,5
_628_,tier0,generated_datapath,infrastructure,5
_629_,tier0,generated_control,infrastructure,4
_630_,tier0,generated_control,infrastructure,5
_631_,tier0,generated_control,infrastructure,4
_632_,tier0,generated_control,infrastructure,5
_633_,tier0,decode_control,control,5
_634_,tier0,generated_control,infrastructure,6
_635_,tier0,generated_control,infrastructure,5
_636_,tier0,generated_control,infrastructure,5
_637_,tier0,generated_control,infrastructure,5
_638_,tier0,generated_control,infrastructure,4
_639_,tier0,generated_control,infrastructure,5
_640_,tier0,generated_control,infrastructure,5
_641_,tier0,execute_alu,datapath,3
_642_,tier0,decode_control,control,6
_643_,tier0,generated_control,infrastructure,5
_644_,tier0,execute_alu,datapath,4
_645_,tier0,execute_alu,datapath,4
_646_,tier0,decode_control,control,4
_647_,tier0,generated_control,infrastructure,6
_648_,tier0,generated_control,infrastructure,5
_649_,tier0,generated_control,infrastructure,4
_650_,tier0,unclassified,infrastructure,7
_651_,tier0,generated_control,infrastructure,5
_652_,tier0,generated_control,infrastructure,5
_653_,tier0,execute_alu,datapath,4
_654_,tier0,generated_datapath,infrastructure,5
_655_,tier0,decode_control,control,6
_656_,tier0,clock_reset,control,3
_657_,tier0,generated_control,infrastructure,5
_658_,tier0,generated_datapath,infrastructure,5
_659_,tier0,generated_control,infrastructure,6
_660_,tier0,generated_control,infrastructure,4
_661_,tier0,unclassified,infrastructure,6
_662_,tier0,generated_control,infrastructure,4
_663_,tier0,generated_control,infrastructure,4
_664_,tier0,generated_control,infrastructure,6
_665_,tier0,generated_datapath,infrastructure,5
_666_,tier1,generated_datapath,infrastructure,5
_667_,tier0,unclassified,infrastructure,6
_668_,tier0,decode_control,control,5
_669_,tier0,generated_control,infrastructure,6
_670_,tier0,generated_control,infrastructure,4
_672_,tier0,generated_control,infrastructure,4
_673_,tier0,generated_control,infrastructure,4
_674_,tier0,generated_control,infrastructure,6
_675_,tier0,generated_datapath,infrastructure,4
_676_,tier0,generated_control,infrastructure,6
_677_,tier0,generated_control,infrastructure,6
_679_,tier1,generated_control,infrastructure,4
_680_,tier1,generated_control,infrastructure,4
_681_,tier1,generated_control,infrastructure,4
_682_,tier1,generated_control,infrastructure,4
_683_,tier1,generated_control,infrastructure,4
_684_,tier1,generated_control,infrastructure,4
_685_,tier1,generated_control,infrastructure,4
_686_,tier1,generated_control,infrastructure,4
_687_,tier1,generated_control,infrastructure,4
_688_,tier1,generated_control,infrastructure,4
_690_,tier1,generated_control,infrastructure,4
_691_,tier1,generated_control,infrastructure,4
_692_,tier1,generated_control,infrastructure,4
_693_,tier1,generated_control,infrastructure,4
_694_,tier1,generated_control,infrastructure,4
_695_,tier1,generated_control,infrastructure,4
_696_,tier1,generated_control,infrastructure,4
_697_,tier1,generated_control,infrastructure,4
_698_,tier1,generated_control,infrastructure,4
_699_,tier1,generated_control,infrastructure,4
_701_,tier1,generated_control,infrastructure,4
_702_,tier1,generated_control,infrastructure,4
_703_,tier1,generated_control,infrastructure,4
_704_,tier1,generated_control,infrastructure,4
_705_,tier1,generated_control,infrastructure,4
_706_,tier1,generated_control,infrastructure,4
_707_,tier1,generated_control,infrastructure,4
_708_,tier1,generated_control,infrastructure,4
_709_,tier1,generated_control,infrastructure,4
_710_,tier1,generated_control,infrastructure,4
_711_,tier1,generated_control,infrastructure,4
_712_,tier0,generated_control,infrastructure,4
_713_,tier0,generated_control,infrastructure,4
_714_,tier0,generated_control,infrastructure,4
_715_,tier0,generated_control,infrastructure,4
_716_,tier0,generated_datapath,infrastructure,5
_717_,tier0,generated_datapath,infrastructure,5
_719_,tier0,generated_datapath,infrastructure,5
_721_,tier0,csr,control,5
_722_,tier1,generated_control,infrastructure,5
_723_,tier0,generated_control,infrastructure,5
_724_,tier0,generated_control,infrastructure,5
_725_,tier1,generated_control,infrastructure,3
_726_,tier0,generated_control,infrastructure,4
_727_,tier0,generated_datapath,infrastructure,5
_728_,tier1,generated_control,infrastructure,4
_729_,tier1,generated_datapath,infrastructure,5
_730_,tier1,generated_control,infrastructure,5
_731_,tier1,generated_control,infrastructure,4
_732_,tier1,generated_datapath,infrastructure,5
_733_,tier1,generated_control,infrastructure,4
_734_,tier1,generated_datapath,infrastructure,5
_735_,tier1,generated_control,infrastructure,3
_736_,tier1,generated_control,infrastructure,5
_737_,tier0,decode_control,control,3
_738_,tier1,generated_control,infrastructure,5
_739_,tier0,generated_datapath,infrastructure,4
_740_,tier1,generated_control,infrastructure,4
_741_,tier1,generated_datapath,infrastructure,5
_742_,tier0,generated_control,infrastructure,3
_743_,tier0,generated_datapath,infrastructure,5
_744_,tier0,generated_control,infrastructure,4
_745_,tier0,generated_datapath,infrastructure,5
_746_,tier1,generated_control,infrastructure,5
_747_,tier0,generated_control,infrastructure,4
_748_,tier0,generated_datapath,infrastructure,5
_749_,tier0,generated_datapath,infrastructure,5
_750_,tier0,generated_control,infrastructure,4
_751_,tier0,generated_datapath,infrastructure,6
_752_,tier0,generated_datapath,infrastructure,5
_753_,tier0,generated_control,infrastructure,4
_754_,tier0,generated_datapath,infrastructure,4
_755_,tier0,generated_control,infrastructure,6
_756_,tier1,generated_control,infrastructure,4
_757_,tier0,generated_control,infrastructure,4
_758_,tier0,generated_control,infrastructure,3
_759_,tier0,csr,control,5
_760_,tier0,csr,control,4
_761_,tier0,csr,control,6
_762_,tier0,generated_control,infrastructure,4
_763_,tier0,decode_control,control,6
_764_,tier0,generated_control,infrastructure,4
_765_,tier0,generated_datapath,infrastructure,5
_766_,tier0,csr,control,6
_767_,tier0,generated_control,infrastructure,4
_768_,tier0,execute_alu,datapath,3
_769_,tier0,decode_control,control,4
_770_,tier0,execute_alu,datapath,5
_771_,tier0,csr,control,6
_772_,tier0,generated_control,infrastructure,4
_773_,tier0,generated_datapath,infrastructure,7
_774_,tier0,csr,control,5
_775_,tier0,generated_control,infrastructure,4
_776_,tier0,decode_control,control,4
_777_,tier0,generated_datapath,infrastructure,6
_778_,tier0,generated_control,infrastructure,4
_779_,tier0,decode_control,control,6
_780_,tier0,decode_control,control,6
_781_,tier0,csr,control,5
_782_,tier0,generated_control,infrastructure,4
_783_,tier0,generated_control,infrastructure,4
_784_,tier0,generated_datapath,infrastructure,5
_785_,tier0,generated_control,infrastructure,5
_786_,tier0,generated_control,infrastructure,4
_787_,tier0,fetch,control,4
_788_,tier0,fetch,control,6
_789_,tier0,generated_control,infrastructure,4
_790_,tier0,generated_datapath,infrastructure,5
_791_,tier0,generated_datapath,infrastructure,4
_792_,tier0,generated_control,infrastructure,4
_793_,tier0,generated_control,infrastructure,3
_794_,tier0,generated_control,infrastructure,4
_795_,tier0,generated_datapath,infrastructure,5
_796_,tier0,generated_control,infrastructure,4
_797_,tier0,decode_control,control,4
_798_,tier0,generated_datapath,infrastructure,5
_799_,tier0,generated_control,infrastructure,4
_800_,tier0,execute_alu,datapath,6
_801_,tier0,generated_datapath,infrastructure,6
_802_,tier0,execute_alu,datapath,4
_803_,tier0,execute_alu,datapath,5
_804_,tier0,execute_alu,datapath,4
_805_,tier0,execute_alu,datapath,5
_807_,tier0,generated_control,infrastructure,3
_808_,tier0,generated_control,infrastructure,4
_809_,tier0,unclassified,infrastructure,7
_810_,tier0,generated_control,infrastructure,4
_811_,tier0,generated_control,infrastructure,4
_812_,tier0,execute_alu,datapath,7
_813_,tier0,generated_datapath,infrastructure,5
_814_,tier1,generated_control,infrastructure,4
_815_,tier0,generated_control,infrastructure,4
_816_,tier0,generated_control,infrastructure,4
_817_,tier0,generated_datapath,infrastructure,5
_818_,tier0,generated_control,infrastructure,4
_819_,tier0,generated_datapath,infrastructure,5
_820_,tier0,generated_control,infrastructure,4
_821_,tier0,generated_control,infrastructure,4
_822_,tier0,generated_control,infrastructure,4
_823_,tier0,generated_datapath,infrastructure,6
_824_,tier0,generated_control,infrastructure,4
_825_,tier0,execute_alu,datapath,7
_826_,tier1,generated_control,infrastructure,4
_827_,tier1,generated_control,infrastructure,8
_828_,tier1,generated_control,infrastructure,5
_829_,tier1,generated_control,infrastructure,5
_830_,tier1,generated_control,infrastructure,4
_831_,tier1,generated_datapath,infrastructure,5
_832_,tier0,execute_alu,datapath,5
_833_,tier0,execute_alu,datapath,5
_834_,tier0,generated_control,infrastructure,3
_835_,tier0,decode_control,control,5
_836_,tier0,generated_datapath,infrastructure,7
_837_,tier0,decode_control,control,5
_838_,tier1,generated_control,infrastructure,4
_839_,tier1,generated_datapath,infrastructure,5
_840_,tier0,decode_control,control,5
_841_,tier0,generated_datapath,infrastructure,5
_842_,tier0,generated_control,infrastructure,4
_843_,tier0,generated_control,infrastructure,4
_844_,tier0,decode_control,control,6
_845_,tier1,generated_control,infrastructure,5
_846_,tier0,generated_control,infrastructure,5
_847_,tier0,csr,control,3
_848_,tier0,generated_control,infrastructure,4
_849_,tier0,generated_datapath,infrastructure,5
_850_,tier0,generated_control,infrastructure,4
_851_,tier0,generated_control,infrastructure,3
_852_,tier1,generated_control,infrastructure,5
_853_,tier0,generated_control,infrastructure,5
_854_,tier0,generated_control,infrastructure,5
_855_,tier0,unclassified,infrastructure,7
_856_,tier0,generated_control,infrastructure,3
_857_,tier0,generated_control,infrastructure,5
_858_,tier0,decode_control,control,5
_859_,tier0,csr,control,6
_860_,tier0,csr,control,3
_861_,tier0,csr,control,4
_862_,tier0,csr,control,7
_863_,tier0,csr,control,3
_864_,tier0,csr,control,5
_865_,tier0,decode_control,control,5
_866_,tier0,generated_control,infrastructure,4
_867_,tier0,csr,control,4
_868_,tier0,decode_control,control,4
_869_,tier0,generated_datapath,infrastructure,5
_870_,tier0,unclassified,infrastructure,6
_871_,tier0,generated_control,infrastructure,4
_872_,tier0,generated_control,infrastructure,6
_873_,tier0,generated_datapath,infrastructure,5
_874_,tier0,generated_control,infrastructure,5
_875_,tier0,execute_alu,datapath,4
_876_,tier0,generated_control,infrastructure,4
_877_,tier0,generated_control,infrastructure,5
_878_,tier0,generated_control,infrastructure,4
_879_,tier0,execute_alu,datapath,4
_880_,tier0,generated_control,infrastructure,4
_881_,tier0,generated_control,infrastructure,3
_882_,tier0,generated_control,infrastructure,4
_883_,tier0,generated_datapath,infrastructure,6
_884_,tier0,generated_datapath,infrastructure,5
_885_,tier0,generated_datapath,infrastructure,5
_886_,tier0,generated_control,infrastructure,4
_887_,tier0,generated_control,infrastructure,4
_888_,tier0,generated_control,infrastructure,4
_889_,tier0,decode_control,control,5
_890_,tier0,decode_control,control,7
_891_,tier1,generated_control,infrastructure,4
_892_,tier1,generated_datapath,infrastructure,5
_893_,tier1,generated_control,infrastructure,4
_894_,tier1,generated_control,infrastructure,4
_895_,tier1,generated_control,infrastructure,4
_896_,tier0,generated_control,infrastructure,4
_897_,tier0,generated_control,infrastructure,4
_898_,tier0,generated_control,infrastructure,4
_899_,tier0,pipeline_state,control,5
_900_,tier0,generated_control,infrastructure,3
_901_,tier0,generated_control,infrastructure,4
_902_,tier0,generated_datapath,infrastructure,5
_903_,tier0,generated_datapath,infrastructure,5
_904_,tier0,generated_datapath,infrastructure,5
_905_,tier0,generated_control,infrastructure,4
_906_,tier0,generated_control,infrastructure,5
_907_,tier0,generated_datapath,infrastructure,5
_908_,tier0,generated_datapath,infrastructure,5
_909_,tier0,generated_control,infrastructure,4
_910_,tier1,generated_control,infrastructure,4
_911_,tier0,fetch,control,6
_912_,tier0,fetch,control,5
_913_,tier0,pipeline_state,control,4
_914_,tier0,pipeline_state,control,5
_915_,tier0,decode_control,control,6
_916_,tier0,generated_datapath,infrastructure,6
_917_,tier0,unclassified,infrastructure,6
_918_,tier0,execute_alu,datapath,4
_919_,tier0,execute_alu,datapath,5
_920_,tier0,generated_datapath,infrastructure,5
_921_,tier0,execute_alu,datapath,7
_922_,tier0,generated_control,infrastructure,4
_923_,tier0,generated_datapath,infrastructure,5
_924_,tier0,unclassified,infrastructure,7
_925_,tier0,fetch,control,6
_926_,tier0,register_file,datapath,6
_927_,tier0,generated_control,infrastructure,4
_928_,tier0,register_file,datapath,4
_929_,tier0,generated_datapath,infrastructure,6
_930_,tier0,generated_control,infrastructure,5
_931_,tier0,generated_control,infrastructure,4
_932_,tier0,generated_control,infrastructure,5
_933_,tier0,csr,control,4
_934_,tier0,csr,control,5
_935_,tier0,generated_datapath,infrastructure,5
_936_,tier0,decode_control,control,4
_937_,tier0,generated_datapath,infrastructure,5
_938_,tier0,generated_control,infrastructure,4
_939_,tier0,generated_datapath,infrastructure,6
_940_,tier0,register_file,datapath,5
_941_,tier1,generated_datapath,infrastructure,5
_942_,tier0,register_file,datapath,5
_943_,tier0,generated_control,infrastructure,3
_944_,tier0,generated_control,infrastructure,5
_945_,tier0,generated_control,infrastructure,5
_946_,tier0,generated_control,infrastructure,5
_947_,tier0,generated_control,infrastructure,3
_948_,tier0,generated_datapath,infrastructure,6
_949_,tier0,fetch,control,6
_950_,tier0,fetch,control,6
_951_,tier0,execute_alu,datapath,6
_952_,tier0,generated_datapath,infrastructure,5
_953_,tier0,generated_datapath,infrastructure,5
_954_,tier1,generated_datapath,infrastructure,5
_955_,tier0,generated_datapath,infrastructure,5
_956_,tier0,generated_datapath,infrastructure,5
_957_,tier0,generated_datapath,infrastructure,5
_958_,tier0,decode_control,control,5
_959_,tier0,decode_control,control,5
_960_,tier0,generated_datapath,infrastructure,5
_962__1,tier1,unclassified,infrastructure,2
_963__2,tier1,unclassified,infrastructure,2
clkbuf_0_clk,tier1,clock_reset,control,3
clkbuf_4_0_0_clk,tier1,clock_reset,control,3
clkbuf_4_10_0_clk,tier1,clock_reset,control,3
clkbuf_4_11_0_clk,tier1,clock_reset,control,3
clkbuf_4_12_0_clk,tier0,clock_reset,control,3
clkbuf_4_13_0_clk,tier1,clock_reset,control,3
clkbuf_4_14_0_clk,tier0,clock_reset,control,3
clkbuf_4_15_0_clk,tier1,clock_reset,control,3
clkbuf_4_1_0_clk,tier1,clock_reset,control,3
clkbuf_4_2_0_clk,tier1,clock_reset,control,3
clkbuf_4_3_0_clk,tier0,clock_reset,control,3
clkbuf_4_4_0_clk,tier1,clock_reset,control,3
clkbuf_4_5_0_clk,tier1,clock_reset,control,3
clkbuf_4_6_0_clk,tier0,clock_reset,control,3
clkbuf_4_7_0_clk,tier1,clock_reset,control,3
clkbuf_4_8_0_clk,tier1,clock_reset,control,3
clkbuf_4_9_0_clk,tier1,clock_reset,control,3
clkload0,tier1,clock_reset,control,2
clkload1,tier1,generated_control,infrastructure,2
clkload10,tier1,generated_control,infrastructure,2
clkload11,tier0,clock_reset,control,2
clkload12,tier1,generated_control,infrastructure,2
clkload13,tier0,generated_control,infrastructure,2
clkload14,tier1,clock_reset,control,2
clkload2,tier1,clock_reset,control,2
clkload3,tier0,generated_control,infrastructure,2
clkload4,tier1,clock_reset,control,2
clkload5,tier1,clock_reset,control,2
clkload6,tier0,clock_reset,control,2
clkload7,tier1,generated_control,infrastructure,2
clkload8,tier1,clock_reset,control,2
clkload9,tier1,generated_control,infrastructure,2
cpu.alu.add_cy_r$_DFF_P_,tier0,execute_alu,datapath,5
cpu.alu.cmp_r$_DFFE_PP_,tier0,execute_alu,datapath,6
cpu.bufreg.c_r$_DFF_P_,tier0,pipeline_state,control,5
cpu.bufreg.data[0]$_DFFE_PP_,tier0,pipeline_state,control,6
cpu.bufreg.data[10]$_DFFE_PP_,tier1,pipeline_state,control,6
cpu.bufreg.data[11]$_DFFE_PP_,tier1,pipeline_state,control,6
cpu.bufreg.data[12]$_DFFE_PP_,tier1,pipeline_state,control,6
cpu.bufreg.data[13]$_DFFE_PP_,tier1,pipeline_state,control,6
cpu.bufreg.data[14]$_DFFE_PP_,tier1,pipeline_state,control,6
cpu.bufreg.data[15]$_DFFE_PP_,tier1,pipeline_state,control,6
cpu.bufreg.data[16]$_DFFE_PP_,tier1,pipeline_state,control,6
cpu.bufreg.data[17]$_DFFE_PP_,tier1,pipeline_state,control,6
cpu.bufreg.data[18]$_DFFE_PP_,tier1,pipeline_state,control,6
cpu.bufreg.data[19]$_DFFE_PP_,tier1,pipeline_state,control,6
cpu.bufreg.data[1]$_DFFE_PP_,tier0,pipeline_state,control,6
cpu.bufreg.data[20]$_DFFE_PP_,tier1,pipeline_state,control,6
cpu.bufreg.data[21]$_DFFE_PP_,tier1,pipeline_state,control,6
cpu.bufreg.data[22]$_DFFE_PP_,tier1,pipeline_state,control,6
cpu.bufreg.data[23]$_DFFE_PP_,tier1,pipeline_state,control,6
cpu.bufreg.data[24]$_DFFE_PP_,tier1,pipeline_state,control,6
cpu.bufreg.data[25]$_DFFE_PP_,tier1,pipeline_state,control,6
cpu.bufreg.data[26]$_DFFE_PP_,tier1,pipeline_state,control,6
cpu.bufreg.data[27]$_DFFE_PP_,tier1,pipeline_state,control,6
cpu.bufreg.data[28]$_DFFE_PP_,tier1,pipeline_state,control,6
cpu.bufreg.data[29]$_DFFE_PP_,tier1,pipeline_state,control,6
cpu.bufreg.data[2]$_DFFE_PP_,tier1,pipeline_state,control,6
cpu.bufreg.data[30]$_DFFE_PP_,tier1,pipeline_state,control,6
cpu.bufreg.data[31]$_DFFE_PP_,tier0,pipeline_state,control,6
cpu.bufreg.data[3]$_DFFE_PP_,tier1,pipeline_state,control,6
cpu.bufreg.data[4]$_DFFE_PP_,tier1,pipeline_state,control,6
cpu.bufreg.data[5]$_DFFE_PP_,tier1,pipeline_state,control,6
cpu.bufreg.data[6]$_DFFE_PP_,tier1,pipeline_state,control,6
cpu.bufreg.data[7]$_DFFE_PP_,tier1,pipeline_state,control,6
cpu.bufreg.data[8]$_DFFE_PP_,tier1,pipeline_state,control,6
cpu.bufreg.data[9]$_DFFE_PP_,tier1,pipeline_state,control,6
cpu.bufreg2.dhi[0]$_DFFE_PP_,tier1,pipeline_state,control,6
cpu.bufreg2.dhi[1]$_DFFE_PP_,tier1,pipeline_state,control,6
cpu.bufreg2.dhi[2]$_DFFE_PP_,tier1,pipeline_state,control,6
cpu.bufreg2.dhi[3]$_DFFE_PP_,tier1,pipeline_state,control,6
cpu.bufreg2.dhi[4]$_DFFE_PP_,tier1,pipeline_state,control,6
cpu.bufreg2.dhi[5]$_DFFE_PP_,tier1,pipeline_state,control,6
cpu.bufreg2.dhi[6]$_DFFE_PP_,tier1,pipeline_state,control,6
cpu.bufreg2.dhi[7]$_DFFE_PP_,tier1,pipeline_state,control,6
cpu.bufreg2.dlo[0]$_DFFE_PP_,tier1,pipeline_state,control,6
cpu.bufreg2.dlo[10]$_DFFE_PP_,tier1,pipeline_state,control,6
cpu.bufreg2.dlo[11]$_DFFE_PP_,tier1,pipeline_state,control,6
cpu.bufreg2.dlo[12]$_DFFE_PP_,tier1,pipeline_state,control,6
cpu.bufreg2.dlo[13]$_DFFE_PP_,tier1,pipeline_state,control,6
cpu.bufreg2.dlo[14]$_DFFE_PP_,tier1,pipeline_state,control,6
cpu.bufreg2.dlo[15]$_DFFE_PP_,tier1,pipeline_state,control,6
cpu.bufreg2.dlo[16]$_DFFE_PP_,tier1,pipeline_state,control,6
cpu.bufreg2.dlo[17]$_DFFE_PP_,tier1,pipeline_state,control,6
cpu.bufreg2.dlo[18]$_DFFE_PP_,tier1,pipeline_state,control,6
cpu.bufreg2.dlo[19]$_DFFE_PP_,tier1,pipeline_state,control,6
cpu.bufreg2.dlo[1]$_DFFE_PP_,tier1,pipeline_state,control,6
cpu.bufreg2.dlo[20]$_DFFE_PP_,tier1,pipeline_state,control,6
cpu.bufreg2.dlo[21]$_DFFE_PP_,tier1,pipeline_state,control,6
cpu.bufreg2.dlo[22]$_DFFE_PP_,tier1,pipeline_state,control,6
cpu.bufreg2.dlo[23]$_DFFE_PP_,tier1,pipeline_state,control,6
cpu.bufreg2.dlo[2]$_DFFE_PP_,tier1,pipeline_state,control,6
cpu.bufreg2.dlo[3]$_DFFE_PP_,tier1,pipeline_state,control,6
cpu.bufreg2.dlo[4]$_DFFE_PP_,tier1,pipeline_state,control,6
cpu.bufreg2.dlo[5]$_DFFE_PP_,tier1,pipeline_state,control,6
cpu.bufreg2.dlo[6]$_DFFE_PP_,tier1,pipeline_state,control,6
cpu.bufreg2.dlo[7]$_DFFE_PP_,tier1,pipeline_state,control,6
cpu.bufreg2.dlo[8]$_DFFE_PP_,tier1,pipeline_state,control,6
cpu.bufreg2.dlo[9]$_DFFE_PP_,tier1,pipeline_state,control,6
cpu.ctrl.o_ibus_adr[0]$_SDFFCE_PP0P_,tier1,decode_control,control,6
cpu.ctrl.o_ibus_adr[10]$_SDFFCE_PP0P_,tier1,decode_control,control,6
cpu.ctrl.o_ibus_adr[11]$_SDFFCE_PP0P_,tier1,decode_control,control,6
cpu.ctrl.o_ibus_adr[12]$_SDFFCE_PP0P_,tier1,decode_control,control,6
cpu.ctrl.o_ibus_adr[13]$_SDFFCE_PP0P_,tier1,decode_control,control,6
cpu.ctrl.o_ibus_adr[14]$_SDFFCE_PP0P_,tier1,decode_control,control,6
cpu.ctrl.o_ibus_adr[15]$_SDFFCE_PP0P_,tier1,decode_control,control,6
cpu.ctrl.o_ibus_adr[16]$_SDFFCE_PP0P_,tier1,decode_control,control,6
cpu.ctrl.o_ibus_adr[17]$_SDFFCE_PP0P_,tier1,decode_control,control,6
cpu.ctrl.o_ibus_adr[18]$_SDFFCE_PP0P_,tier1,decode_control,control,6
cpu.ctrl.o_ibus_adr[19]$_SDFFCE_PP0P_,tier1,decode_control,control,6
cpu.ctrl.o_ibus_adr[1]$_SDFFCE_PP0P_,tier1,decode_control,control,6
cpu.ctrl.o_ibus_adr[20]$_SDFFCE_PP0P_,tier1,decode_control,control,6
cpu.ctrl.o_ibus_adr[21]$_SDFFCE_PP0P_,tier1,decode_control,control,6
cpu.ctrl.o_ibus_adr[22]$_SDFFCE_PP0P_,tier1,decode_control,control,6
cpu.ctrl.o_ibus_adr[23]$_SDFFCE_PP0P_,tier1,decode_control,control,6
cpu.ctrl.o_ibus_adr[24]$_SDFFCE_PP0P_,tier1,decode_control,control,6
cpu.ctrl.o_ibus_adr[25]$_SDFFCE_PP0P_,tier1,decode_control,control,6
cpu.ctrl.o_ibus_adr[26]$_SDFFCE_PP0P_,tier1,decode_control,control,6
cpu.ctrl.o_ibus_adr[27]$_SDFFCE_PP0P_,tier1,decode_control,control,6
cpu.ctrl.o_ibus_adr[28]$_SDFFCE_PP0P_,tier1,decode_control,control,6
cpu.ctrl.o_ibus_adr[29]$_SDFFCE_PP0P_,tier1,decode_control,control,6
cpu.ctrl.o_ibus_adr[2]$_SDFFCE_PP0P_,tier1,decode_control,control,6
cpu.ctrl.o_ibus_adr[30]$_SDFFCE_PP0P_,tier1,decode_control,control,6
cpu.ctrl.o_ibus_adr[31]$_SDFFCE_PP0P_,tier1,decode_control,control,6
cpu.ctrl.o_ibus_adr[3]$_SDFFCE_PP0P_,tier1,decode_control,control,6
cpu.ctrl.o_ibus_adr[4]$_SDFFCE_PP0P_,tier1,decode_control,control,6
cpu.ctrl.o_ibus_adr[5]$_SDFFCE_PP0P_,tier1,decode_control,control,6
cpu.ctrl.o_ibus_adr[6]$_SDFFCE_PP0P_,tier1,decode_control,control,6
cpu.ctrl.o_ibus_adr[7]$_SDFFCE_PP0P_,tier1,decode_control,control,6
cpu.ctrl.o_ibus_adr[8]$_SDFFCE_PP0P_,tier1,decode_control,control,6
cpu.ctrl.o_ibus_adr[9]$_SDFFCE_PP0P_,tier1,decode_control,control,6
cpu.ctrl.pc_plus_4_cy_r$_DFF_P_,tier0,fetch,control,5
cpu.ctrl.pc_plus_offset_cy_r$_DFF_P_,tier0,fetch,control,5
cpu.decode.funct3[0]$_DFFE_PP_,tier0,decode_control,control,6
cpu.decode.funct3[1]$_DFFE_PP_,tier0,decode_control,control,6
cpu.decode.funct3[2]$_DFFE_PP_,tier0,execute_alu,datapath,6
cpu.decode.imm30$_DFFE_PP_,tier0,decode_control,control,6
cpu.decode.op20$_DFFE_PP_,tier0,decode_control,control,6
cpu.decode.op21$_DFFE_PP_,tier0,decode_control,control,6
cpu.decode.op22$_DFFE_PP_,tier0,decode_control,control,6
cpu.decode.op26$_DFFE_PP_,tier0,decode_control,control,6
cpu.decode.opcode[0]$_DFFE_PP_,tier0,decode_control,control,6
cpu.decode.opcode[1]$_DFFE_PP_,tier0,decode_control,control,6
cpu.decode.opcode[2]$_DFFE_PP_,tier0,decode_control,control,6
cpu.decode.opcode[3]$_DFFE_PP_,tier0,decode_control,control,6
cpu.decode.opcode[4]$_DFFE_PP_,tier0,decode_control,control,6
cpu.gen_csr.csr.mcause31$_DFFE_PP_,tier0,csr,control,6
cpu.gen_csr.csr.mcause3_0[0]$_DFFE_PP_,tier0,csr,control,6
cpu.gen_csr.csr.mcause3_0[1]$_DFFE_PP_,tier0,csr,control,6
cpu.gen_csr.csr.mcause3_0[2]$_DFFE_PP_,tier0,csr,control,6
cpu.gen_csr.csr.mcause3_0[3]$_DFFE_PP_,tier0,csr,control,6
cpu.gen_csr.csr.mie_mtie$_SDFFE_PP0P_,tier0,csr,control,5
cpu.gen_csr.csr.mstatus_mie$_DFFE_PP_,tier0,csr,control,6
cpu.gen_csr.csr.mstatus_mpie$_DFFE_PP_,tier0,csr,control,6
cpu.gen_csr.csr.o_new_irq$_SDFFE_PP0P_,tier0,csr,control,5
cpu.gen_csr.csr.timer_irq_r$_DFFE_PP_,tier0,csr,control,6
cpu.immdec.gen_immdec_w_eq_1.imm11_7[0]$_DFFE_PP_,tier0,pipeline_state,control,6
cpu.immdec.gen_immdec_w_eq_1.imm11_7[1]$_DFFE_PP_,tier0,pipeline_state,control,6
cpu.immdec.gen_immdec_w_eq_1.imm11_7[2]$_DFFE_PP_,tier0,pipeline_state,control,6
cpu.immdec.gen_immdec_w_eq_1.imm11_7[3]$_DFFE_PP_,tier0,pipeline_state,control,6
cpu.immdec.gen_immdec_w_eq_1.imm11_7[4]$_DFFE_PP_,tier0,pipeline_state,control,6
cpu.immdec.gen_immdec_w_eq_1.imm19_12_20[0]$_DFFE_PP_,tier1,pipeline_state,control,6
cpu.immdec.gen_immdec_w_eq_1.imm19_12_20[1]$_DFFE_PP_,tier0,pipeline_state,control,6
cpu.immdec.gen_immdec_w_eq_1.imm19_12_20[2]$_DFFE_PP_,tier0,pipeline_state,control,6
cpu.immdec.gen_immdec_w_eq_1.imm19_12_20[3]$_DFFE_PP_,tier0,pipeline_state,control,6
cpu.immdec.gen_immdec_w_eq_1.imm19_12_20[4]$_DFFE_PP_,tier1,csr,control,6
cpu.immdec.gen_immdec_w_eq_1.imm19_12_20[5]$_DFFE_PP_,tier1,pipeline_state,control,6
cpu.immdec.gen_immdec_w_eq_1.imm19_12_20[6]$_DFFE_PP_,tier1,pipeline_state,control,6
cpu.immdec.gen_immdec_w_eq_1.imm19_12_20[7]$_DFFE_PP_,tier1,pipeline_state,control,6
cpu.immdec.gen_immdec_w_eq_1.imm19_12_20[8]$_DFFE_PP_,tier1,pipeline_state,control,6
cpu.immdec.gen_immdec_w_eq_1.imm24_20[0]$_DFFE_PP_,tier0,pipeline_state,control,6
cpu.immdec.gen_immdec_w_eq_1.imm24_20[1]$_DFFE_PP_,tier1,pipeline_state,control,6
cpu.immdec.gen_immdec_w_eq_1.imm24_20[2]$_DFFE_PP_,tier1,pipeline_state,control,6
cpu.immdec.gen_immdec_w_eq_1.imm24_20[3]$_DFFE_PP_,tier1,pipeline_state,control,6
cpu.immdec.gen_immdec_w_eq_1.imm24_20[4]$_DFFE_PP_,tier1,pipeline_state,control,6
cpu.immdec.gen_immdec_w_eq_1.imm30_25[0]$_DFFE_PP_,tier1,pipeline_state,control,6
cpu.immdec.gen_immdec_w_eq_1.imm30_25[1]$_DFFE_PP_,tier1,pipeline_state,control,6
cpu.immdec.gen_immdec_w_eq_1.imm30_25[2]$_DFFE_PP_,tier1,pipeline_state,control,6
cpu.immdec.gen_immdec_w_eq_1.imm30_25[3]$_DFFE_PP_,tier1,pipeline_state,control,6
cpu.immdec.gen_immdec_w_eq_1.imm30_25[4]$_DFFE_PP_,tier1,pipeline_state,control,6
cpu.immdec.gen_immdec_w_eq_1.imm30_25[5]$_DFFE_PP_,tier0,pipeline_state,control,6
cpu.immdec.gen_immdec_w_eq_1.imm31$_DFFE_PP_,tier0,pipeline_state,control,6
cpu.immdec.gen_immdec_w_eq_1.imm7$_DFFE_PP_,tier0,pipeline_state,control,6
cpu.mem_if.signbit$_DFFE_PP_,tier0,pipeline_state,control,6
cpu.state.gen_cnt_w_eq_1.cnt_lsb[0]$_SDFF_PP0_,tier0,pipeline_state,control,5
cpu.state.gen_cnt_w_eq_1.cnt_lsb[1]$_SDFF_PP0_,tier0,pipeline_state,control,5
cpu.state.gen_cnt_w_eq_1.cnt_lsb[2]$_SDFF_PP0_,tier0,pipeline_state,control,5
cpu.state.gen_cnt_w_eq_1.cnt_lsb[3]$_SDFF_PP0_,tier0,pipeline_state,control,5
cpu.state.gen_csr.misalign_trap_sync_r$_DFFE_PP_,tier0,csr,control,6
cpu.state.ibus_cyc$_DFFE_PP_,tier0,pipeline_state,control,6
cpu.state.init_done$_SDFFE_PP0P_,tier0,pipeline_state,control,5
cpu.state.o_cnt[2]$_SDFF_PP0_,tier0,pipeline_state,control,5
cpu.state.o_cnt[3]$_SDFF_PP0_,tier0,pipeline_state,control,5
cpu.state.o_cnt[4]$_SDFF_PP0_,tier0,pipeline_state,control,5
cpu.state.o_ctrl_jump$_SDFFE_PP0P_,tier0,decode_control,control,5
input10,tier1,generated_control,infrastructure,3
input11,tier1,generated_control,infrastructure,3
input12,tier1,generated_control,infrastructure,3
input13,tier1,generated_control,infrastructure,3
input14,tier1,generated_control,infrastructure,3
input15,tier1,generated_control,infrastructure,3
input16,tier1,generated_control,infrastructure,3
input17,tier1,generated_control,infrastructure,3
input18,tier1,generated_control,infrastructure,3
input19,tier1,generated_control,infrastructure,3
input20,tier1,generated_control,infrastructure,3
input21,tier1,generated_control,infrastructure,3
input22,tier1,generated_control,infrastructure,3
input23,tier1,generated_control,infrastructure,3
input24,tier1,generated_control,infrastructure,3
input25,tier1,generated_control,infrastructure,3
input26,tier1,generated_control,infrastructure,3
input27,tier1,generated_control,infrastructure,3
input28,tier1,generated_control,infrastructure,3
input29,tier1,generated_control,infrastructure,3
input3,tier1,generated_control,infrastructure,3
input30,tier1,generated_control,infrastructure,3
input31,tier1,generated_control,infrastructure,3
input32,tier1,generated_control,infrastructure,3
input33,tier1,generated_control,infrastructure,3
input34,tier1,generated_control,infrastructure,3
input35,tier1,generated_control,infrastructure,3
input36,tier1,generated_control,infrastructure,3
input37,tier0,generated_control,infrastructure,3
input38,tier0,generated_control,infrastructure,3
input39,tier0,generated_control,infrastructure,3
input4,tier1,generated_control,infrastructure,3
input40,tier0,generated_control,infrastructure,3
input41,tier0,generated_control,infrastructure,3
input42,tier1,generated_control,infrastructure,3
input43,tier1,generated_control,infrastructure,3
input44,tier1,generated_control,infrastructure,3
input45,tier1,generated_control,infrastructure,3
input46,tier0,generated_control,infrastructure,3
input47,tier0,generated_control,infrastructure,3
input48,tier1,generated_control,infrastructure,3
input49,tier1,generated_control,infrastructure,3
input5,tier1,generated_control,infrastructure,3
input50,tier1,generated_control,infrastructure,3
input51,tier1,generated_control,infrastructure,3
input52,tier1,generated_control,infrastructure,3
input53,tier1,generated_control,infrastructure,3
input54,tier1,generated_control,infrastructure,3
input55,tier1,generated_control,infrastructure,3
input56,tier1,generated_control,infrastructure,3
input57,tier0,generated_control,infrastructure,3
input58,tier1,generated_control,infrastructure,3
input59,tier1,generated_control,infrastructure,3
input6,tier1,generated_control,infrastructure,3
input60,tier0,generated_control,infrastructure,3
input61,tier0,generated_control,infrastructure,3
input62,tier0,generated_control,infrastructure,3
input63,tier0,generated_control,infrastructure,3
input64,tier0,generated_control,infrastructure,3
input65,tier0,generated_control,infrastructure,3
input66,tier0,generated_control,infrastructure,3
input67,tier0,register_file,datapath,3
input68,tier0,register_file,datapath,3
input69,tier1,clock_reset,control,3
input7,tier1,generated_control,infrastructure,3
input70,tier0,trap_debug,control,3
input8,tier1,generated_control,infrastructure,3
input9,tier1,generated_control,infrastructure,3
output100,tier1,generated_control,infrastructure,3
output101,tier0,generated_control,infrastructure,3
output102,tier1,generated_control,infrastructure,3
output103,tier1,generated_control,infrastructure,3
output104,tier1,generated_control,infrastructure,3
output105,tier1,generated_control,infrastructure,3
output106,tier1,generated_control,infrastructure,3
output107,tier1,generated_control,infrastructure,3
output108,tier1,generated_control,infrastructure,3
output109,tier1,generated_control,infrastructure,3
output110,tier1,generated_control,infrastructure,3
output111,tier1,generated_control,infrastructure,3
output112,tier1,generated_control,infrastructure,3
output113,tier1,generated_control,infrastructure,3
output114,tier1,generated_control,infrastructure,3
output115,tier1,generated_control,infrastructure,3
output116,tier1,generated_control,infrastructure,3
output117,tier1,generated_control,infrastructure,3
output118,tier1,generated_control,infrastructure,3
output119,tier1,generated_control,infrastructure,3
output120,tier1,generated_control,infrastructure,3
output121,tier1,generated_control,infrastructure,3
output122,tier1,generated_control,infrastructure,3
output123,tier1,generated_control,infrastructure,3
output124,tier1,generated_control,infrastructure,3
output125,tier1,generated_control,infrastructure,3
output126,tier1,generated_control,infrastructure,3
output127,tier1,generated_control,infrastructure,3
output128,tier1,generated_control,infrastructure,3
output129,tier1,generated_control,infrastructure,3
output130,tier1,generated_control,infrastructure,3
output131,tier1,generated_control,infrastructure,3
output132,tier1,generated_control,infrastructure,3
output133,tier1,generated_control,infrastructure,3
output134,tier1,generated_control,infrastructure,3
output135,tier0,generated_control,infrastructure,3
output136,tier0,generated_control,infrastructure,3
output137,tier0,generated_control,infrastructure,3
output138,tier0,generated_control,infrastructure,3
output139,tier1,generated_control,infrastructure,3
output140,tier1,generated_control,infrastructure,3
output141,tier1,generated_control,infrastructure,3
output142,tier1,generated_control,infrastructure,3
output143,tier1,generated_control,infrastructure,3
output144,tier1,generated_control,infrastructure,3
output145,tier1,generated_control,infrastructure,3
output146,tier1,generated_control,infrastructure,3
output147,tier1,generated_control,infrastructure,3
output148,tier1,generated_control,infrastructure,3
output149,tier1,generated_control,infrastructure,3
output150,tier1,generated_control,infrastructure,3
output151,tier1,generated_control,infrastructure,3
output152,tier1,generated_control,infrastructure,3
output153,tier1,generated_control,infrastructure,3
output154,tier1,generated_control,infrastructure,3
output155,tier1,generated_control,infrastructure,3
output156,tier1,generated_control,infrastructure,3
output157,tier1,generated_control,infrastructure,3
output158,tier1,generated_control,infrastructure,3
output159,tier1,generated_control,infrastructure,3
output160,tier1,generated_control,infrastructure,3
output161,tier1,generated_control,infrastructure,3
output162,tier1,generated_control,infrastructure,3
output163,tier1,generated_control,infrastructure,3
output164,tier1,generated_control,infrastructure,3
output165,tier1,generated_control,infrastructure,3
output166,tier1,generated_control,infrastructure,3
output167,tier1,generated_control,infrastructure,3
output168,tier1,generated_control,infrastructure,3
output169,tier1,generated_control,infrastructure,3
output170,tier1,generated_control,infrastructure,3
output171,tier0,generated_control,infrastructure,3
output172,tier0,register_file,datapath,3
output173,tier0,register_file,datapath,3
output174,tier0,register_file,datapath,3
output175,tier0,register_file,datapath,3
output176,tier0,register_file,datapath,3
output177,tier1,register_file,datapath,3
output178,tier1,register_file,datapath,3
output179,tier1,register_file,datapath,3
output180,tier1,register_file,datapath,3
output181,tier1,register_file,datapath,3
output182,tier0,register_file,datapath,3
output183,tier0,register_file,datapath,3
output184,tier0,register_file,datapath,3
output185,tier0,register_file,datapath,3
output186,tier0,register_file,datapath,3
output187,tier0,register_file,datapath,3
output188,tier0,register_file,datapath,3
output189,tier0,register_file,datapath,3
output190,tier0,register_file,datapath,3
output191,tier0,register_file,datapath,3
output192,tier0,register_file,datapath,3
output193,tier0,register_file,datapath,3
output194,tier0,generated_control,infrastructure,3
output71,tier1,generated_control,infrastructure,3
output72,tier1,generated_control,infrastructure,3
output73,tier1,generated_control,infrastructure,3
output74,tier1,generated_control,infrastructure,3
output75,tier1,generated_control,infrastructure,3
output76,tier1,generated_control,infrastructure,3
output77,tier1,generated_control,infrastructure,3
output78,tier1,generated_control,infrastructure,3
output79,tier1,generated_control,infrastructure,3
output80,tier1,generated_control,infrastructure,3
output81,tier1,generated_control,infrastructure,3
output82,tier1,generated_control,infrastructure,3
output83,tier1,generated_control,infrastructure,3
output84,tier1,generated_control,infrastructure,3
output85,tier1,generated_control,infrastructure,3
output86,tier1,generated_control,infrastructure,3
output87,tier1,generated_control,infrastructure,3
output88,tier1,generated_control,infrastructure,3
output89,tier1,generated_control,infrastructure,3
output90,tier1,generated_control,infrastructure,3
output91,tier1,generated_control,infrastructure,3
output92,tier1,generated_control,infrastructure,3
output93,tier1,generated_control,infrastructure,3
output94,tier1,generated_control,infrastructure,3
output95,tier1,generated_control,infrastructure,3
output96,tier1,generated_control,infrastructure,3
output97,tier1,generated_control,infrastructure,3
output98,tier1,generated_control,infrastructure,3
output99,tier1,generated_control,infrastructure,3
place203,tier0,generated_control,infrastructure,3
place204,tier1,generated_control,infrastructure,3
place205,tier1,generated_control,infrastructure,3
place206,tier0,generated_control,infrastructure,3
place207,tier0,generated_control,infrastructure,3
place208,tier0,decode_control,control,3
place209,tier0,execute_alu,datapath,3
place210,tier1,generated_control,infrastructure,3
place211,tier1,generated_control,infrastructure,3
place212,tier1,generated_control,infrastructure,3
rf_ram_if.rcnt[0]$_SDFF_PP0_,tier0,pipeline_state,control,5
rf_ram_if.rcnt[1]$_SDFF_PP0_,tier0,pipeline_state,control,5
rf_ram_if.rcnt[2]$_SDFF_PP0_,tier0,pipeline_state,control,5
rf_ram_if.rcnt[3]$_SDFF_PP0_,tier0,pipeline_state,control,5
rf_ram_if.rcnt[4]$_SDFF_PP0_,tier0,pipeline_state,control,5
rf_ram_if.rdata0[0]$_DFF_P_,tier0,register_file,datapath,5
rf_ram_if.rdata0[1]$_SDFF_PN0_,tier0,register_file,datapath,5
rf_ram_if.rdata1$_DFFE_PP_,tier0,register_file,datapath,6
rf_ram_if.rgnt$_SDFF_PP0_,tier0,pipeline_state,control,5
rf_ram_if.rreq_r$_SDFF_PP0_,tier1,pipeline_state,control,5
rf_ram_if.rtrig1$_DFF_P_,tier0,pipeline_state,control,5
rf_ram_if.wdata0_r[0]$_DFF_P_,tier0,register_file,datapath,5
rf_ram_if.wdata0_r[1]$_DFF_P_,tier0,register_file,datapath,5
rf_ram_if.wdata1_r[0]$_DFF_P_,tier0,register_file,datapath,5
rf_ram_if.wdata1_r[1]$_DFF_P_,tier0,register_file,datapath,5
rf_ram_if.wdata1_r[2]$_DFF_P_,tier0,register_file,datapath,5
rf_ram_if.wen0_r$_DFFE_PP_,tier0,pipeline_state,control,6
rf_ram_if.wen1_r$_DFFE_PP_,tier0,pipeline_state,control,6
