pass,move_index,instance,architecture_class,from_tier,to_tier,gain,objective_after
1,1,_14070_,unclassified,tier1,tier0,1.920000,14452.720000
1,2,_14111_,unclassified,tier1,tier0,2.920000,14449.800000
1,3,_14112_,unclassified,tier1,tier0,0.920000,14448.880000
1,4,_14130_,unclassified,tier1,tier0,2.920000,14445.960000
1,5,_14237_,unclassified,tier1,tier0,1.920000,14444.040000
1,6,_14266_,unclassified,tier1,tier0,2.920000,14441.120000
1,7,_14993_,unclassified,tier1,tier0,2.920000,14438.200000
1,8,_16008_,unclassified,tier1,tier0,0.920000,14437.280000
1,9,_16403_,unclassified,tier1,tier0,0.920000,14436.360000
1,10,_17042_,unclassified,tier1,tier0,0.920000,14435.440000
1,11,_17044_,unclassified,tier1,tier0,2.920000,14432.520000
1,12,_17047_,unclassified,tier1,tier0,4.920000,14427.600000
1,13,_17054_,unclassified,tier1,tier0,1.920000,14425.680000
1,14,_17056_,unclassified,tier1,tier0,0.920000,14424.760000
1,15,_17181_,unclassified,tier1,tier0,1.920000,14422.840000
1,16,_17324_,unclassified,tier1,tier0,1.920000,14420.920000
1,17,_17980_,unclassified,tier0,tier1,3.080000,14417.840000
1,18,_18059_,unclassified,tier0,tier1,2.080000,14415.760000
1,19,_18189_,unclassified,tier1,tier0,0.920000,14414.840000
1,20,_18584_,unclassified,tier0,tier1,3.080000,14411.760000
1,21,_18652_,unclassified,tier0,tier1,0.080000,14411.680000
1,22,_18820_,unclassified,tier0,tier1,1.080000,14410.600000
1,23,_19563_,unclassified,tier0,tier1,5.080000,14405.520000
1,24,_19632_,unclassified,tier0,tier1,5.080000,14400.440000
1,25,_20063_,unclassified,tier1,tier0,0.920000,14399.520000
1,26,_20078_,unclassified,tier0,tier1,1.080000,14398.440000
1,27,_22309_,unclassified,tier0,tier1,5.080000,14393.360000
1,28,_22325_,unclassified,tier0,tier1,7.080000,14386.280000
1,29,_22341_,unclassified,tier0,tier1,6.080000,14380.200000
1,30,_22358_,unclassified,tier0,tier1,3.080000,14377.120000
1,31,_22375_,unclassified,tier0,tier1,5.080000,14372.040000
1,32,_22391_,unclassified,tier0,tier1,5.080000,14366.960000
1,33,_22406_,unclassified,tier0,tier1,7.080000,14359.880000
1,34,_22422_,unclassified,tier0,tier1,7.080000,14352.800000
1,35,_22548_,unclassified,tier0,tier1,5.080000,14347.720000
1,36,_22559_,unclassified,tier0,tier1,2.080000,14345.640000
1,37,_22562_,unclassified,tier1,tier0,0.920000,14344.720000
1,38,_24315_,unclassified,tier0,tier1,1.080000,14343.640000
1,39,_24816_,unclassified,tier0,tier1,1.600000,14342.040000
1,40,_25073_,unclassified,tier1,tier0,1.400000,14340.640000
1,41,_451_,unclassified,tier1,tier0,0.920000,14339.720000
1,42,_13520_,unclassified,tier1,tier0,1.960000,14337.760000
1,43,_14108_,unclassified,tier1,tier0,1.960000,14335.800000
1,44,_14126_,unclassified,tier1,tier0,1.960000,14333.840000
1,45,_14241_,unclassified,tier1,tier0,1.960000,14331.880000
1,46,_14411_,unclassified,tier1,tier0,0.960000,14330.920000
1,47,_14433_,unclassified,tier1,tier0,1.960000,14328.960000
1,48,_14480_,unclassified,tier1,tier0,1.960000,14327.000000
1,49,_14526_,unclassified,tier1,tier0,2.960000,14324.040000
1,50,_14918_,unclassified,tier1,tier0,0.960000,14323.080000
1,51,_16349_,unclassified,tier1,tier0,1.960000,14321.120000
1,52,_17091_,unclassified,tier1,tier0,1.960000,14319.160000
1,53,_17131_,unclassified,tier1,tier0,0.960000,14318.200000
1,54,_17229_,unclassified,tier1,tier0,0.960000,14317.240000
1,55,_17235_,unclassified,tier1,tier0,1.960000,14315.280000
1,56,_17240_,unclassified,tier1,tier0,3.960000,14311.320000
1,57,_17354_,unclassified,tier1,tier0,0.960000,14310.360000
1,58,_17358_,unclassified,tier1,tier0,1.960000,14308.400000
1,59,_17441_,unclassified,tier1,tier0,3.960000,14304.440000
1,60,_17556_,unclassified,tier1,tier0,1.960000,14302.480000
1,61,_17635_,unclassified,tier1,tier0,0.960000,14301.520000
1,62,_18024_,unclassified,tier0,tier1,5.040000,14296.480000
1,63,_18082_,unclassified,tier1,tier0,2.960000,14293.520000
1,64,_18083_,unclassified,tier0,tier1,0.040000,14293.480000
1,65,_18359_,unclassified,tier0,tier1,0.040000,14293.440000
1,66,_18430_,unclassified,tier1,tier0,2.960000,14290.480000
1,67,_18586_,unclassified,tier1,tier0,1.960000,14288.520000
1,68,_18655_,unclassified,tier0,tier1,0.040000,14288.480000
1,69,_18669_,unclassified,tier1,tier0,1.960000,14286.520000
1,70,_18877_,unclassified,tier0,tier1,1.040000,14285.480000
1,71,_19012_,unclassified,tier0,tier1,4.040000,14281.440000
1,72,_19111_,unclassified,tier1,tier0,0.960000,14280.480000
1,73,_19126_,unclassified,tier0,tier1,2.040000,14278.440000
1,74,_19148_,unclassified,tier1,tier0,1.960000,14276.480000
1,75,_19151_,unclassified,tier0,tier1,5.040000,14271.440000
1,76,_19247_,unclassified,tier0,tier1,0.040000,14271.400000
1,77,_19289_,unclassified,tier0,tier1,0.040000,14271.360000
1,78,_19325_,unclassified,tier0,tier1,0.040000,14271.320000
1,79,_19378_,unclassified,tier0,tier1,2.040000,14269.280000
1,80,_19438_,unclassified,tier0,tier1,1.040000,14268.240000
1,81,_19478_,unclassified,tier0,tier1,4.040000,14264.200000
1,82,_19520_,unclassified,tier0,tier1,0.040000,14264.160000
1,83,_20006_,unclassified,tier1,tier0,0.960000,14263.200000
1,84,_20043_,unclassified,tier0,tier1,0.040000,14263.160000
1,85,_20407_,unclassified,tier0,tier1,2.040000,14261.120000
1,86,_20470_,unclassified,tier0,tier1,2.040000,14259.080000
1,87,_20476_,unclassified,tier1,tier0,1.960000,14257.120000
1,88,_20531_,unclassified,tier0,tier1,2.040000,14255.080000
1,89,_20857_,unclassified,tier0,tier1,2.040000,14253.040000
1,90,_20989_,unclassified,tier0,tier1,2.040000,14251.000000
1,91,_21711_,unclassified,tier0,tier1,2.040000,14248.960000
1,92,_21717_,unclassified,tier1,tier0,1.960000,14247.000000
1,93,_21776_,unclassified,tier0,tier1,2.040000,14244.960000
1,94,_21782_,unclassified,tier1,tier0,1.960000,14243.000000
1,95,_21840_,unclassified,tier0,tier1,2.040000,14240.960000
1,96,_21847_,unclassified,tier1,tier0,1.960000,14239.000000
1,97,_21908_,unclassified,tier0,tier1,2.040000,14236.960000
1,98,_22212_,unclassified,tier1,tier0,0.960000,14236.000000
1,99,_22237_,unclassified,tier0,tier1,3.040000,14232.960000
1,100,_22273_,unclassified,tier0,tier1,3.040000,14229.920000
1,101,_22286_,unclassified,tier1,tier0,0.960000,14228.960000
1,102,_22293_,unclassified,tier1,tier0,1.960000,14227.000000
1,103,_22443_,unclassified,tier0,tier1,2.040000,14224.960000
1,104,_22458_,unclassified,tier0,tier1,6.040000,14218.920000
1,105,_22475_,unclassified,tier0,tier1,6.040000,14212.880000
1,106,_22493_,unclassified,tier0,tier1,6.040000,14206.840000
1,107,_22512_,unclassified,tier0,tier1,6.040000,14200.800000
1,108,_22529_,unclassified,tier0,tier1,6.040000,14194.760000
1,109,_22567_,unclassified,tier0,tier1,4.040000,14190.720000
1,110,_22718_,unclassified,tier1,tier0,1.960000,14188.760000
1,111,_22867_,unclassified,tier1,tier0,3.960000,14184.800000
1,112,_23472_,unclassified,tier0,tier1,3.040000,14181.760000
1,113,_24582_,unclassified,tier0,tier1,2.040000,14179.720000
1,114,_24711_,unclassified,tier1,tier0,1.960000,14177.760000
1,115,_24715_,unclassified,tier1,tier0,1.960000,14175.800000
1,116,_24720_,unclassified,tier1,tier0,1.960000,14173.840000
1,117,_24724_,unclassified,tier1,tier0,1.960000,14171.880000
1,118,_24728_,unclassified,tier1,tier0,1.960000,14169.920000
1,119,_24732_,unclassified,tier1,tier0,1.960000,14167.960000
1,120,_24736_,unclassified,tier1,tier0,1.960000,14166.000000
1,121,_24742_,unclassified,tier1,tier0,1.960000,14164.040000
1,122,_24747_,unclassified,tier1,tier0,1.960000,14162.080000
1,123,_24752_,unclassified,tier1,tier0,1.960000,14160.120000
1,124,_24756_,unclassified,tier1,tier0,1.960000,14158.160000
1,125,_24760_,unclassified,tier1,tier0,1.960000,14156.200000
1,126,_24764_,unclassified,tier1,tier0,1.960000,14154.240000
1,127,_24768_,unclassified,tier1,tier0,1.960000,14152.280000
1,128,_24772_,unclassified,tier1,tier0,1.960000,14150.320000
1,129,_24776_,unclassified,tier1,tier0,1.960000,14148.360000
1,130,_24780_,unclassified,tier0,tier1,3.040000,14145.320000
1,131,_24786_,unclassified,tier1,tier0,1.960000,14143.360000
1,132,_24788_,unclassified,tier0,tier1,0.040000,14143.320000
1,133,_25057_,unclassified,tier0,tier1,2.040000,14141.280000
1,134,_424_,unclassified,tier0,tier1,2.040000,14139.240000
1,135,_14343_,generated_control,tier0,tier1,1.560000,14137.680000
1,136,_15144_,generated_control,tier0,tier1,0.560000,14137.120000
1,137,_15336_,generated_control,tier0,tier1,1.560000,14135.560000
1,138,_15653_,generated_control,tier0,tier1,0.560000,14135.000000
1,139,_15817_,generated_control,tier0,tier1,1.560000,14133.440000
1,140,_16269_,generated_control,tier0,tier1,3.560000,14129.880000
1,141,_16418_,generated_control,tier0,tier1,0.560000,14129.320000
1,142,_16593_,generated_control,tier0,tier1,0.560000,14128.760000
1,143,_16594_,generated_control,tier0,tier1,3.560000,14125.200000
1,144,_16646_,generated_control,tier0,tier1,0.560000,14124.640000
1,145,_16647_,generated_control,tier0,tier1,3.560000,14121.080000
1,146,_17096_,generated_control,tier0,tier1,0.560000,14120.520000
1,147,_17321_,generated_control,tier0,tier1,0.560000,14119.960000
1,148,_17333_,generated_control,tier0,tier1,1.560000,14118.400000
1,149,_17410_,generated_control,tier0,tier1,5.240000,14113.160000
1,150,_17453_,generated_control,tier0,tier1,1.080000,14112.080000
1,151,_17707_,generated_control,tier0,tier1,3.080000,14109.000000
1,152,_17786_,generated_control,tier0,tier1,5.080000,14103.920000
1,153,_18387_,generated_control,tier0,tier1,0.080000,14103.840000
1,154,_18875_,generated_control,tier0,tier1,5.080000,14098.760000
1,155,_18968_,generated_control,tier0,tier1,5.080000,14093.680000
1,156,_19030_,generated_control,tier0,tier1,5.080000,14088.600000
1,157,_19187_,generated_control,tier0,tier1,5.080000,14083.520000
1,158,_19244_,generated_control,tier0,tier1,5.080000,14078.440000
1,159,_19283_,generated_control,tier0,tier1,5.080000,14073.360000
1,160,_19322_,generated_control,tier0,tier1,5.080000,14068.280000
1,161,_19397_,generated_control,tier0,tier1,5.080000,14063.200000
1,162,_19435_,generated_control,tier0,tier1,5.080000,14058.120000
1,163,_19471_,generated_control,tier0,tier1,5.080000,14053.040000
1,164,_19501_,generated_control,tier0,tier1,5.080000,14047.960000
1,165,_19575_,generated_control,tier0,tier1,3.080000,14044.880000
1,166,_19602_,generated_control,tier0,tier1,5.080000,14039.800000
1,167,_19643_,generated_control,tier0,tier1,3.080000,14036.720000
1,168,_19678_,generated_control,tier0,tier1,3.080000,14033.640000
1,169,_19709_,generated_control,tier0,tier1,2.080000,14031.560000
1,170,_19743_,generated_control,tier0,tier1,5.080000,14026.480000
1,171,_19783_,generated_control,tier0,tier1,5.080000,14021.400000
1,172,_19844_,generated_control,tier0,tier1,1.080000,14020.320000
1,173,_19875_,generated_control,tier0,tier1,5.080000,14015.240000
1,174,_19941_,generated_control,tier0,tier1,5.080000,14010.160000
1,175,_19983_,generated_control,tier0,tier1,1.080000,14009.080000
1,176,_13551_,generated_control,tier0,tier1,2.200000,14006.880000
1,177,_13558_,generated_control,tier0,tier1,2.200000,14004.680000
1,178,_13580_,generated_control,tier0,tier1,0.200000,14004.480000
1,179,_13588_,generated_control,tier0,tier1,0.200000,14004.280000
1,180,_13595_,generated_control,tier0,tier1,0.200000,14004.080000
1,181,_13596_,generated_control,tier0,tier1,2.200000,14001.880000
1,182,_13618_,generated_control,tier0,tier1,0.200000,14001.680000
1,183,_13626_,generated_control,tier0,tier1,0.200000,14001.480000
1,184,_13633_,generated_control,tier0,tier1,0.200000,14001.280000
1,185,_13634_,generated_control,tier0,tier1,4.200000,13997.080000
1,186,_13656_,generated_control,tier0,tier1,0.200000,13996.880000
1,187,_13664_,generated_control,tier0,tier1,0.200000,13996.680000
1,188,_13671_,generated_control,tier0,tier1,0.200000,13996.480000
1,189,_13672_,generated_control,tier0,tier1,3.200000,13993.280000
1,190,_13683_,generated_control,tier0,tier1,0.200000,13993.080000
1,191,_13693_,generated_control,tier0,tier1,2.200000,13990.880000
1,192,_13701_,generated_control,tier0,tier1,2.200000,13988.680000
1,193,_13708_,generated_control,tier0,tier1,2.200000,13986.480000
1,194,_13719_,generated_control,tier0,tier1,0.200000,13986.280000
1,195,_13729_,generated_control,tier0,tier1,2.200000,13984.080000
1,196,_13737_,generated_control,tier0,tier1,2.200000,13981.880000
1,197,_13744_,generated_control,tier0,tier1,2.200000,13979.680000
1,198,_13755_,generated_control,tier0,tier1,0.200000,13979.480000
1,199,_13766_,generated_control,tier0,tier1,0.200000,13979.280000
1,200,_13774_,generated_control,tier0,tier1,0.200000,13979.080000
1,summary,,,,,7.080000,13143.160000
2,1,_14100_,unclassified,tier1,tier0,1.480000,13141.680000
2,2,_16403_,unclassified,tier0,tier1,1.520000,13140.160000
2,3,_17133_,unclassified,tier1,tier0,0.480000,13139.680000
2,4,_17220_,unclassified,tier1,tier0,3.480000,13136.200000
2,5,_18103_,unclassified,tier1,tier0,1.480000,13134.720000
2,6,_18652_,unclassified,tier1,tier0,1.480000,13133.240000
2,7,_18653_,unclassified,tier1,tier0,4.480000,13128.760000
2,8,_22562_,unclassified,tier0,tier1,0.520000,13128.240000
2,9,_13870_,unclassified,tier1,tier0,2.440000,13125.800000
2,10,_14291_,unclassified,tier1,tier0,0.440000,13125.360000
2,11,_14488_,unclassified,tier1,tier0,0.440000,13124.920000
2,12,_14756_,unclassified,tier1,tier0,0.440000,13124.480000
2,13,_14760_,unclassified,tier1,tier0,2.120000,13122.360000
2,14,_17100_,unclassified,tier1,tier0,1.960000,13120.400000
2,15,_17480_,unclassified,tier1,tier0,2.960000,13117.440000
2,16,_17635_,unclassified,tier0,tier1,0.040000,13117.400000
2,17,_18359_,unclassified,tier1,tier0,1.960000,13115.440000
2,18,_19569_,unclassified,tier1,tier0,1.960000,13113.480000
2,19,_20465_,unclassified,tier1,tier0,1.960000,13111.520000
2,20,_17096_,generated_control,tier1,tier0,0.440000,13111.080000
2,21,_17321_,generated_control,tier1,tier0,2.440000,13108.640000
2,22,_17333_,generated_control,tier1,tier0,0.440000,13108.200000
2,23,_13678_,generated_control,tier0,tier1,0.600000,13107.600000
2,24,_13788_,generated_control,tier0,tier1,0.600000,13107.000000
2,25,_13996_,generated_control,tier0,tier1,2.600000,13104.400000
2,26,_14114_,generated_control,tier0,tier1,0.600000,13103.800000
2,27,_14455_,generated_control,tier1,tier0,0.400000,13103.400000
2,28,_15727_,generated_control,tier0,tier1,0.600000,13102.800000
2,29,_16023_,generated_control,tier0,tier1,0.600000,13102.200000
2,30,_16180_,generated_control,tier1,tier0,0.400000,13101.800000
2,31,_16347_,generated_control,tier0,tier1,1.600000,13100.200000
2,32,_16348_,generated_control,tier0,tier1,2.600000,13097.600000
2,33,_16368_,generated_control,tier0,tier1,3.600000,13094.000000
2,34,_16400_,generated_control,tier0,tier1,1.600000,13092.400000
2,35,_16485_,generated_control,tier0,tier1,0.600000,13091.800000
2,36,_16620_,generated_control,tier0,tier1,4.280000,13087.520000
2,37,_16628_,generated_control,tier0,tier1,4.200000,13083.320000
2,38,_16653_,generated_control,tier0,tier1,4.200000,13079.120000
2,39,_16669_,generated_control,tier0,tier1,4.200000,13074.920000
2,40,_16670_,generated_control,tier0,tier1,3.200000,13071.720000
2,41,_16692_,generated_control,tier0,tier1,0.200000,13071.520000
2,42,_16693_,generated_control,tier0,tier1,2.200000,13069.320000
2,43,_16706_,generated_control,tier0,tier1,1.200000,13068.120000
2,44,_16759_,generated_control,tier0,tier1,0.200000,13067.920000
2,45,_16794_,generated_control,tier0,tier1,2.200000,13065.720000
2,46,_16830_,generated_control,tier0,tier1,1.200000,13064.520000
2,47,_16871_,generated_control,tier0,tier1,0.200000,13064.320000
2,48,_16881_,generated_control,tier0,tier1,4.200000,13060.120000
2,49,_16902_,generated_control,tier0,tier1,1.200000,13058.920000
2,50,_16906_,generated_control,tier0,tier1,4.200000,13054.720000
2,51,_16911_,generated_control,tier0,tier1,0.200000,13054.520000
2,52,_16919_,generated_control,tier0,tier1,4.200000,13050.320000
2,53,_16920_,generated_control,tier0,tier1,4.200000,13046.120000
2,54,_17087_,generated_control,tier0,tier1,0.200000,13045.920000
2,55,_17123_,generated_control,tier0,tier1,0.200000,13045.720000
2,56,_17196_,generated_control,tier0,tier1,2.200000,13043.520000
2,57,_17350_,generated_control,tier0,tier1,0.200000,13043.320000
2,58,_17394_,generated_control,tier0,tier1,2.200000,13041.120000
2,59,_17557_,generated_control,tier0,tier1,1.200000,13039.920000
2,60,_17563_,generated_control,tier0,tier1,0.200000,13039.720000
2,61,_17576_,generated_control,tier0,tier1,4.200000,13035.520000
2,62,_17617_,generated_control,tier0,tier1,1.200000,13034.320000
2,63,_17618_,generated_control,tier0,tier1,3.200000,13031.120000
2,64,_17680_,generated_control,tier0,tier1,4.200000,13026.920000
2,65,_17728_,generated_control,tier0,tier1,0.200000,13026.720000
2,66,_17740_,generated_control,tier0,tier1,0.200000,13026.520000
2,67,_17741_,generated_control,tier0,tier1,1.200000,13025.320000
2,68,_17772_,generated_control,tier0,tier1,1.200000,13024.120000
2,69,_17802_,generated_control,tier0,tier1,4.200000,13019.920000
2,70,_17835_,generated_control,tier0,tier1,2.200000,13017.720000
2,71,_17838_,generated_control,tier0,tier1,4.200000,13013.520000
2,72,_17859_,generated_control,tier0,tier1,2.200000,13011.320000
2,73,_17873_,generated_control,tier0,tier1,0.200000,13011.120000
2,74,_17874_,generated_control,tier0,tier1,0.200000,13010.920000
2,75,_17882_,generated_control,tier0,tier1,0.200000,13010.720000
2,76,_17883_,generated_control,tier0,tier1,0.200000,13010.520000
2,77,_17887_,generated_control,tier0,tier1,0.200000,13010.320000
2,78,_17895_,generated_control,tier0,tier1,4.200000,13006.120000
2,79,_17896_,generated_control,tier0,tier1,2.200000,13003.920000
2,80,_17907_,generated_control,tier0,tier1,0.200000,13003.720000
2,81,_17908_,generated_control,tier0,tier1,0.200000,13003.520000
2,82,_17913_,generated_control,tier0,tier1,0.200000,13003.320000
2,83,_17914_,generated_control,tier0,tier1,0.200000,13003.120000
2,84,_17919_,generated_control,tier0,tier1,0.200000,13002.920000
2,85,_17923_,generated_control,tier0,tier1,2.200000,13000.720000
2,86,_17927_,generated_control,tier0,tier1,0.200000,13000.520000
2,87,_17941_,generated_control,tier0,tier1,0.200000,13000.320000
2,88,_17943_,generated_control,tier0,tier1,0.200000,13000.120000
2,89,_17947_,generated_control,tier0,tier1,4.200000,12995.920000
2,90,_17954_,generated_control,tier0,tier1,2.200000,12993.720000
2,91,_17962_,generated_control,tier0,tier1,0.200000,12993.520000
2,92,_17973_,generated_control,tier0,tier1,0.200000,12993.320000
2,93,_17991_,generated_control,tier0,tier1,0.200000,12993.120000
2,94,_18006_,generated_control,tier0,tier1,0.200000,12992.920000
2,95,_18007_,generated_control,tier0,tier1,0.200000,12992.720000
2,96,_18011_,generated_control,tier0,tier1,0.200000,12992.520000
2,97,_18018_,generated_control,tier0,tier1,0.200000,12992.320000
2,98,_18039_,generated_control,tier0,tier1,0.200000,12992.120000
2,99,_18120_,generated_control,tier0,tier1,0.200000,12991.920000
2,100,_18194_,generated_control,tier0,tier1,0.200000,12991.720000
2,101,_18320_,generated_control,tier0,tier1,0.200000,12991.520000
2,102,_18321_,generated_control,tier0,tier1,0.200000,12991.320000
2,103,_18322_,generated_control,tier0,tier1,0.200000,12991.120000
2,104,_18323_,generated_control,tier0,tier1,1.200000,12989.920000
2,105,_18324_,generated_control,tier0,tier1,1.200000,12988.720000
2,106,_18325_,generated_control,tier0,tier1,1.200000,12987.520000
2,107,_18327_,generated_control,tier0,tier1,1.200000,12986.320000
2,108,_18328_,generated_control,tier0,tier1,3.200000,12983.120000
2,109,_18329_,generated_control,tier0,tier1,3.200000,12979.920000
2,110,_18330_,generated_control,tier0,tier1,3.200000,12976.720000
2,111,_18331_,generated_control,tier0,tier1,3.200000,12973.520000
2,112,_18332_,generated_control,tier0,tier1,3.200000,12970.320000
2,113,_18333_,generated_control,tier0,tier1,3.200000,12967.120000
2,114,_18334_,generated_control,tier0,tier1,3.200000,12963.920000
2,115,_18335_,generated_control,tier0,tier1,3.200000,12960.720000
2,116,_18336_,generated_control,tier0,tier1,3.200000,12957.520000
2,117,_18337_,generated_control,tier0,tier1,0.200000,12957.320000
2,118,_18338_,generated_control,tier0,tier1,0.200000,12957.120000
2,119,_18339_,generated_control,tier0,tier1,2.200000,12954.920000
2,120,_18341_,generated_control,tier0,tier1,2.200000,12952.720000
2,121,_18342_,generated_control,tier0,tier1,2.200000,12950.520000
2,122,_18343_,generated_control,tier0,tier1,2.200000,12948.320000
2,123,_18344_,generated_control,tier0,tier1,2.200000,12946.120000
2,124,_18345_,generated_control,tier0,tier1,2.200000,12943.920000
2,125,_18346_,generated_control,tier0,tier1,2.200000,12941.720000
2,126,_18347_,generated_control,tier0,tier1,2.200000,12939.520000
2,127,_18348_,generated_control,tier0,tier1,2.200000,12937.320000
2,128,_18349_,generated_control,tier0,tier1,2.200000,12935.120000
2,129,_18350_,generated_control,tier0,tier1,2.200000,12932.920000
2,130,_18351_,generated_control,tier0,tier1,2.200000,12930.720000
2,131,_18352_,generated_control,tier0,tier1,2.200000,12928.520000
2,132,_18353_,generated_control,tier0,tier1,2.200000,12926.320000
2,133,_18354_,generated_control,tier0,tier1,4.200000,12922.120000
2,134,_18355_,generated_control,tier0,tier1,4.200000,12917.920000
2,135,_18356_,generated_control,tier0,tier1,4.200000,12913.720000
2,136,_18357_,generated_control,tier0,tier1,4.200000,12909.520000
2,137,_18358_,generated_control,tier0,tier1,4.200000,12905.320000
2,138,_18360_,generated_control,tier0,tier1,4.200000,12901.120000
2,139,_18361_,generated_control,tier0,tier1,4.200000,12896.920000
2,140,_18362_,generated_control,tier0,tier1,4.200000,12892.720000
2,141,_18363_,generated_control,tier0,tier1,4.200000,12888.520000
2,142,_18364_,generated_control,tier0,tier1,4.200000,12884.320000
2,143,_18365_,generated_control,tier0,tier1,4.200000,12880.120000
2,144,_18366_,generated_control,tier0,tier1,4.200000,12875.920000
2,145,_18367_,generated_control,tier0,tier1,4.200000,12871.720000
2,146,_18368_,generated_control,tier0,tier1,4.200000,12867.520000
2,147,_18369_,generated_control,tier0,tier1,4.200000,12863.320000
2,148,_18384_,generated_control,tier0,tier1,1.200000,12862.120000
2,149,_18490_,generated_control,tier0,tier1,0.200000,12861.920000
2,150,_18537_,generated_control,tier0,tier1,2.200000,12859.720000
2,151,_18611_,generated_control,tier0,tier1,2.200000,12857.520000
2,152,_18633_,generated_control,tier0,tier1,0.200000,12857.320000
2,153,_18639_,generated_control,tier0,tier1,1.200000,12856.120000
2,154,_18675_,generated_control,tier0,tier1,2.200000,12853.920000
2,155,_18738_,generated_control,tier0,tier1,0.200000,12853.720000
2,156,_18744_,generated_control,tier0,tier1,0.200000,12853.520000
2,157,_18758_,generated_control,tier0,tier1,1.200000,12852.320000
2,158,_18835_,generated_control,tier0,tier1,2.200000,12850.120000
2,159,_18882_,generated_control,tier0,tier1,0.200000,12849.920000
2,160,_18885_,generated_control,tier0,tier1,4.200000,12845.720000
2,161,_18892_,generated_control,tier0,tier1,1.200000,12844.520000
2,162,_18924_,generated_control,tier0,tier1,0.200000,12844.320000
2,163,_18938_,generated_control,tier0,tier1,0.200000,12844.120000
2,164,_18984_,generated_control,tier0,tier1,2.200000,12841.920000
2,165,_18987_,generated_control,tier0,tier1,0.200000,12841.720000
2,166,_18990_,generated_control,tier0,tier1,0.200000,12841.520000
2,167,_18992_,generated_control,tier0,tier1,2.200000,12839.320000
2,168,_18994_,generated_control,tier0,tier1,1.200000,12838.120000
2,169,_18995_,generated_control,tier0,tier1,0.200000,12837.920000
2,170,_19006_,generated_control,tier0,tier1,3.200000,12834.720000
2,171,_19045_,generated_control,tier0,tier1,0.200000,12834.520000
2,172,_19067_,generated_control,tier0,tier1,2.200000,12832.320000
2,173,_19080_,generated_control,tier0,tier1,2.200000,12830.120000
2,174,_19084_,generated_control,tier0,tier1,4.200000,12825.920000
2,175,_19137_,generated_control,tier0,tier1,0.200000,12825.720000
2,176,_19141_,generated_control,tier0,tier1,4.200000,12821.520000
2,177,_19155_,generated_control,tier0,tier1,1.200000,12820.320000
2,178,_19203_,generated_control,tier0,tier1,0.200000,12820.120000
2,179,_19206_,generated_control,tier0,tier1,4.200000,12815.920000
2,180,_19250_,generated_control,tier0,tier1,0.200000,12815.720000
2,181,_19253_,generated_control,tier0,tier1,4.200000,12811.520000
2,182,_19267_,generated_control,tier0,tier1,2.200000,12809.320000
2,183,_19298_,generated_control,tier0,tier1,2.200000,12807.120000
2,184,_19306_,generated_control,tier0,tier1,0.200000,12806.920000
2,185,_19339_,generated_control,tier0,tier1,4.200000,12802.720000
2,186,_19346_,generated_control,tier0,tier1,1.200000,12801.520000
2,187,_19347_,generated_control,tier0,tier1,2.200000,12799.320000
2,188,_19383_,generated_control,tier0,tier1,1.200000,12798.120000
2,189,_19418_,generated_control,tier0,tier1,2.200000,12795.920000
2,190,_19446_,generated_control,tier0,tier1,2.200000,12793.720000
2,191,_19449_,generated_control,tier0,tier1,0.200000,12793.520000
2,192,_19456_,generated_control,tier0,tier1,2.200000,12791.320000
2,193,_19486_,generated_control,tier0,tier1,0.200000,12791.120000
2,194,_19504_,generated_control,tier0,tier1,2.200000,12788.920000
2,195,_19512_,generated_control,tier0,tier1,0.200000,12788.720000
2,196,_19527_,generated_control,tier0,tier1,2.200000,12786.520000
2,197,_19544_,generated_control,tier0,tier1,2.200000,12784.320000
2,198,_19557_,generated_control,tier0,tier1,0.200000,12784.120000
2,199,_19581_,generated_control,tier0,tier1,0.200000,12783.920000
2,200,_19584_,generated_control,tier0,tier1,4.200000,12779.720000
2,summary,,,,,4.480000,12210.560000
3,1,_14119_,unclassified,tier1,tier0,0.920000,12209.640000
3,2,_14912_,unclassified,tier1,tier0,1.960000,12207.680000
3,3,_16349_,unclassified,tier0,tier1,2.040000,12205.640000
3,4,_17104_,unclassified,tier1,tier0,1.960000,12203.680000
3,5,_17229_,unclassified,tier0,tier1,0.040000,12203.640000
3,6,_19293_,generated_control,tier0,tier1,0.480000,12203.160000
3,7,_14343_,generated_control,tier1,tier0,0.440000,12202.720000
3,8,_13683_,generated_control,tier1,tier0,1.400000,12201.320000
3,9,_13719_,generated_control,tier1,tier0,1.400000,12199.920000
3,10,_16893_,generated_control,tier0,tier1,2.600000,12197.320000
3,11,_16909_,generated_control,tier0,tier1,1.600000,12195.720000
3,12,_17459_,generated_control,tier0,tier1,0.600000,12195.120000
3,13,_17460_,generated_control,tier0,tier1,0.600000,12194.520000
3,14,_17636_,generated_control,tier0,tier1,0.600000,12193.920000
3,15,_17637_,generated_control,tier0,tier1,0.600000,12193.320000
3,16,_17638_,generated_control,tier0,tier1,0.600000,12192.720000
3,17,_17642_,generated_control,tier0,tier1,0.600000,12192.120000
3,18,_17643_,generated_control,tier0,tier1,0.600000,12191.520000
3,19,_17648_,generated_control,tier0,tier1,1.600000,12189.920000
3,20,_17649_,generated_control,tier0,tier1,0.600000,12189.320000
3,21,_17657_,generated_control,tier0,tier1,0.600000,12188.720000
3,22,_17658_,generated_control,tier0,tier1,0.600000,12188.120000
3,23,_17662_,generated_control,tier0,tier1,0.600000,12187.520000
3,24,_17663_,generated_control,tier0,tier1,0.600000,12186.920000
3,25,_17682_,generated_control,tier0,tier1,1.600000,12185.320000
3,26,_17683_,generated_control,tier0,tier1,0.600000,12184.720000
3,27,_17692_,generated_control,tier0,tier1,1.600000,12183.120000
3,28,_17693_,generated_control,tier0,tier1,0.600000,12182.520000
3,29,_17697_,generated_control,tier0,tier1,0.600000,12181.920000
3,30,_17698_,generated_control,tier0,tier1,0.600000,12181.320000
3,31,_17702_,generated_control,tier0,tier1,2.600000,12178.720000
3,32,_17703_,generated_control,tier0,tier1,2.600000,12176.120000
3,33,_17709_,generated_control,tier0,tier1,2.600000,12173.520000
3,34,_17710_,generated_control,tier0,tier1,2.600000,12170.920000
3,35,_17713_,generated_control,tier0,tier1,3.600000,12167.320000
3,36,_17714_,generated_control,tier0,tier1,2.600000,12164.720000
3,37,_17718_,generated_control,tier0,tier1,3.600000,12161.120000
3,38,_17719_,generated_control,tier0,tier1,2.600000,12158.520000
3,39,_17723_,generated_control,tier0,tier1,3.600000,12154.920000
3,40,_17724_,generated_control,tier0,tier1,2.600000,12152.320000
3,41,_17839_,generated_control,tier0,tier1,3.600000,12148.720000
3,42,_17855_,generated_control,tier0,tier1,3.600000,12145.120000
3,43,_18671_,generated_control,tier0,tier1,2.600000,12142.520000
3,44,_18744_,generated_control,tier1,tier0,0.400000,12142.120000
3,45,_18864_,generated_control,tier0,tier1,0.600000,12141.520000
3,46,_18865_,generated_control,tier0,tier1,0.600000,12140.920000
3,47,_18866_,generated_control,tier0,tier1,1.600000,12139.320000
3,48,_18938_,generated_control,tier1,tier0,0.400000,12138.920000
3,49,_18980_,generated_control,tier0,tier1,2.600000,12136.320000
3,50,_18987_,generated_control,tier1,tier0,2.400000,12133.920000
3,51,_18990_,generated_control,tier1,tier0,0.400000,12133.520000
3,52,_18995_,generated_control,tier1,tier0,1.400000,12132.120000
3,53,_19295_,generated_control,tier0,tier1,2.600000,12129.520000
3,54,_19415_,generated_control,tier0,tier1,2.600000,12126.920000
3,55,_19443_,generated_control,tier0,tier1,2.600000,12124.320000
3,56,_19455_,generated_control,tier0,tier1,0.600000,12123.720000
3,57,_19526_,generated_control,tier0,tier1,0.600000,12123.120000
3,58,_19540_,generated_control,tier0,tier1,0.600000,12122.520000
3,59,_19659_,generated_control,tier0,tier1,2.600000,12119.920000
3,60,_19752_,generated_control,tier1,tier0,1.400000,12118.520000
3,61,_19926_,generated_control,tier0,tier1,0.600000,12117.920000
3,62,_19929_,generated_control,tier0,tier1,2.600000,12115.320000
3,63,_19950_,generated_control,tier0,tier1,0.600000,12114.720000
3,64,_19969_,generated_control,tier0,tier1,2.600000,12112.120000
3,65,_19986_,generated_control,tier0,tier1,0.600000,12111.520000
3,66,_20011_,generated_control,tier0,tier1,0.600000,12110.920000
3,67,_20034_,generated_control,tier0,tier1,0.600000,12110.320000
3,68,_20042_,generated_control,tier0,tier1,0.600000,12109.720000
3,69,_20060_,generated_control,tier0,tier1,0.600000,12109.120000
3,70,_20076_,generated_control,tier0,tier1,0.600000,12108.520000
3,71,_20404_,generated_control,tier0,tier1,0.600000,12107.920000
3,72,_20592_,generated_control,tier0,tier1,0.600000,12107.320000
3,73,_20602_,generated_control,tier0,tier1,0.600000,12106.720000
3,74,_21855_,generated_control,tier0,tier1,2.600000,12104.120000
3,75,_21905_,generated_control,tier0,tier1,0.600000,12103.520000
3,76,_22035_,generated_control,tier0,tier1,0.600000,12102.920000
3,77,_22139_,generated_control,tier0,tier1,0.600000,12102.320000
3,78,_22272_,generated_control,tier0,tier1,0.600000,12101.720000
3,79,_22278_,generated_control,tier0,tier1,2.600000,12099.120000
3,80,_22281_,generated_control,tier0,tier1,0.600000,12098.520000
3,81,_22297_,generated_control,tier0,tier1,3.600000,12094.920000
3,82,_22303_,generated_control,tier0,tier1,4.600000,12090.320000
3,83,_22307_,generated_control,tier0,tier1,2.600000,12087.720000
3,84,_22315_,generated_control,tier0,tier1,2.600000,12085.120000
3,85,_22323_,generated_control,tier0,tier1,2.600000,12082.520000
3,86,_22329_,generated_control,tier0,tier1,2.600000,12079.920000
3,87,_22346_,generated_control,tier0,tier1,0.600000,12079.320000
3,88,_22355_,generated_control,tier0,tier1,2.600000,12076.720000
3,89,_22363_,generated_control,tier0,tier1,2.600000,12074.120000
3,90,_22371_,generated_control,tier0,tier1,2.600000,12071.520000
3,91,_22379_,generated_control,tier0,tier1,2.600000,12068.920000
3,92,_22387_,generated_control,tier0,tier1,0.600000,12068.320000
3,93,_22396_,generated_control,tier0,tier1,2.600000,12065.720000
3,94,_22403_,generated_control,tier0,tier1,4.600000,12061.120000
3,95,_22412_,generated_control,tier0,tier1,2.600000,12058.520000
3,96,_22419_,generated_control,tier0,tier1,4.600000,12053.920000
3,97,_22436_,generated_control,tier0,tier1,1.600000,12052.320000
3,98,_22438_,generated_control,tier0,tier1,2.600000,12049.720000
3,99,_22447_,generated_control,tier0,tier1,0.600000,12049.120000
3,100,_22448_,generated_control,tier0,tier1,2.600000,12046.520000
3,101,_22456_,generated_control,tier0,tier1,1.600000,12044.920000
3,102,_22463_,generated_control,tier0,tier1,2.600000,12042.320000
3,103,_22469_,generated_control,tier0,tier1,1.600000,12040.720000
3,104,_22471_,generated_control,tier0,tier1,2.600000,12038.120000
3,105,_22481_,generated_control,tier0,tier1,0.600000,12037.520000
3,106,_22482_,generated_control,tier0,tier1,2.600000,12034.920000
3,107,_22490_,generated_control,tier0,tier1,3.600000,12031.320000
3,108,_22500_,generated_control,tier0,tier1,4.600000,12026.720000
3,109,_22506_,generated_control,tier0,tier1,1.600000,12025.120000
3,110,_22508_,generated_control,tier0,tier1,4.600000,12020.520000
3,111,_22518_,generated_control,tier0,tier1,4.600000,12015.920000
3,112,_22526_,generated_control,tier0,tier1,1.600000,12014.320000
3,113,_22535_,generated_control,tier0,tier1,4.600000,12009.720000
3,114,_22542_,generated_control,tier0,tier1,0.600000,12009.120000
3,115,_22545_,generated_control,tier0,tier1,4.600000,12004.520000
3,116,_22554_,generated_control,tier0,tier1,1.600000,12002.920000
3,117,_22570_,generated_control,tier0,tier1,0.600000,12002.320000
3,118,_22671_,generated_control,tier0,tier1,0.600000,12001.720000
3,119,_22676_,generated_control,tier0,tier1,2.600000,11999.120000
3,120,_22886_,generated_control,tier0,tier1,0.600000,11998.520000
3,121,_22890_,generated_control,tier0,tier1,0.600000,11997.920000
3,122,_22976_,generated_control,tier0,tier1,1.600000,11996.320000
3,123,_23066_,generated_control,tier0,tier1,0.600000,11995.720000
3,124,_23116_,generated_control,tier0,tier1,2.600000,11993.120000
3,125,_23283_,generated_control,tier0,tier1,0.600000,11992.520000
3,126,_23366_,generated_control,tier0,tier1,0.600000,11991.920000
3,127,_23455_,generated_control,tier0,tier1,0.600000,11991.320000
3,128,_23459_,generated_control,tier0,tier1,2.600000,11988.720000
3,129,_23852_,generated_control,tier0,tier1,0.600000,11988.120000
3,130,_23962_,generated_control,tier0,tier1,0.600000,11987.520000
3,131,_24115_,generated_control,tier0,tier1,2.600000,11984.920000
3,132,_24251_,generated_control,tier0,tier1,0.600000,11984.320000
3,133,_24257_,generated_control,tier0,tier1,0.600000,11983.720000
3,134,_24264_,generated_control,tier0,tier1,0.600000,11983.120000
3,135,_24271_,generated_control,tier0,tier1,0.600000,11982.520000
3,136,_24277_,generated_control,tier0,tier1,0.600000,11981.920000
3,137,_24286_,generated_control,tier0,tier1,0.600000,11981.320000
3,138,_24292_,generated_control,tier0,tier1,0.600000,11980.720000
3,139,_24300_,generated_control,tier0,tier1,0.600000,11980.120000
3,140,_24304_,generated_control,tier0,tier1,1.600000,11978.520000
3,141,_24307_,generated_control,tier0,tier1,0.600000,11977.920000
3,142,_24314_,generated_control,tier0,tier1,0.600000,11977.320000
3,143,_24323_,generated_control,tier0,tier1,2.600000,11974.720000
3,144,_24328_,generated_control,tier0,tier1,2.600000,11972.120000
3,145,_24336_,generated_control,tier0,tier1,0.600000,11971.520000
3,146,_24350_,generated_control,tier0,tier1,0.600000,11970.920000
3,147,_24460_,generated_control,tier0,tier1,1.600000,11969.320000
3,148,_24599_,generated_control,tier0,tier1,2.600000,11966.720000
3,149,_24602_,generated_control,tier0,tier1,2.600000,11964.120000
3,150,_24605_,generated_control,tier0,tier1,0.600000,11963.520000
3,151,_24611_,generated_control,tier0,tier1,2.600000,11960.920000
3,152,_24612_,generated_control,tier0,tier1,0.600000,11960.320000
3,153,_24613_,generated_control,tier0,tier1,0.600000,11959.720000
3,154,_24615_,generated_control,tier0,tier1,0.600000,11959.120000
3,155,_24616_,generated_control,tier0,tier1,0.600000,11958.520000
3,156,_24617_,generated_control,tier0,tier1,1.600000,11956.920000
3,157,_24618_,generated_control,tier0,tier1,0.600000,11956.320000
3,158,_24619_,generated_control,tier0,tier1,2.600000,11953.720000
3,159,_24620_,generated_control,tier0,tier1,0.600000,11953.120000
3,160,_24621_,generated_control,tier0,tier1,1.600000,11951.520000
3,161,_24622_,generated_control,tier0,tier1,0.600000,11950.920000
3,162,_24623_,generated_control,tier0,tier1,2.600000,11948.320000
3,163,_24624_,generated_control,tier0,tier1,0.600000,11947.720000
3,164,_24625_,generated_control,tier0,tier1,2.600000,11945.120000
3,165,_24626_,generated_control,tier0,tier1,2.600000,11942.520000
3,166,_24627_,generated_control,tier0,tier1,0.600000,11941.920000
3,167,_24628_,generated_control,tier0,tier1,4.600000,11937.320000
3,168,_24629_,generated_control,tier0,tier1,2.600000,11934.720000
3,169,_24630_,generated_control,tier0,tier1,2.600000,11932.120000
3,170,_24631_,generated_control,tier0,tier1,2.600000,11929.520000
3,171,_24633_,generated_control,tier0,tier1,3.600000,11925.920000
3,172,_24634_,generated_control,tier0,tier1,2.600000,11923.320000
3,173,_24635_,generated_control,tier0,tier1,4.600000,11918.720000
3,174,_24636_,generated_control,tier0,tier1,4.600000,11914.120000
3,175,_24637_,generated_control,tier0,tier1,4.600000,11909.520000
3,176,_24640_,generated_control,tier0,tier1,2.600000,11906.920000
3,177,_24641_,generated_control,tier0,tier1,2.600000,11904.320000
3,178,_24642_,generated_control,tier0,tier1,2.600000,11901.720000
3,179,_24644_,generated_control,tier0,tier1,4.600000,11897.120000
3,180,_24645_,generated_control,tier0,tier1,4.600000,11892.520000
3,181,_24653_,generated_control,tier0,tier1,2.600000,11889.920000
3,182,_24654_,generated_control,tier0,tier1,1.600000,11888.320000
3,183,_24655_,generated_control,tier0,tier1,2.600000,11885.720000
3,184,_24656_,generated_control,tier0,tier1,2.600000,11883.120000
3,185,_24657_,generated_control,tier0,tier1,2.600000,11880.520000
3,186,_24658_,generated_control,tier0,tier1,2.600000,11877.920000
3,187,_24659_,generated_control,tier0,tier1,2.600000,11875.320000
3,188,_24661_,generated_control,tier0,tier1,2.600000,11872.720000
3,189,_24663_,generated_control,tier0,tier1,1.600000,11871.120000
3,190,_24664_,generated_control,tier0,tier1,1.600000,11869.520000
3,191,_24665_,generated_control,tier0,tier1,1.600000,11867.920000
3,192,_24666_,generated_control,tier0,tier1,1.600000,11866.320000
3,193,_24667_,generated_control,tier0,tier1,2.600000,11863.720000
3,194,_24668_,generated_control,tier0,tier1,1.600000,11862.120000
3,195,_24670_,generated_control,tier0,tier1,4.600000,11857.520000
3,196,_24671_,generated_control,tier0,tier1,2.600000,11854.920000
3,197,_24672_,generated_control,tier0,tier1,1.600000,11853.320000
3,198,_24673_,generated_control,tier0,tier1,1.600000,11851.720000
3,199,_24674_,generated_control,tier0,tier1,1.600000,11850.120000
3,200,_24675_,generated_control,tier0,tier1,1.600000,11848.520000
3,summary,,,,,5.400000,11014.120000
4,1,_17126_,unclassified,tier1,tier0,0.920000,11013.200000
4,2,_18038_,unclassified,tier1,tier0,2.920000,11010.280000
4,3,_24893_,unclassified,tier0,tier1,0.080000,11010.200000
4,4,_17358_,unclassified,tier0,tier1,0.040000,11010.160000
4,5,_18212_,unclassified,tier1,tier0,1.960000,11008.200000
4,6,_18561_,unclassified,tier1,tier0,1.960000,11006.240000
4,7,_20020_,unclassified,tier0,tier1,1.040000,11005.200000
4,8,_24582_,unclassified,tier1,tier0,3.960000,11001.240000
4,9,_19328_,generated_control,tier0,tier1,0.480000,11000.760000
4,10,_19400_,generated_control,tier0,tier1,2.240000,10998.520000
4,11,_19405_,generated_control,tier0,tier1,1.840000,10996.680000
4,12,_19441_,generated_control,tier0,tier1,1.840000,10994.840000
4,13,_19505_,generated_control,tier0,tier1,1.840000,10993.000000
4,14,_19547_,generated_control,tier0,tier1,1.840000,10991.160000
4,15,_17118_,generated_control,tier0,tier1,1.080000,10990.080000
4,16,_17333_,generated_control,tier0,tier1,1.080000,10989.000000
4,17,_18387_,generated_control,tier1,tier0,2.920000,10986.080000
4,18,_13755_,generated_control,tier1,tier0,1.800000,10984.280000
4,19,_13877_,generated_control,tier0,tier1,0.200000,10984.080000
4,20,_13886_,generated_control,tier1,tier0,1.800000,10982.280000
4,21,_13924_,generated_control,tier1,tier0,1.800000,10980.480000
4,22,_13962_,generated_control,tier1,tier0,1.800000,10978.680000
4,23,_14040_,generated_control,tier1,tier0,1.800000,10976.880000
4,24,_15616_,generated_control,tier0,tier1,1.200000,10975.680000
4,25,_16013_,generated_control,tier0,tier1,0.200000,10975.480000
4,26,_16855_,generated_control,tier0,tier1,2.200000,10973.280000
4,27,_17319_,generated_control,tier0,tier1,0.200000,10973.080000
4,28,_17464_,generated_control,tier0,tier1,0.200000,10972.880000
4,29,_17465_,generated_control,tier0,tier1,1.200000,10971.680000
4,30,_17469_,generated_control,tier0,tier1,0.200000,10971.480000
4,31,_17470_,generated_control,tier0,tier1,1.200000,10970.280000
4,32,_17476_,generated_control,tier0,tier1,0.200000,10970.080000
4,33,_18120_,generated_control,tier1,tier0,1.800000,10968.280000
4,34,_18384_,generated_control,tier1,tier0,1.800000,10966.480000
4,35,_18490_,generated_control,tier1,tier0,0.800000,10965.680000
4,36,_18973_,generated_control,tier0,tier1,0.200000,10965.480000
4,37,_18974_,generated_control,tier0,tier1,0.200000,10965.280000
4,38,_18975_,generated_control,tier0,tier1,1.200000,10964.080000
4,39,_19033_,generated_control,tier0,tier1,0.200000,10963.880000
4,40,_19034_,generated_control,tier0,tier1,0.200000,10963.680000
4,41,_19035_,generated_control,tier0,tier1,1.200000,10962.480000
4,42,_19045_,generated_control,tier1,tier0,0.800000,10961.680000
4,43,_19091_,generated_control,tier0,tier1,0.200000,10961.480000
4,44,_19094_,generated_control,tier0,tier1,0.200000,10961.280000
4,45,_19101_,generated_control,tier0,tier1,0.200000,10961.080000
4,46,_19102_,generated_control,tier0,tier1,0.200000,10960.880000
4,47,_19103_,generated_control,tier0,tier1,1.200000,10959.680000
4,48,_19190_,generated_control,tier0,tier1,0.200000,10959.480000
4,49,_19192_,generated_control,tier0,tier1,0.200000,10959.280000
4,50,_19193_,generated_control,tier0,tier1,1.200000,10958.080000
4,51,_19199_,generated_control,tier0,tier1,0.200000,10957.880000
4,52,_19200_,generated_control,tier0,tier1,2.200000,10955.680000
4,53,_19201_,generated_control,tier0,tier1,1.200000,10954.480000
4,54,_19823_,generated_control,tier0,tier1,0.200000,10954.280000
4,55,_19852_,generated_control,tier0,tier1,1.200000,10953.080000
4,56,_19897_,generated_control,tier0,tier1,0.200000,10952.880000
4,57,_19952_,generated_control,tier0,tier1,0.200000,10952.680000
4,58,_19954_,generated_control,tier0,tier1,0.200000,10952.480000
4,59,_19965_,generated_control,tier0,tier1,0.200000,10952.280000
4,60,_19990_,generated_control,tier0,tier1,0.200000,10952.080000
4,61,_19991_,generated_control,tier0,tier1,0.200000,10951.880000
4,62,_19996_,generated_control,tier0,tier1,0.200000,10951.680000
4,63,_20014_,generated_control,tier0,tier1,0.200000,10951.480000
4,64,_20015_,generated_control,tier0,tier1,2.200000,10949.280000
4,65,_20019_,generated_control,tier0,tier1,0.200000,10949.080000
4,66,_20037_,generated_control,tier0,tier1,2.200000,10946.880000
4,67,_20038_,generated_control,tier0,tier1,2.200000,10944.680000
4,68,_20048_,generated_control,tier0,tier1,2.200000,10942.480000
4,69,_20049_,generated_control,tier0,tier1,2.200000,10940.280000
4,70,_20053_,generated_control,tier0,tier1,2.200000,10938.080000
4,71,_22427_,generated_control,tier0,tier1,1.200000,10936.880000
4,72,_22886_,generated_control,tier1,tier0,0.800000,10936.080000
4,73,_24116_,generated_control,tier0,tier1,2.200000,10933.880000
4,74,_24118_,generated_control,tier0,tier1,0.200000,10933.680000
4,75,_24660_,generated_control,tier0,tier1,0.200000,10933.480000
4,76,_24662_,generated_control,tier0,tier1,4.200000,10929.280000
4,77,_24707_,generated_control,tier0,tier1,0.200000,10929.080000
4,78,_24708_,generated_control,tier0,tier1,2.200000,10926.880000
4,79,_24869_,generated_control,tier0,tier1,1.200000,10925.680000
4,80,_13956_,generated_control,tier0,tier1,1.320000,10924.360000
4,81,_15272_,generated_control,tier0,tier1,1.320000,10923.040000
4,82,_15315_,generated_control,tier0,tier1,0.320000,10922.720000
4,83,_15316_,generated_control,tier0,tier1,1.320000,10921.400000
4,84,_15629_,generated_control,tier0,tier1,0.320000,10921.080000
4,85,_15630_,generated_control,tier0,tier1,2.320000,10918.760000
4,86,_15786_,generated_control,tier0,tier1,3.320000,10915.440000
4,87,_15787_,generated_control,tier0,tier1,3.320000,10912.120000
4,88,_15794_,generated_control,tier0,tier1,3.320000,10908.800000
4,89,_15806_,generated_control,tier0,tier1,3.320000,10905.480000
4,90,_15807_,generated_control,tier0,tier1,3.320000,10902.160000
4,91,_15813_,generated_control,tier0,tier1,3.320000,10898.840000
4,92,_15822_,generated_control,tier0,tier1,2.320000,10896.520000
4,93,_15823_,generated_control,tier0,tier1,2.320000,10894.200000
4,94,_15833_,generated_control,tier0,tier1,3.320000,10890.880000
4,95,_15834_,generated_control,tier0,tier1,3.320000,10887.560000
4,96,_15838_,generated_control,tier0,tier1,3.320000,10884.240000
4,97,_15839_,generated_control,tier0,tier1,3.320000,10880.920000
4,98,_15844_,generated_control,tier0,tier1,3.320000,10877.600000
4,99,_15845_,generated_control,tier0,tier1,3.320000,10874.280000
4,100,_15849_,generated_control,tier0,tier1,3.320000,10870.960000
4,101,_15851_,generated_control,tier0,tier1,3.320000,10867.640000
4,102,_15852_,generated_control,tier0,tier1,3.320000,10864.320000
4,103,_15855_,generated_control,tier0,tier1,1.320000,10863.000000
4,104,_15864_,generated_control,tier0,tier1,3.320000,10859.680000
4,105,_15897_,generated_control,tier0,tier1,1.320000,10858.360000
4,106,_15898_,generated_control,tier0,tier1,2.320000,10856.040000
4,107,_15899_,generated_control,tier0,tier1,1.320000,10854.720000
4,108,_15911_,generated_control,tier0,tier1,0.320000,10854.400000
4,109,_15912_,generated_control,tier0,tier1,2.320000,10852.080000
4,110,_15913_,generated_control,tier0,tier1,3.320000,10848.760000
4,111,_15917_,generated_control,tier0,tier1,3.320000,10845.440000
4,112,_15918_,generated_control,tier0,tier1,3.320000,10842.120000
4,113,_15926_,generated_control,tier0,tier1,3.320000,10838.800000
4,114,_15927_,generated_control,tier0,tier1,3.320000,10835.480000
4,115,_15949_,generated_control,tier0,tier1,0.320000,10835.160000
4,116,_15950_,generated_control,tier0,tier1,2.320000,10832.840000
4,117,_15951_,generated_control,tier0,tier1,3.320000,10829.520000
4,118,_15954_,generated_control,tier0,tier1,1.320000,10828.200000
4,119,_15956_,generated_control,tier0,tier1,3.320000,10824.880000
4,120,_15969_,generated_control,tier0,tier1,1.320000,10823.560000
4,121,_15970_,generated_control,tier0,tier1,1.320000,10822.240000
4,122,_15972_,generated_control,tier0,tier1,1.320000,10820.920000
4,123,_15973_,generated_control,tier0,tier1,3.320000,10817.600000
4,124,_15977_,generated_control,tier0,tier1,3.320000,10814.280000
4,125,_15978_,generated_control,tier0,tier1,3.320000,10810.960000
4,126,_15986_,generated_control,tier0,tier1,0.320000,10810.640000
4,127,_15987_,generated_control,tier0,tier1,3.320000,10807.320000
4,128,_15988_,generated_control,tier0,tier1,3.320000,10804.000000
4,129,_15989_,generated_control,tier0,tier1,3.320000,10800.680000
4,130,_15997_,generated_control,tier0,tier1,3.320000,10797.360000
4,131,_16010_,generated_control,tier0,tier1,1.320000,10796.040000
4,132,_16011_,generated_control,tier0,tier1,1.320000,10794.720000
4,133,_16014_,generated_control,tier0,tier1,3.320000,10791.400000
4,134,_16018_,generated_control,tier0,tier1,3.320000,10788.080000
4,135,_16024_,generated_control,tier0,tier1,3.320000,10784.760000
4,136,_16050_,generated_control,tier0,tier1,1.320000,10783.440000
4,137,_16059_,generated_control,tier0,tier1,3.320000,10780.120000
4,138,_16071_,generated_control,tier0,tier1,3.320000,10776.800000
4,139,_16072_,generated_control,tier0,tier1,3.320000,10773.480000
4,140,_16077_,generated_control,tier0,tier1,3.320000,10770.160000
4,141,_16078_,generated_control,tier0,tier1,3.320000,10766.840000
4,142,_16112_,generated_control,tier0,tier1,3.320000,10763.520000
4,143,_16113_,generated_control,tier0,tier1,3.320000,10760.200000
4,144,_16132_,generated_control,tier0,tier1,3.320000,10756.880000
4,145,_16140_,generated_control,tier0,tier1,3.320000,10753.560000
4,146,_16141_,generated_control,tier0,tier1,3.320000,10750.240000
4,147,_16179_,generated_control,tier0,tier1,0.320000,10749.920000
4,148,_16182_,generated_control,tier0,tier1,1.320000,10748.600000
4,149,_16193_,generated_control,tier0,tier1,1.320000,10747.280000
4,150,_16194_,generated_control,tier0,tier1,3.320000,10743.960000
4,151,_16207_,generated_control,tier0,tier1,2.320000,10741.640000
4,152,_16208_,generated_control,tier0,tier1,3.320000,10738.320000
4,153,_16209_,generated_control,tier0,tier1,3.320000,10735.000000
4,154,_16211_,generated_control,tier0,tier1,3.320000,10731.680000
4,155,_16218_,generated_control,tier0,tier1,0.320000,10731.360000
4,156,_16223_,generated_control,tier0,tier1,3.320000,10728.040000
4,157,_16246_,generated_control,tier0,tier1,3.320000,10724.720000
4,158,_16256_,generated_control,tier0,tier1,1.320000,10723.400000
4,159,_16296_,generated_control,tier0,tier1,0.320000,10723.080000
4,160,_16297_,generated_control,tier0,tier1,2.320000,10720.760000
4,161,_16298_,generated_control,tier0,tier1,3.320000,10717.440000
4,162,_16321_,generated_control,tier0,tier1,3.320000,10714.120000
4,163,_16344_,generated_control,tier0,tier1,3.320000,10710.800000
4,164,_16354_,generated_control,tier0,tier1,3.320000,10707.480000
4,165,_16355_,generated_control,tier0,tier1,3.320000,10704.160000
4,166,_16366_,generated_control,tier0,tier1,3.320000,10700.840000
4,167,_16396_,generated_control,tier0,tier1,3.320000,10697.520000
4,168,_16399_,generated_control,tier0,tier1,3.320000,10694.200000
4,169,_16402_,generated_control,tier0,tier1,3.320000,10690.880000
4,170,_16405_,generated_control,tier0,tier1,3.320000,10687.560000
4,171,_16410_,generated_control,tier0,tier1,3.320000,10684.240000
4,172,_16437_,generated_control,tier0,tier1,3.320000,10680.920000
4,173,_16438_,generated_control,tier0,tier1,3.320000,10677.600000
4,174,_16450_,generated_control,tier0,tier1,3.320000,10674.280000
4,175,_16451_,generated_control,tier0,tier1,3.320000,10670.960000
4,176,_16467_,generated_control,tier0,tier1,3.320000,10667.640000
4,177,_16469_,generated_control,tier0,tier1,3.320000,10664.320000
4,178,_16471_,generated_control,tier0,tier1,3.320000,10661.000000
4,179,_16473_,generated_control,tier0,tier1,1.320000,10659.680000
4,180,_16474_,generated_control,tier0,tier1,3.320000,10656.360000
4,181,_16480_,generated_control,tier0,tier1,3.320000,10653.040000
4,182,_16484_,generated_control,tier0,tier1,3.320000,10649.720000
4,183,_16508_,generated_control,tier0,tier1,3.320000,10646.400000
4,184,_16509_,generated_control,tier0,tier1,3.320000,10643.080000
4,185,_16514_,generated_control,tier0,tier1,3.320000,10639.760000
4,186,_16520_,generated_control,tier0,tier1,3.320000,10636.440000
4,187,_16521_,generated_control,tier0,tier1,3.320000,10633.120000
4,188,_16540_,generated_control,tier0,tier1,2.320000,10630.800000
4,189,_16544_,generated_control,tier0,tier1,2.320000,10628.480000
4,190,_16545_,generated_control,tier0,tier1,1.320000,10627.160000
4,191,_16546_,generated_control,tier0,tier1,3.320000,10623.840000
4,192,_16550_,generated_control,tier0,tier1,1.320000,10622.520000
4,193,_16552_,generated_control,tier0,tier1,1.320000,10621.200000
4,194,_16555_,generated_control,tier0,tier1,3.320000,10617.880000
4,195,_16556_,generated_control,tier0,tier1,3.320000,10614.560000
4,196,_16577_,generated_control,tier0,tier1,3.320000,10611.240000
4,197,_16587_,generated_control,tier0,tier1,2.320000,10608.920000
4,198,_16588_,generated_control,tier0,tier1,1.320000,10607.600000
4,199,_16606_,generated_control,tier0,tier1,1.320000,10606.280000
4,200,_16607_,generated_control,tier0,tier1,3.320000,10602.960000
4,summary,,,,,5.400000,10335.160000
