cell_type,category,count
sky130_fd_sc_hd__a211o_1,combinational,3
sky130_fd_sc_hd__a211oi_1,combinational,2
sky130_fd_sc_hd__a21boi_0,combinational,1
sky130_fd_sc_hd__a21o_1,combinational,2
sky130_fd_sc_hd__a21oi_1,combinational,24
sky130_fd_sc_hd__a21oi_2,combinational,1
sky130_fd_sc_hd__a221oi_2,combinational,1
sky130_fd_sc_hd__a22o_1,combinational,1
sky130_fd_sc_hd__a22oi_1,combinational,6
sky130_fd_sc_hd__a311oi_1,combinational,1
sky130_fd_sc_hd__a31o_2,combinational,1
sky130_fd_sc_hd__a31oi_1,combinational,4
sky130_fd_sc_hd__a31oi_2,combinational,1
sky130_fd_sc_hd__a32oi_1,combinational,1
sky130_fd_sc_hd__a41o_1,combinational,1
sky130_fd_sc_hd__a41oi_1,combinational,1
sky130_fd_sc_hd__and2_1,combinational,9
sky130_fd_sc_hd__and3_1,combinational,4
sky130_fd_sc_hd__and4_1,combinational,1
sky130_fd_sc_hd__and4b_1,combinational,1
sky130_fd_sc_hd__buf_4,buffer,10
sky130_fd_sc_hd__bufinv_16,buffer,1
sky130_fd_sc_hd__clkbuf_1,clock_buffer,1
sky130_fd_sc_hd__clkbuf_16,clock_buffer,17
sky130_fd_sc_hd__clkdlybuf4s50_1,buffer,192
sky130_fd_sc_hd__clkinv_1,clock_buffer,1
sky130_fd_sc_hd__clkinv_4,clock_buffer,3
sky130_fd_sc_hd__clkinv_8,clock_buffer,2
sky130_fd_sc_hd__clkinvlp_4,clock_buffer,2
sky130_fd_sc_hd__conb_1,combinational,2
sky130_fd_sc_hd__dfxtp_1,sequential,30
sky130_fd_sc_hd__edfxtp_1,sequential,151
sky130_fd_sc_hd__fa_1,combinational,4
sky130_fd_sc_hd__ha_1,combinational,9
sky130_fd_sc_hd__inv_1,inverter,31
sky130_fd_sc_hd__inv_2,inverter,1
sky130_fd_sc_hd__inv_6,inverter,2
sky130_fd_sc_hd__inv_8,inverter,4
sky130_fd_sc_hd__mux2_2,combinational,43
sky130_fd_sc_hd__mux2_4,combinational,1
sky130_fd_sc_hd__mux2i_1,combinational,7
sky130_fd_sc_hd__mux4_2,combinational,1
sky130_fd_sc_hd__nand2_1,combinational,65
sky130_fd_sc_hd__nand2b_1,combinational,4
sky130_fd_sc_hd__nand3_1,combinational,16
sky130_fd_sc_hd__nand3_2,combinational,1
sky130_fd_sc_hd__nand3b_1,combinational,2
sky130_fd_sc_hd__nand4_1,combinational,2
sky130_fd_sc_hd__nand4_4,combinational,1
sky130_fd_sc_hd__nor2_1,combinational,41
sky130_fd_sc_hd__nor2_2,combinational,2
sky130_fd_sc_hd__nor2b_1,combinational,45
sky130_fd_sc_hd__nor3_1,combinational,8
sky130_fd_sc_hd__nor3_4,combinational,1
sky130_fd_sc_hd__nor3b_1,combinational,1
sky130_fd_sc_hd__nor4_1,combinational,10
sky130_fd_sc_hd__nor4_2,combinational,1
sky130_fd_sc_hd__nor4_4,combinational,1
sky130_fd_sc_hd__o211a_1,combinational,1
sky130_fd_sc_hd__o211ai_1,combinational,6
sky130_fd_sc_hd__o21a_1,combinational,6
sky130_fd_sc_hd__o21ai_0,combinational,39
sky130_fd_sc_hd__o21ai_1,combinational,1
sky130_fd_sc_hd__o21ai_2,combinational,1
sky130_fd_sc_hd__o21bai_2,combinational,1
sky130_fd_sc_hd__o221a_2,combinational,1
sky130_fd_sc_hd__o221ai_1,combinational,2
sky130_fd_sc_hd__o22ai_1,combinational,5
sky130_fd_sc_hd__o311a_1,combinational,1
sky130_fd_sc_hd__o311ai_0,combinational,2
sky130_fd_sc_hd__o311ai_4,combinational,1
sky130_fd_sc_hd__o31a_1,combinational,1
sky130_fd_sc_hd__o31ai_1,combinational,1
sky130_fd_sc_hd__o31ai_2,combinational,1
sky130_fd_sc_hd__o32ai_1,combinational,1
sky130_fd_sc_hd__o41ai_1,combinational,1
sky130_fd_sc_hd__o41ai_4,combinational,1
sky130_fd_sc_hd__or2_2,combinational,3
sky130_fd_sc_hd__or3_1,combinational,4
sky130_fd_sc_hd__or3b_2,combinational,1
sky130_fd_sc_hd__or4_1,combinational,1
sky130_fd_sc_hd__xnor2_1,combinational,9
sky130_fd_sc_hd__xor2_1,combinational,4
