architecture_unit,instance_count,placed_count,placed_fraction,mean_norm_x,mean_norm_y,top_region,top_region_fraction,mean_net_fanout,mean_net_hpwl_um,mean_max_net_hpwl_um,total_net_hpwl_um,clock_reset_net_count,high_fanout_net_count,long_net_count_p75,very_long_net_count_p90
generated_control,7021,6861,0.977211,0.472516,0.479617,middle_west,0.137445,9.719,88.709,202.880,1973905.940,0,6349,11890,7554
generated_datapath,5444,5235,0.961609,0.580467,0.438370,south_east,0.237325,9.296,79.755,193.913,1886371.900,0,6722,11417,7824
register_file,1260,96,0.076190,0.345160,0.432807,unplaced,0.923810,15.033,16.155,50.558,76677.920,992,2306,728,343
clock_reset,535,491,0.917757,0.455597,0.509772,north_west,0.164486,9.530,81.888,139.262,84681.660,265,518,440,337
csr,450,26,0.057778,0.263779,0.796467,unplaced,0.942222,12.939,42.741,139.263,76765.600,0,835,553,240
unclassified,328,324,0.987805,0.491791,0.452808,middle_west,0.295732,10.276,83.114,215.213,142302.220,0,570,937,658
fetch,212,85,0.400943,0.232188,0.895277,unplaced,0.599057,8.656,31.502,77.340,24704.840,0,265,213,116
pipeline_state,188,25,0.132979,0.207982,0.669778,unplaced,0.867021,14.185,25.899,80.924,19242.420,1,375,189,71
load_store,98,60,0.612245,0.512267,0.693024,unplaced,0.387755,6.893,67.310,145.949,17149.560,0,88,136,60
decode_control,27,26,0.962963,0.220047,0.756920,north_west,0.925926,6.823,54.262,112.423,5586.620,0,20,67,23
trap_debug,26,26,1.000000,0.432540,0.941744,north_center,0.730769,3.334,45.410,99.608,3953.900,0,9,37,15
execute_alu,7,3,0.428571,0.709372,0.584253,unplaced,0.571429,2.000,20.865,49.537,407.700,0,0,3,1
multdiv,5,5,1.000000,0.860436,0.440054,middle_east,1.000000,5.917,86.588,171.136,1792.360,0,6,11,9
