design,scenario,unit_a,unit_b,crossing_net_count,fraction_of_crossing_nets
ibex,state_and_clock_protected,generated_control,generated_control,4515,0.835647
ibex,state_and_clock_protected,generated_datapath,generated_datapath,3784,0.700352
ibex,state_and_clock_protected,generated_control,generated_datapath,3041,0.562835
ibex,state_and_clock_protected,register_file,register_file,1299,0.240422
ibex,state_and_clock_protected,generated_control,register_file,1175,0.217472
ibex,state_and_clock_protected,unclassified,unclassified,395,0.073108
ibex,state_and_clock_protected,csr,csr,306,0.056635
ibex,state_and_clock_protected,generated_control,unclassified,298,0.055155
ibex,state_and_clock_protected,csr,generated_datapath,294,0.054414
ibex,state_and_clock_protected,generated_datapath,unclassified,245,0.045345
ibex,state_and_clock_protected,csr,generated_control,164,0.030354
ibex,state_and_clock_protected,clock_reset,clock_reset,163,0.030168
ibex,state_and_clock_protected,pipeline_state,pipeline_state,122,0.022580
ibex,state_and_clock_protected,fetch,fetch,116,0.021470
ibex,state_and_clock_protected,generated_datapath,pipeline_state,105,0.019434
ibex,state_and_clock_protected,generated_datapath,register_file,98,0.018138
ibex,state_and_clock_protected,fetch,generated_datapath,87,0.016102
ibex,state_and_clock_protected,clock_reset,register_file,80,0.014807
ibex,state_and_clock_protected,fetch,generated_control,78,0.014436
ibex,state_and_clock_protected,load_store,load_store,75,0.013881
ibex,state_and_clock_protected,generated_control,pipeline_state,72,0.013326
ibex,state_and_clock_protected,clock_reset,generated_datapath,65,0.012030
ibex,state_and_clock_protected,clock_reset,generated_control,63,0.011660
ibex,state_and_clock_protected,register_file,unclassified,62,0.011475
ibex,state_and_clock_protected,generated_control,load_store,61,0.011290
ibex,state_and_clock_protected,generated_datapath,load_store,38,0.007033
ibex,state_and_clock_protected,clock_reset,pipeline_state,15,0.002776
ibex,state_and_clock_protected,decode_control,decode_control,14,0.002591
ibex,state_and_clock_protected,decode_control,generated_datapath,13,0.002406
ibex,state_and_clock_protected,clock_reset,unclassified,12,0.002221
ibex,state_and_clock_protected,clock_reset,fetch,12,0.002221
ibex,state_and_clock_protected,clock_reset,load_store,12,0.002221
ibex,state_and_clock_protected,trap_debug,trap_debug,12,0.002221
ibex,state_and_clock_protected,fetch,register_file,11,0.002036
ibex,state_and_clock_protected,fetch,unclassified,10,0.001851
ibex,state_and_clock_protected,pipeline_state,unclassified,10,0.001851
ibex,state_and_clock_protected,generated_datapath,trap_debug,10,0.001851
ibex,state_and_clock_protected,decode_control,generated_control,9,0.001666
ibex,state_and_clock_protected,load_store,unclassified,8,0.001481
ibex,state_and_clock_protected,multdiv,multdiv,6,0.001110
ibex,state_and_clock_protected,generated_control,trap_debug,6,0.001110
ibex,state_and_clock_protected,pipeline_state,register_file,6,0.001110
ibex,state_and_clock_protected,clock_reset,csr,6,0.001110
ibex,state_and_clock_protected,generated_control,multdiv,5,0.000925
ibex,state_and_clock_protected,fetch,pipeline_state,5,0.000925
ibex,state_and_clock_protected,load_store,register_file,5,0.000925
ibex,state_and_clock_protected,csr,load_store,5,0.000925
ibex,state_and_clock_protected,generated_datapath,multdiv,4,0.000740
ibex,state_and_clock_protected,csr,fetch,4,0.000740
ibex,state_and_clock_protected,decode_control,fetch,3,0.000555
ibex,state_and_clock_protected,csr,trap_debug,3,0.000555
ibex,state_and_clock_protected,execute_alu,execute_alu,3,0.000555
ibex,state_and_clock_protected,multdiv,pipeline_state,2,0.000370
ibex,state_and_clock_protected,decode_control,unclassified,2,0.000370
ibex,state_and_clock_protected,execute_alu,generated_control,2,0.000370
ibex,state_and_clock_protected,multdiv,unclassified,2,0.000370
ibex,state_and_clock_protected,csr,unclassified,2,0.000370
ibex,state_and_clock_protected,csr,pipeline_state,2,0.000370
ibex,state_and_clock_protected,csr,register_file,2,0.000370
ibex,state_and_clock_protected,fetch,multdiv,1,0.000185
ibex,state_and_clock_protected,decode_control,pipeline_state,1,0.000185
ibex,state_and_clock_protected,csr,decode_control,1,0.000185
ibex,state_and_clock_protected,execute_alu,load_store,1,0.000185
ibex,state_and_clock_protected,load_store,pipeline_state,1,0.000185
ibex,memory_near_logic,generated_control,generated_control,4383,0.858738
ibex,memory_near_logic,generated_datapath,generated_datapath,3474,0.680643
ibex,memory_near_logic,generated_control,generated_datapath,2899,0.567986
ibex,memory_near_logic,register_file,register_file,1298,0.254310
ibex,memory_near_logic,generated_control,register_file,1178,0.230799
ibex,memory_near_logic,csr,csr,459,0.089929
ibex,memory_near_logic,csr,generated_datapath,445,0.087187
ibex,memory_near_logic,unclassified,unclassified,373,0.073080
ibex,memory_near_logic,generated_control,unclassified,281,0.055055
ibex,memory_near_logic,csr,generated_control,277,0.054271
ibex,memory_near_logic,generated_datapath,unclassified,221,0.043299
ibex,memory_near_logic,clock_reset,clock_reset,198,0.038793
ibex,memory_near_logic,pipeline_state,pipeline_state,163,0.031936
ibex,memory_near_logic,generated_datapath,pipeline_state,138,0.027038
ibex,memory_near_logic,generated_datapath,register_file,108,0.021160
ibex,memory_near_logic,fetch,fetch,107,0.020964
ibex,memory_near_logic,clock_reset,generated_control,100,0.019592
ibex,memory_near_logic,clock_reset,generated_datapath,99,0.019397
ibex,memory_near_logic,generated_control,pipeline_state,89,0.017437
ibex,memory_near_logic,fetch,generated_datapath,82,0.016066
ibex,memory_near_logic,clock_reset,register_file,73,0.014303
ibex,memory_near_logic,fetch,generated_control,70,0.013715
ibex,memory_near_logic,register_file,unclassified,60,0.011755
ibex,memory_near_logic,load_store,load_store,41,0.008033
ibex,memory_near_logic,generated_control,load_store,29,0.005682
ibex,memory_near_logic,clock_reset,csr,21,0.004114
ibex,memory_near_logic,clock_reset,pipeline_state,16,0.003135
ibex,memory_near_logic,clock_reset,fetch,15,0.002939
ibex,memory_near_logic,clock_reset,unclassified,15,0.002939
ibex,memory_near_logic,trap_debug,trap_debug,15,0.002939
ibex,memory_near_logic,generated_datapath,trap_debug,14,0.002743
ibex,memory_near_logic,generated_datapath,load_store,14,0.002743
ibex,memory_near_logic,pipeline_state,unclassified,13,0.002547
ibex,memory_near_logic,clock_reset,load_store,13,0.002547
ibex,memory_near_logic,generated_control,trap_debug,12,0.002351
ibex,memory_near_logic,fetch,unclassified,9,0.001763
ibex,memory_near_logic,fetch,register_file,9,0.001763
ibex,memory_near_logic,decode_control,decode_control,8,0.001567
ibex,memory_near_logic,fetch,pipeline_state,7,0.001371
ibex,memory_near_logic,pipeline_state,register_file,7,0.001371
ibex,memory_near_logic,multdiv,multdiv,6,0.001176
ibex,memory_near_logic,decode_control,generated_datapath,6,0.001176
ibex,memory_near_logic,load_store,unclassified,6,0.001176
ibex,memory_near_logic,generated_control,multdiv,5,0.000980
ibex,memory_near_logic,decode_control,generated_control,5,0.000980
ibex,memory_near_logic,csr,fetch,5,0.000980
ibex,memory_near_logic,csr,load_store,5,0.000980
ibex,memory_near_logic,generated_datapath,multdiv,4,0.000784
ibex,memory_near_logic,load_store,register_file,4,0.000784
ibex,memory_near_logic,csr,pipeline_state,3,0.000588
ibex,memory_near_logic,csr,register_file,3,0.000588
ibex,memory_near_logic,multdiv,pipeline_state,2,0.000392
ibex,memory_near_logic,execute_alu,execute_alu,2,0.000392
ibex,memory_near_logic,multdiv,unclassified,2,0.000392
ibex,memory_near_logic,fetch,multdiv,1,0.000196
ibex,memory_near_logic,decode_control,fetch,1,0.000196
ibex,memory_near_logic,decode_control,unclassified,1,0.000196
ibex,memory_near_logic,decode_control,pipeline_state,1,0.000196
ibex,memory_near_logic,execute_alu,generated_control,1,0.000196
ibex,memory_near_logic,csr,unclassified,1,0.000196
ibex,memory_near_logic,csr,trap_debug,1,0.000196
ibex,memory_near_logic,fetch,load_store,1,0.000196
ibex,memory_near_logic,load_store,pipeline_state,1,0.000196
ibex,control_datapath_split,generated_control,generated_control,4346,0.861276
ibex,control_datapath_split,generated_datapath,generated_datapath,3421,0.677963
ibex,control_datapath_split,generated_control,generated_datapath,2819,0.558660
ibex,control_datapath_split,register_file,register_file,1327,0.262981
ibex,control_datapath_split,generated_control,register_file,1246,0.246928
ibex,control_datapath_split,csr,csr,419,0.083036
ibex,control_datapath_split,csr,generated_datapath,403,0.079865
ibex,control_datapath_split,unclassified,unclassified,358,0.070947
ibex,control_datapath_split,generated_control,unclassified,273,0.054102
ibex,control_datapath_split,csr,generated_control,231,0.045779
ibex,control_datapath_split,generated_datapath,unclassified,202,0.040032
ibex,control_datapath_split,pipeline_state,pipeline_state,163,0.032303
ibex,control_datapath_split,clock_reset,clock_reset,142,0.028141
ibex,control_datapath_split,generated_datapath,pipeline_state,138,0.027348
ibex,control_datapath_split,generated_datapath,register_file,121,0.023979
ibex,control_datapath_split,fetch,fetch,98,0.019421
ibex,control_datapath_split,clock_reset,generated_control,96,0.019025
ibex,control_datapath_split,clock_reset,generated_datapath,94,0.018629
ibex,control_datapath_split,generated_control,pipeline_state,90,0.017836
ibex,control_datapath_split,fetch,generated_datapath,75,0.014863
ibex,control_datapath_split,fetch,generated_control,70,0.013872
ibex,control_datapath_split,load_store,load_store,65,0.012881
ibex,control_datapath_split,register_file,unclassified,59,0.011692
ibex,control_datapath_split,generated_control,load_store,54,0.010702
ibex,control_datapath_split,generated_datapath,load_store,31,0.006143
ibex,control_datapath_split,clock_reset,csr,19,0.003765
ibex,control_datapath_split,clock_reset,register_file,19,0.003765
ibex,control_datapath_split,clock_reset,unclassified,16,0.003171
ibex,control_datapath_split,clock_reset,pipeline_state,15,0.002973
ibex,control_datapath_split,clock_reset,fetch,13,0.002576
ibex,control_datapath_split,pipeline_state,unclassified,13,0.002576
ibex,control_datapath_split,trap_debug,trap_debug,11,0.002180
ibex,control_datapath_split,clock_reset,load_store,10,0.001982
ibex,control_datapath_split,fetch,register_file,9,0.001784
ibex,control_datapath_split,generated_datapath,trap_debug,9,0.001784
ibex,control_datapath_split,fetch,pipeline_state,7,0.001387
ibex,control_datapath_split,generated_control,trap_debug,7,0.001387
ibex,control_datapath_split,load_store,unclassified,7,0.001387
ibex,control_datapath_split,pipeline_state,register_file,7,0.001387
ibex,control_datapath_split,fetch,unclassified,6,0.001189
ibex,control_datapath_split,multdiv,multdiv,6,0.001189
ibex,control_datapath_split,csr,load_store,6,0.001189
ibex,control_datapath_split,generated_control,multdiv,5,0.000991
ibex,control_datapath_split,decode_control,decode_control,5,0.000991
ibex,control_datapath_split,csr,fetch,5,0.000991
ibex,control_datapath_split,generated_datapath,multdiv,4,0.000793
ibex,control_datapath_split,decode_control,generated_datapath,4,0.000793
ibex,control_datapath_split,csr,trap_debug,4,0.000793
ibex,control_datapath_split,decode_control,generated_control,3,0.000595
ibex,control_datapath_split,execute_alu,execute_alu,3,0.000595
ibex,control_datapath_split,csr,pipeline_state,3,0.000595
ibex,control_datapath_split,csr,register_file,3,0.000595
ibex,control_datapath_split,load_store,register_file,3,0.000595
ibex,control_datapath_split,multdiv,pipeline_state,2,0.000396
ibex,control_datapath_split,csr,unclassified,2,0.000396
ibex,control_datapath_split,execute_alu,generated_control,2,0.000396
ibex,control_datapath_split,multdiv,unclassified,2,0.000396
ibex,control_datapath_split,fetch,multdiv,1,0.000198
ibex,control_datapath_split,decode_control,fetch,1,0.000198
ibex,control_datapath_split,decode_control,unclassified,1,0.000198
ibex,control_datapath_split,decode_control,pipeline_state,1,0.000198
ibex,control_datapath_split,execute_alu,load_store,1,0.000198
ibex,control_datapath_split,fetch,load_store,1,0.000198
ibex,control_datapath_split,load_store,pipeline_state,1,0.000198
