design,scenario,architecture_unit,semantic_group,tier0_count,tier1_count,total_count,tier0_fraction,tier_dominance,dominant_tier
ibex,state_and_clock_protected,clock_reset,control,399,136,535,0.745794,0.491589,tier0
ibex,state_and_clock_protected,csr,control,442,8,450,0.982222,0.964444,tier0
ibex,state_and_clock_protected,decode_control,control,27,0,27,1.000000,1.000000,tier0
ibex,state_and_clock_protected,execute_alu,datapath,1,6,7,0.142857,0.714286,tier1
ibex,state_and_clock_protected,fetch,control,200,12,212,0.943396,0.886792,tier0
ibex,state_and_clock_protected,generated_control,infrastructure,5183,1838,7021,0.738214,0.476428,tier0
ibex,state_and_clock_protected,generated_datapath,infrastructure,1503,3941,5444,0.276084,0.447832,tier1
ibex,state_and_clock_protected,load_store,datapath,24,74,98,0.244898,0.510204,tier1
ibex,state_and_clock_protected,multdiv,datapath,4,1,5,0.800000,0.600000,tier0
ibex,state_and_clock_protected,pipeline_state,control,186,2,188,0.989362,0.978723,tier0
ibex,state_and_clock_protected,register_file,datapath,47,1213,1260,0.037302,0.925397,tier1
ibex,state_and_clock_protected,trap_debug,control,17,9,26,0.653846,0.307692,tier0
ibex,state_and_clock_protected,unclassified,infrastructure,155,173,328,0.472561,0.054878,tier1
ibex,memory_near_logic,clock_reset,control,383,152,535,0.715888,0.431776,tier0
ibex,memory_near_logic,csr,control,439,11,450,0.975556,0.951111,tier0
ibex,memory_near_logic,decode_control,control,24,3,27,0.888889,0.777778,tier0
ibex,memory_near_logic,execute_alu,datapath,1,6,7,0.142857,0.714286,tier1
ibex,memory_near_logic,fetch,control,203,9,212,0.957547,0.915094,tier0
ibex,memory_near_logic,generated_control,infrastructure,5088,1933,7021,0.724683,0.449366,tier0
ibex,memory_near_logic,generated_datapath,infrastructure,1411,4033,5444,0.259184,0.481631,tier1
ibex,memory_near_logic,load_store,datapath,19,79,98,0.193878,0.612245,tier1
ibex,memory_near_logic,multdiv,datapath,4,1,5,0.800000,0.600000,tier0
ibex,memory_near_logic,pipeline_state,control,185,3,188,0.984043,0.968085,tier0
ibex,memory_near_logic,register_file,datapath,53,1207,1260,0.042063,0.915873,tier1
ibex,memory_near_logic,trap_debug,control,18,8,26,0.692308,0.384615,tier0
ibex,memory_near_logic,unclassified,infrastructure,155,173,328,0.472561,0.054878,tier1
ibex,control_datapath_split,clock_reset,control,321,214,535,0.600000,0.200000,tier0
ibex,control_datapath_split,csr,control,441,9,450,0.980000,0.960000,tier0
ibex,control_datapath_split,decode_control,control,24,3,27,0.888889,0.777778,tier0
ibex,control_datapath_split,execute_alu,datapath,1,6,7,0.142857,0.714286,tier1
ibex,control_datapath_split,fetch,control,199,13,212,0.938679,0.877358,tier0
ibex,control_datapath_split,generated_control,infrastructure,5107,1914,7021,0.727389,0.454779,tier0
ibex,control_datapath_split,generated_datapath,infrastructure,1437,4007,5444,0.263960,0.472079,tier1
ibex,control_datapath_split,load_store,datapath,20,78,98,0.204082,0.591837,tier1
ibex,control_datapath_split,multdiv,datapath,4,1,5,0.800000,0.600000,tier0
ibex,control_datapath_split,pipeline_state,control,185,3,188,0.984043,0.968085,tier0
ibex,control_datapath_split,register_file,datapath,46,1214,1260,0.036508,0.926984,tier1
ibex,control_datapath_split,trap_debug,control,18,8,26,0.692308,0.384615,tier0
ibex,control_datapath_split,unclassified,infrastructure,151,177,328,0.460366,0.079268,tier1
