design,scenario,architecture_unit,crossing_net_count,fraction_of_crossing_nets
riscv32i,state_and_clock_protected,generated_control,1473,0.929924
riscv32i,state_and_clock_protected,generated_datapath,1108,0.699495
riscv32i,state_and_clock_protected,pipeline_state,302,0.190657
riscv32i,state_and_clock_protected,execute_alu,275,0.173611
riscv32i,state_and_clock_protected,unclassified,188,0.118687
riscv32i,state_and_clock_protected,fetch,16,0.010101
riscv32i,state_and_clock_protected,clock_reset,12,0.007576
riscv32i,memory_near_logic,generated_control,1411,0.924034
riscv32i,memory_near_logic,generated_datapath,1028,0.673215
riscv32i,memory_near_logic,pipeline_state,326,0.213491
riscv32i,memory_near_logic,execute_alu,259,0.169614
riscv32i,memory_near_logic,unclassified,182,0.119188
riscv32i,memory_near_logic,fetch,17,0.011133
riscv32i,memory_near_logic,clock_reset,14,0.009168
riscv32i,control_datapath_split,generated_control,1408,0.922674
riscv32i,control_datapath_split,generated_datapath,1036,0.678899
riscv32i,control_datapath_split,pipeline_state,329,0.215596
riscv32i,control_datapath_split,execute_alu,242,0.158585
riscv32i,control_datapath_split,unclassified,184,0.120577
riscv32i,control_datapath_split,fetch,14,0.009174
riscv32i,control_datapath_split,clock_reset,14,0.009174
