strategy,architecture_class,tier0_count,tier1_count,total_count,tier0_fraction,tier1_fraction
generic_balance,clock_reset,99,98,197,0.502538,0.497462
generic_balance,execute_alu,221,211,432,0.511574,0.488426
generic_balance,fetch,16,16,32,0.500000,0.500000
generic_balance,generated_control,1283,1277,2560,0.501172,0.498828
generic_balance,generated_datapath,687,707,1394,0.492826,0.507174
generic_balance,pipeline_state,464,464,928,0.500000,0.500000
generic_balance,unclassified,99,95,194,0.510309,0.489691
architecture_aware_v1,clock_reset,197,0,197,1.000000,0.000000
architecture_aware_v1,execute_alu,0,432,432,0.000000,1.000000
architecture_aware_v1,fetch,32,0,32,1.000000,0.000000
architecture_aware_v1,generated_control,2560,0,2560,1.000000,0.000000
architecture_aware_v1,generated_datapath,0,1394,1394,0.000000,1.000000
architecture_aware_v1,pipeline_state,928,0,928,1.000000,0.000000
architecture_aware_v1,unclassified,0,194,194,0.000000,1.000000
architecture_score_v2,clock_reset,184,13,197,0.934010,0.065990
architecture_score_v2,execute_alu,96,336,432,0.222222,0.777778
architecture_score_v2,fetch,19,13,32,0.593750,0.406250
architecture_score_v2,generated_control,1372,1188,2560,0.535937,0.464062
architecture_score_v2,generated_datapath,210,1184,1394,0.150646,0.849354
architecture_score_v2,pipeline_state,927,1,928,0.998922,0.001078
architecture_score_v2,unclassified,33,161,194,0.170103,0.829897
