pass,move_index,instance,architecture_unit,from_tier,to_tier,gain,scenario_gain,physical_gain,instance_balance_after,weight_balance_after
1,1,_18652_,unclassified,tier1,tier0,10.637392,9.761418,0.875974,0.905117,0.959000
1,2,load_store_unit_i.data_sign_ext_q$_DFFE_PN0P_,load_store,tier1,tier0,12.705019,12.615685,0.089334,0.904884,0.958692
1,3,_14365_,generated_datapath,tier1,tier0,12.892307,12.018307,0.874000,0.904651,0.958384
1,4,_19182_,generated_datapath,tier1,tier0,5.446067,5.270139,0.175928,0.904419,0.958076
1,5,_19317_,generated_datapath,tier1,tier0,5.430221,5.255672,0.174549,0.904187,0.957768
1,6,_19466_,generated_datapath,tier1,tier0,5.225871,4.649206,0.576665,0.903954,0.957460
1,7,_14357_,generated_datapath,tier1,tier0,1.870986,1.705331,0.165655,0.903722,0.957153
1,8,_14373_,generated_datapath,tier1,tier0,7.760338,7.058223,0.702115,0.903490,0.956845
1,9,_14379_,generated_datapath,tier1,tier0,1.939330,1.626943,0.312387,0.903257,0.956538
1,10,_14221_,generated_datapath,tier1,tier0,12.308388,11.351511,0.956877,0.903025,0.956230
1,11,_14213_,generated_datapath,tier1,tier0,18.513617,17.201105,1.312512,0.902793,0.955923
1,12,_14229_,generated_datapath,tier1,tier0,24.102028,22.525469,1.576559,0.902561,0.955616
1,13,_22352_,generated_datapath,tier1,tier0,10.821335,10.695305,0.126030,0.902329,0.955309
1,14,_14182_,generated_datapath,tier1,tier0,12.701232,12.004312,0.696920,0.902097,0.955002
1,15,_22454_,generated_datapath,tier1,tier0,11.308599,11.164240,0.144359,0.901865,0.954695
1,16,_423_,generated_datapath,tier1,tier0,3.083030,3.038452,0.044578,0.901633,0.954389
1,17,_14234_,generated_datapath,tier1,tier0,13.736847,12.875640,0.861206,0.901402,0.954082
1,18,_19187_,generated_control,tier1,tier0,5.031968,4.840961,0.191006,0.901170,0.953775
1,19,_19322_,generated_control,tier1,tier0,5.022867,4.840999,0.181868,0.900938,0.953469
1,20,_19471_,generated_control,tier1,tier0,5.012348,4.833483,0.178865,0.900707,0.953163
1,21,_298_,generated_datapath,tier1,tier0,2.881202,2.867760,0.013442,0.900475,0.952907
1,22,_305_,generated_datapath,tier1,tier0,2.882422,2.865828,0.016594,0.900244,0.952652
1,23,_307_,generated_datapath,tier1,tier0,11.722487,11.684481,0.038006,0.900012,0.952397
1,24,_20879_,generated_datapath,tier1,tier0,1.119350,0.962165,0.157185,0.899781,0.952142
1,25,_20978_,generated_datapath,tier1,tier0,1.120706,0.962200,0.158506,0.899549,0.951887
1,26,_294_,generated_datapath,tier1,tier0,3.019594,3.000055,0.019539,0.899318,0.951632
1,27,_316_,generated_datapath,tier1,tier0,3.014305,3.000446,0.013859,0.899087,0.951377
1,28,_327_,generated_datapath,tier1,tier0,7.387540,7.356671,0.030869,0.898856,0.951123
1,29,_339_,generated_datapath,tier1,tier0,3.034248,3.019973,0.014275,0.898625,0.950868
1,30,_15755_,generated_datapath,tier1,tier0,3.419594,3.294865,0.124730,0.898394,0.950613
1,31,_15848_,generated_datapath,tier1,tier0,7.956033,7.708492,0.247541,0.898163,0.950359
1,32,_16002_,generated_datapath,tier1,tier0,3.572448,3.446059,0.126389,0.897932,0.950104
1,33,_296_,generated_datapath,tier1,tier0,7.441254,7.413328,0.027925,0.897701,0.949850
1,34,_318_,generated_datapath,tier1,tier0,11.873321,11.831121,0.042200,0.897470,0.949596
1,35,_387_,generated_datapath,tier1,tier0,3.035491,3.021528,0.013963,0.897239,0.949341
1,36,_630_,generated_datapath,tier1,tier0,3.115309,3.098403,0.016906,0.897009,0.949087
1,37,_641_,generated_datapath,tier1,tier0,11.943663,11.899247,0.044415,0.896778,0.948833
1,38,_283_,generated_datapath,tier1,tier0,7.505800,7.465641,0.040159,0.896548,0.948579
1,39,_385_,generated_datapath,tier1,tier0,3.093958,3.076115,0.017843,0.896317,0.948325
1,40,_361_,generated_datapath,tier1,tier0,7.483926,7.446648,0.037278,0.896087,0.948071
1,41,_549_,generated_datapath,tier1,tier0,3.214325,3.192496,0.021828,0.895856,0.947817
1,42,_363_,generated_datapath,tier1,tier0,12.214572,12.172372,0.042200,0.895626,0.947563
1,43,_410_,generated_datapath,tier1,tier0,3.119186,3.106565,0.012621,0.895395,0.947309
1,44,_22905_,generated_datapath,tier1,tier0,4.145831,3.706751,0.439080,0.895165,0.947056
1,45,_19217_,generated_datapath,tier1,tier0,4.071284,3.679584,0.391700,0.894935,0.946802
1,46,_14366_,generated_datapath,tier1,tier0,9.594916,8.720430,0.874486,0.894705,0.946549
1,47,_412_,generated_datapath,tier1,tier0,3.316919,3.300325,0.016594,0.894475,0.946295
1,48,_22898_,generated_datapath,tier1,tier0,6.929660,6.618778,0.310882,0.894245,0.946042
1,49,_14382_,generated_datapath,tier1,tier0,1.321080,1.174132,0.146947,0.894015,0.945788
1,50,_22363_,generated_control,tier0,tier1,0.338898,-0.046561,0.385459,0.894245,0.946042
1,51,_16335_,generated_control,tier0,tier1,16.621443,15.869657,0.751787,0.894475,0.946295
1,52,_24869_,generated_control,tier0,tier1,0.942973,1.166464,-0.223492,0.894705,0.946549
1,53,_14359_,generated_control,tier1,tier0,1.927479,1.851295,0.076184,0.894475,0.946295
1,54,_14367_,generated_control,tier1,tier0,1.966076,1.877893,0.088183,0.894245,0.946042
1,55,_14375_,generated_control,tier1,tier0,1.928717,1.851364,0.077353,0.894015,0.945788
1,56,_461_,generated_control,tier1,tier0,0.697562,0.696105,0.001457,0.893785,0.945535
1,57,_20011_,generated_control,tier1,tier0,0.555075,0.524398,0.030677,0.893555,0.945282
1,58,_13551_,generated_control,tier0,tier1,0.109735,-0.049554,0.159289,0.893785,0.945535
1,59,_15682_,generated_datapath,tier1,tier0,3.136000,3.011494,0.124506,0.893555,0.945332
1,60,_15710_,generated_datapath,tier1,tier0,3.178133,3.052616,0.125517,0.893325,0.945130
1,61,_15920_,generated_datapath,tier1,tier0,3.240478,3.115183,0.125295,0.893095,0.944927
1,62,_24650_,generated_datapath,tier0,tier1,15.638115,15.434931,0.203184,0.893325,0.945130
1,63,_429_,generated_datapath,tier1,tier0,18.677773,18.788874,-0.111101,0.893095,0.944927
1,64,_504_,generated_datapath,tier1,tier0,23.328215,23.321494,0.006721,0.892866,0.944725
1,65,_13796_,generated_control,tier0,tier1,3.429082,3.077582,0.351501,0.893095,0.944927
1,66,_13927_,generated_control,tier0,tier1,8.382992,7.698511,0.684481,0.893325,0.945130
1,67,_23189_,generated_control,tier0,tier1,13.321699,12.334595,0.987104,0.893555,0.945332
1,68,_24138_,generated_control,tier0,tier1,13.369558,12.371687,0.997871,0.893785,0.945535
1,69,_24643_,generated_control,tier0,tier1,13.367504,12.371719,0.995785,0.894015,0.945738
1,70,_21323_,generated_control,tier0,tier1,3.171962,2.968840,0.203122,0.894245,0.945940
1,71,_14383_,generated_control,tier1,tier0,5.398410,4.963446,0.434963,0.894015,0.945738
1,72,_17355_,generated_control,tier0,tier1,21.423277,20.759545,0.663732,0.894245,0.945940
1,73,_17086_,generated_control,tier0,tier1,14.204702,13.961148,0.243554,0.894475,0.946143
1,74,_14353_,generated_control,tier1,tier0,14.395795,13.606618,0.789177,0.894245,0.945940
1,75,_14361_,generated_control,tier1,tier0,14.397748,13.606650,0.791098,0.894015,0.945738
1,76,_14369_,generated_control,tier1,tier0,14.398749,13.606682,0.792067,0.893785,0.945535
1,77,_17397_,generated_control,tier1,tier0,0.261406,-0.044626,0.306032,0.893555,0.945332
1,78,_18893_,generated_control,tier1,tier0,3.275964,3.210237,0.065727,0.893325,0.945130
1,79,_14300_,generated_control,tier1,tier0,0.411710,0.488200,-0.076490,0.893095,0.944927
1,80,_422_,generated_control,tier1,tier0,4.934951,4.924245,0.010706,0.892866,0.944725
1,81,_427_,generated_control,tier1,tier0,4.872630,4.853092,0.019538,0.892636,0.944523
1,82,clkbuf_leaf_13_clk_i_regs,clock_reset,tier0,tier1,57.461826,56.605907,0.855919,0.892866,0.944674
1,83,clkbuf_leaf_15_clk_i_regs,clock_reset,tier0,tier1,58.189731,57.331592,0.858138,0.893095,0.944826
1,84,clkbuf_leaf_19_clk_i_regs,clock_reset,tier1,tier0,0.142795,-0.043338,0.186132,0.892866,0.944674
1,85,clkbuf_leaf_1_clk_i_regs,clock_reset,tier1,tier0,0.193807,-0.000941,0.194749,0.892636,0.944523
1,86,clkbuf_leaf_55_clk_i_regs,clock_reset,tier1,tier0,0.179502,-0.019039,0.198541,0.892407,0.944371
1,87,place4011,generated_control,tier1,tier0,10.124849,9.529055,0.595794,0.892177,0.944219
1,88,place4009,generated_control,tier1,tier0,10.638212,10.026446,0.611767,0.891948,0.944067
1,89,place4008,generated_control,tier1,tier0,10.572993,9.947807,0.625186,0.891718,0.943916
1,90,place3285,generated_control,tier1,tier0,9.365314,9.340750,0.024565,0.891489,0.943764
1,summary,,,,,742.274051,,,0.891489,0.943764
2,1,_19240_,generated_datapath,tier1,tier0,10.288645,9.564583,0.724062,0.891260,0.943410
2,2,_19279_,generated_datapath,tier1,tier0,8.440913,7.692380,0.748533,0.891030,0.943056
2,3,_532_,generated_datapath,tier1,tier0,2.800823,2.775738,0.025084,0.890801,0.942703
2,4,_19500_,generated_datapath,tier1,tier0,6.133974,5.653122,0.480851,0.890572,0.942400
2,5,_13559_,generated_datapath,tier0,tier1,8.845978,8.447624,0.398354,0.890801,0.942703
2,6,_24215_,generated_datapath,tier1,tier0,2.406140,1.520794,0.885345,0.890572,0.942400
2,7,_19519_,generated_datapath,tier1,tier0,1.791242,1.382746,0.408496,0.890343,0.942097
2,8,_22370_,generated_datapath,tier0,tier1,2.576739,2.099579,0.477160,0.890572,0.942400
2,9,_19379_,generated_datapath,tier1,tier0,13.110830,12.120519,0.990311,0.890343,0.942097
2,10,_14381_,generated_datapath,tier1,tier0,9.640432,8.340615,1.299817,0.890114,0.941794
2,11,_19244_,generated_control,tier1,tier0,5.027704,4.793584,0.234120,0.889885,0.941491
2,12,_19283_,generated_control,tier1,tier0,4.992241,4.814045,0.178196,0.889656,0.941189
2,13,_19501_,generated_control,tier1,tier0,5.062595,4.859211,0.203384,0.889427,0.940886
2,14,_20020_,unclassified,tier1,tier0,0.420348,0.177874,0.242474,0.889198,0.940584
2,15,_19520_,unclassified,tier1,tier0,0.565046,0.263245,0.301801,0.888970,0.940281
2,16,_341_,generated_datapath,tier1,tier0,7.377058,7.347675,0.029383,0.888741,0.940030
2,17,_24220_,generated_datapath,tier1,tier0,7.045699,6.506865,0.538833,0.888512,0.939778
2,18,_435_,generated_datapath,tier1,tier0,32.330710,32.277775,0.052935,0.888284,0.939526
2,19,_462_,generated_datapath,tier1,tier0,12.442056,12.388913,0.053143,0.888055,0.939274
2,20,_18826_,generated_datapath,tier1,tier0,3.725245,3.600869,0.124376,0.887827,0.939023
2,21,_18894_,generated_datapath,tier1,tier0,6.685719,6.323330,0.362388,0.887598,0.938771
2,22,_14376_,generated_control,tier1,tier0,8.279846,8.050927,0.228919,0.887370,0.938520
2,23,_20019_,generated_control,tier1,tier0,4.654198,4.502684,0.151514,0.887142,0.938268
2,24,_24870_,generated_control,tier0,tier1,5.380902,4.881469,0.499434,0.887370,0.938520
2,25,_530_,generated_control,tier1,tier0,5.074552,5.060901,0.013650,0.887142,0.938268
2,26,_18824_,generated_control,tier1,tier0,0.252453,0.213422,0.039031,0.886913,0.938067
2,27,_13543_,generated_control,tier0,tier1,4.571578,4.289122,0.282456,0.887142,0.938268
2,summary,,,,,179.923663,,,0.887142,0.938268
3,1,_18830_,unclassified,tier1,tier0,7.761959,7.327473,0.434486,0.886913,0.937967
3,2,_436_,generated_datapath,tier1,tier0,7.601701,7.554000,0.047700,0.886685,0.937716
3,summary,,,,,15.363660,,,0.886685,0.937716
4,1,_437_,generated_datapath,tier1,tier0,7.518363,7.482230,0.036133,0.886457,0.937464
4,summary,,,,,7.518363,,,0.886457,0.937464
