prefix,objective,objective_reduction,crossing_nets,cut_regret,crossing_connections_proxy,crossing_connection_regret,area_balance_pass,area_weight_balance,tier0_area_fraction,tier1_area_fraction,P_avg_cut,P_avg_cut_regret,P_wst_cut,P_wst_cut_delta
0,2153.983330,0.000000,346,0.000000,716,0.000000,true,0.934911,0.516820,0.483180,0.300000,0.000000,1.000000,0.000000
1,2137.531463,0.007638,344,-0.005780,712,-0.005587,true,0.933695,0.517145,0.482855,0.300000,0.000000,1.000000,0.000000
2,2121.081822,0.015275,342,-0.011561,708,-0.011173,true,0.932480,0.517470,0.482530,0.300000,0.000000,1.000000,0.000000
3,2104.641484,0.022907,339,-0.020231,704,-0.016760,true,0.931267,0.517795,0.482205,0.300000,0.000000,1.000000,0.000000
4,2089.248090,0.030054,335,-0.031792,700,-0.022346,true,0.930056,0.518120,0.481880,0.300000,0.000000,1.000000,0.000000
5,2074.777856,0.036772,335,-0.031792,698,-0.025140,true,0.931065,0.517849,0.482151,0.300000,0.000000,1.000000,0.000000
6,2062.958034,0.042259,333,-0.037572,696,-0.027933,true,0.932278,0.517524,0.482476,0.300000,0.000000,1.000000,0.000000
7,2051.191793,0.047722,331,-0.043353,694,-0.030726,true,0.933492,0.517199,0.482801,0.300000,0.000000,1.000000,0.000000
8,2039.455091,0.053170,329,-0.049133,692,-0.033520,true,0.934708,0.516874,0.483126,0.300000,0.000000,1.000000,0.000000
9,2027.748805,0.058605,327,-0.054913,690,-0.036313,true,0.935925,0.516549,0.483451,0.300000,0.000000,1.000000,0.000000
10,2016.188944,0.063972,326,-0.057803,688,-0.039106,true,0.937144,0.516224,0.483776,0.300000,0.000000,1.000000,0.000000
11,2005.015066,0.069159,325,-0.060694,686,-0.041899,true,0.938365,0.515899,0.484101,0.300000,0.000000,1.000000,0.000000
12,1993.926996,0.074307,326,-0.057803,684,-0.044693,true,0.937144,0.516224,0.483776,0.300000,0.000000,1.000000,0.000000
13,1982.860311,0.079445,324,-0.063584,682,-0.047486,true,0.938365,0.515899,0.484101,0.300000,0.000000,1.000000,0.000000
14,1971.825497,0.084568,322,-0.069364,680,-0.050279,true,0.939587,0.515574,0.484426,0.300000,0.000000,1.000000,0.000000
15,1960.813809,0.089680,320,-0.075145,678,-0.053073,true,0.940810,0.515249,0.484751,0.300000,0.000000,1.000000,0.000000
16,1949.921466,0.094737,321,-0.072254,676,-0.055866,true,0.939587,0.515574,0.484426,0.300000,0.000000,1.000000,0.000000
17,1939.230157,0.099700,322,-0.069364,674,-0.058659,true,0.938365,0.515899,0.484101,0.300000,0.000000,1.000000,0.000000
18,1928.861211,0.104514,321,-0.072254,672,-0.061453,true,0.939587,0.515574,0.484426,0.300000,0.000000,1.000000,0.000000
19,1918.512952,0.109319,319,-0.078035,670,-0.064246,true,0.940810,0.515249,0.484751,0.300000,0.000000,1.000000,0.000000
20,1908.580886,0.113930,317,-0.083815,666,-0.069832,true,0.939587,0.515574,0.484426,0.300000,0.000000,1.000000,0.000000
21,1898.680821,0.118526,318,-0.080925,664,-0.072626,true,0.938365,0.515899,0.484101,0.300000,0.000000,1.000000,0.000000
22,1888.791469,0.123117,319,-0.078035,662,-0.075419,true,0.937144,0.516224,0.483776,0.300000,0.000000,1.000000,0.000000
23,1878.907186,0.127706,317,-0.083815,660,-0.078212,true,0.938365,0.515899,0.484101,0.300000,0.000000,1.000000,0.000000
24,1869.487200,0.132079,315,-0.089595,656,-0.083799,true,0.937144,0.516224,0.483776,0.300000,0.000000,1.000000,0.000000
25,1860.364876,0.136314,313,-0.095376,654,-0.086592,true,0.938365,0.515899,0.484101,0.300000,0.000000,1.000000,0.000000
26,1851.493605,0.140433,314,-0.092486,652,-0.089385,true,0.937144,0.516224,0.483776,0.300000,0.000000,1.000000,0.000000
27,1842.637118,0.144544,315,-0.089595,650,-0.092179,true,0.935925,0.516549,0.483451,0.300000,0.000000,1.000000,0.000000
28,1833.814457,0.148640,316,-0.086705,648,-0.094972,true,0.934708,0.516874,0.483126,0.300000,0.000000,1.000000,0.000000
29,1825.004991,0.152730,317,-0.083815,646,-0.097765,true,0.933492,0.517199,0.482801,0.300000,0.000000,1.000000,0.000000
30,1816.248932,0.156795,318,-0.080925,644,-0.100559,true,0.932278,0.517524,0.482476,0.300000,0.000000,1.000000,0.000000
31,1807.534245,0.160841,316,-0.086705,640,-0.106145,true,0.931065,0.517849,0.482151,0.300000,0.000000,1.000000,0.000000
32,1799.510267,0.164566,314,-0.092486,636,-0.111732,true,0.929854,0.518174,0.481826,0.300000,0.000000,1.000000,0.000000
33,1791.491914,0.168289,312,-0.098266,632,-0.117318,true,0.928644,0.518499,0.481501,0.300000,0.000000,1.000000,0.000000
34,1783.509613,0.171995,310,-0.104046,628,-0.122905,true,0.927436,0.518824,0.481176,0.300000,0.000000,1.000000,0.000000
35,1775.559516,0.175686,307,-0.112717,624,-0.128492,true,0.926229,0.519149,0.480851,0.300000,0.000000,1.000000,0.000000
36,1767.817766,0.179280,305,-0.118497,622,-0.131285,true,0.927436,0.518824,0.481176,0.300000,0.000000,1.000000,0.000000
37,1760.623037,0.182620,303,-0.124277,620,-0.134078,true,0.926229,0.519149,0.480851,0.300000,0.000000,1.000000,0.000000
38,1753.430560,0.185959,301,-0.130058,618,-0.136872,true,0.925024,0.519474,0.480526,0.300000,0.000000,1.000000,0.000000
39,1746.256421,0.189290,298,-0.138728,616,-0.139665,true,0.923820,0.519799,0.480201,0.300000,0.000000,1.000000,0.000000
40,1739.626030,0.192368,298,-0.138728,615,-0.141061,true,0.924171,0.519704,0.480296,0.300000,0.000000,1.000000,0.000000
41,1733.117295,0.195390,298,-0.138728,614,-0.142458,true,0.923169,0.519975,0.480025,0.300000,0.000000,1.000000,0.000000
42,1728.031601,0.197751,298,-0.138728,612,-0.145251,true,0.924372,0.519650,0.480350,0.300000,0.000000,1.000000,0.000000
43,1720.966764,0.201031,296,-0.144509,610,-0.148045,true,0.923169,0.519975,0.480025,0.300000,0.000000,1.000000,0.000000
44,1716.291889,0.203201,296,-0.144509,608,-0.150838,true,0.924372,0.519650,0.480350,0.300000,0.000000,1.000000,0.000000
45,1709.240450,0.206475,293,-0.153179,606,-0.153631,true,0.923169,0.519975,0.480025,0.300000,0.000000,1.000000,0.000000
46,1704.570390,0.208643,294,-0.150289,606,-0.153631,true,0.923470,0.519894,0.480106,0.300000,0.000000,1.000000,0.000000
47,1698.066361,0.211662,294,-0.150289,605,-0.155028,true,0.923269,0.519948,0.480052,0.300000,0.000000,1.000000,0.000000
48,1693.587705,0.213741,293,-0.153179,603,-0.157821,true,0.924472,0.519623,0.480377,0.300000,0.000000,1.000000,0.000000
49,1686.596286,0.216987,291,-0.158960,601,-0.160615,true,0.923269,0.519948,0.480052,0.300000,0.000000,1.000000,0.000000
50,1682.182139,0.219037,290,-0.161850,599,-0.163408,true,0.924472,0.519623,0.480377,0.300000,0.000000,1.000000,0.000000
51,1675.192802,0.222281,288,-0.167630,597,-0.166201,true,0.923269,0.519948,0.480052,0.300000,0.000000,1.000000,0.000000
52,1670.836656,0.224304,288,-0.167630,597,-0.166201,true,0.923570,0.519867,0.480133,0.300000,0.000000,1.000000,0.000000
53,1664.387800,0.227298,288,-0.167630,596,-0.167598,true,0.923369,0.519921,0.480079,0.300000,0.000000,1.000000,0.000000
54,1658.773389,0.229904,287,-0.170520,594,-0.170391,true,0.923169,0.519975,0.480025,0.300000,0.000000,1.000000,0.000000
55,1654.420395,0.231925,287,-0.170520,594,-0.170391,true,0.923470,0.519894,0.480106,0.300000,0.000000,1.000000,0.000000
56,1648.806005,0.234532,286,-0.173410,592,-0.173184,true,0.923269,0.519948,0.480052,0.300000,0.000000,1.000000,0.000000
57,1644.470736,0.236544,286,-0.173410,591,-0.174581,true,0.923119,0.519989,0.480011,0.300000,0.000000,1.000000,0.000000
58,1640.238077,0.238509,285,-0.176301,589,-0.177374,true,0.924322,0.519664,0.480336,0.300000,0.000000,1.000000,0.000000
59,1633.249388,0.241754,283,-0.182081,587,-0.180168,true,0.923119,0.519989,0.480011,0.300000,0.000000,1.000000,0.000000
60,1629.064791,0.243697,283,-0.182081,585,-0.182961,true,0.924322,0.519664,0.480336,0.300000,0.000000,1.000000,0.000000
61,1622.585097,0.246705,283,-0.182081,584,-0.184358,true,0.923770,0.519813,0.480187,0.300000,0.000000,1.000000,0.000000
62,1616.972166,0.249311,282,-0.184971,582,-0.187151,true,0.923570,0.519867,0.480133,0.300000,0.000000,1.000000,0.000000
63,1611.362018,0.251915,281,-0.187861,581,-0.188547,true,0.923269,0.519948,0.480052,0.300000,0.000000,1.000000,0.000000
64,1607.277550,0.253812,280,-0.190751,579,-0.191341,true,0.924472,0.519623,0.480377,0.300000,0.000000,1.000000,0.000000
65,1601.697661,0.256402,279,-0.193642,577,-0.194134,true,0.924272,0.519677,0.480323,0.300000,0.000000,1.000000,0.000000
66,1596.118486,0.258992,278,-0.196532,575,-0.196927,true,0.924071,0.519731,0.480269,0.300000,0.000000,1.000000,0.000000
67,1590.539598,0.261582,277,-0.199422,573,-0.199721,true,0.923871,0.519785,0.480215,0.300000,0.000000,1.000000,0.000000
68,1584.960836,0.264172,276,-0.202312,571,-0.202514,true,0.923670,0.519840,0.480160,0.300000,0.000000,1.000000,0.000000
69,1579.382098,0.266762,275,-0.205202,569,-0.205307,true,0.923470,0.519894,0.480106,0.300000,0.000000,1.000000,0.000000
70,1573.803677,0.269352,274,-0.208092,567,-0.208101,true,0.923269,0.519948,0.480052,0.300000,0.000000,1.000000,0.000000
71,1569.932817,0.271149,274,-0.208092,565,-0.210894,true,0.924472,0.519623,0.480377,0.300000,0.000000,1.000000,0.000000
72,1564.354878,0.273739,273,-0.210983,563,-0.213687,true,0.924272,0.519677,0.480323,0.300000,0.000000,1.000000,0.000000
73,1559.963091,0.275778,273,-0.210983,562,-0.215084,true,0.923921,0.519772,0.480228,0.300000,0.000000,1.000000,0.000000
74,1556.115745,0.277564,272,-0.213873,560,-0.217877,true,0.925124,0.519447,0.480553,0.300000,0.000000,1.000000,0.000000
75,1550.675758,0.280089,270,-0.219653,558,-0.220670,true,0.923921,0.519772,0.480228,0.300000,0.000000,1.000000,0.000000
76,1546.831607,0.281874,269,-0.222543,556,-0.223464,true,0.925124,0.519447,0.480553,0.300000,0.000000,1.000000,0.000000
77,1541.395110,0.284398,267,-0.228324,554,-0.226257,true,0.923921,0.519772,0.480228,0.300000,0.000000,1.000000,0.000000
78,1537.614763,0.286153,267,-0.228324,552,-0.229050,true,0.925124,0.519447,0.480553,0.300000,0.000000,1.000000,0.000000
79,1532.178511,0.288677,264,-0.236994,550,-0.231844,true,0.923921,0.519772,0.480228,0.300000,0.000000,1.000000,0.000000
80,1528.467903,0.290399,264,-0.236994,548,-0.234637,true,0.925124,0.519447,0.480553,0.300000,0.000000,1.000000,0.000000
81,1523.322069,0.292788,261,-0.245665,546,-0.237430,true,0.923921,0.519772,0.480228,0.300000,0.000000,1.000000,0.000000
82,1519.733936,0.294454,260,-0.248555,545,-0.238827,true,0.925124,0.519447,0.480553,0.300000,0.000000,1.000000,0.000000
83,1514.954641,0.296673,258,-0.254335,543,-0.241620,true,0.923921,0.519772,0.480228,0.300000,0.000000,1.000000,0.000000
84,1511.366526,0.298339,257,-0.257225,542,-0.243017,true,0.925124,0.519447,0.480553,0.300000,0.000000,1.000000,0.000000
85,1506.593157,0.300555,255,-0.263006,540,-0.245810,true,0.923921,0.519772,0.480228,0.300000,0.000000,1.000000,0.000000
86,1503.005210,0.302221,254,-0.265896,539,-0.247207,true,0.925124,0.519447,0.480553,0.300000,0.000000,1.000000,0.000000
87,1498.234027,0.304436,251,-0.274566,537,-0.250000,true,0.923921,0.519772,0.480228,0.300000,0.000000,1.000000,0.000000
88,1494.665990,0.306092,250,-0.277457,536,-0.251397,true,0.924322,0.519664,0.480336,0.300000,0.000000,1.000000,0.000000
89,1484.223245,0.310940,247,-0.286127,533,-0.255587,true,0.923119,0.519989,0.480011,0.300000,0.000000,1.000000,0.000000
90,1480.655640,0.312597,246,-0.289017,532,-0.256983,true,0.923520,0.519880,0.480120,0.300000,0.000000,1.000000,0.000000
91,1473.587707,0.315878,245,-0.291908,530,-0.259777,true,0.923219,0.519962,0.480038,0.300000,0.000000,1.000000,0.000000
92,1470.021305,0.317534,244,-0.294798,529,-0.261173,true,0.923620,0.519853,0.480147,0.300000,0.000000,1.000000,0.000000
93,1466.454976,0.319189,243,-0.297688,528,-0.262570,true,0.924021,0.519745,0.480255,0.300000,0.000000,1.000000,0.000000
94,1462.889113,0.320845,242,-0.300578,527,-0.263966,true,0.924422,0.519637,0.480363,0.300000,0.000000,1.000000,0.000000
95,1454.254073,0.324854,240,-0.306358,525,-0.266760,true,0.923219,0.519962,0.480038,0.300000,0.000000,1.000000,0.000000
96,1450.688438,0.326509,239,-0.309249,524,-0.268156,true,0.923620,0.519853,0.480147,0.300000,0.000000,1.000000,0.000000
97,1447.122981,0.328164,238,-0.312139,523,-0.269553,true,0.924021,0.519745,0.480255,0.300000,0.000000,1.000000,0.000000
98,1443.557674,0.329819,237,-0.315029,522,-0.270950,true,0.924422,0.519637,0.480363,0.300000,0.000000,1.000000,0.000000
99,1436.113303,0.333276,236,-0.317919,520,-0.273743,true,0.923219,0.519962,0.480038,0.300000,0.000000,1.000000,0.000000
100,1432.548073,0.334931,235,-0.320809,519,-0.275140,true,0.923620,0.519853,0.480147,0.300000,0.000000,1.000000,0.000000
101,1428.983470,0.336586,234,-0.323699,518,-0.276536,true,0.924021,0.519745,0.480255,0.300000,0.000000,1.000000,0.000000
102,1425.418894,0.338241,233,-0.326590,517,-0.277933,true,0.924422,0.519637,0.480363,0.300000,0.000000,1.000000,0.000000
103,1419.786895,0.340855,231,-0.332370,515,-0.280726,true,0.923219,0.519962,0.480038,0.300000,0.000000,1.000000,0.000000
104,1416.274141,0.342486,230,-0.335260,514,-0.282123,true,0.923369,0.519921,0.480079,0.300000,0.000000,1.000000,0.000000
105,1412.761454,0.344117,229,-0.338150,513,-0.283520,true,0.923520,0.519880,0.480120,0.300000,0.000000,1.000000,0.000000
106,1409.248891,0.345748,228,-0.341040,512,-0.284916,true,0.923670,0.519840,0.480160,0.300000,0.000000,1.000000,0.000000
107,1405.736398,0.347378,227,-0.343931,511,-0.286313,true,0.923820,0.519799,0.480201,0.300000,0.000000,1.000000,0.000000
108,1402.223926,0.349009,226,-0.346821,510,-0.287709,true,0.923971,0.519758,0.480242,0.300000,0.000000,1.000000,0.000000
109,1398.711457,0.350640,225,-0.349711,509,-0.289106,true,0.924121,0.519718,0.480282,0.300000,0.000000,1.000000,0.000000
110,1395.199003,0.352270,224,-0.352601,508,-0.290503,true,0.924272,0.519677,0.480323,0.300000,0.000000,1.000000,0.000000
111,1391.686568,0.353901,223,-0.355491,507,-0.291899,true,0.924422,0.519637,0.480363,0.300000,0.000000,1.000000,0.000000
112,1388.174133,0.355532,222,-0.358382,506,-0.293296,true,0.924573,0.519596,0.480404,0.300000,0.000000,1.000000,0.000000
113,1384.661706,0.357162,221,-0.361272,505,-0.294693,true,0.924723,0.519555,0.480445,0.300000,0.000000,1.000000,0.000000
114,1381.149299,0.358793,220,-0.364162,504,-0.296089,true,0.924874,0.519515,0.480485,0.300000,0.000000,1.000000,0.000000
115,1377.636943,0.360424,219,-0.367052,503,-0.297486,true,0.925024,0.519474,0.480526,0.300000,0.000000,1.000000,0.000000
116,1374.124602,0.362054,218,-0.369942,502,-0.298883,true,0.925175,0.519433,0.480567,0.300000,0.000000,1.000000,0.000000
117,1370.612342,0.363685,217,-0.372832,501,-0.300279,true,0.925325,0.519393,0.480607,0.300000,0.000000,1.000000,0.000000
118,1367.748228,0.365014,219,-0.367052,501,-0.300279,true,0.926531,0.519068,0.480932,0.300000,0.000000,1.000000,0.000000
119,1364.911530,0.366331,219,-0.367052,500,-0.301676,true,0.925325,0.519393,0.480607,0.300000,0.000000,1.000000,0.000000
120,1362.095282,0.367639,219,-0.367052,500,-0.301676,true,0.926531,0.519068,0.480932,0.300000,0.000000,1.000000,0.000000
121,1359.512578,0.368838,219,-0.367052,499,-0.303073,true,0.926380,0.519108,0.480892,0.300000,0.000000,1.000000,0.000000
122,1357.005751,0.370002,219,-0.367052,498,-0.304469,true,0.926229,0.519149,0.480851,0.300000,0.000000,1.000000,0.000000
123,1354.499344,0.371165,219,-0.367052,497,-0.305866,true,0.926079,0.519190,0.480810,0.300000,0.000000,1.000000,0.000000
124,1352.037563,0.372308,219,-0.367052,497,-0.305866,true,0.927285,0.518865,0.481135,0.300000,0.000000,1.000000,0.000000
125,1349.590193,0.373444,219,-0.367052,496,-0.307263,true,0.926883,0.518973,0.481027,0.300000,0.000000,1.000000,0.000000
126,1347.188118,0.374560,218,-0.369942,495,-0.308659,true,0.926481,0.519081,0.480919,0.300000,0.000000,1.000000,0.000000
127,1344.968342,0.375590,218,-0.369942,494,-0.310056,true,0.926079,0.519190,0.480810,0.300000,0.000000,1.000000,0.000000
128,1342.749709,0.376620,218,-0.369942,493,-0.311453,true,0.925677,0.519298,0.480702,0.300000,0.000000,1.000000,0.000000
129,1340.538611,0.377647,218,-0.369942,492,-0.312849,true,0.925275,0.519406,0.480594,0.300000,0.000000,1.000000,0.000000
130,1338.350731,0.378662,220,-0.364162,493,-0.311453,true,0.926481,0.519081,0.480919,0.300000,0.000000,1.000000,0.000000
131,1336.174985,0.379673,219,-0.367052,492,-0.312849,true,0.926079,0.519190,0.480810,0.300000,0.000000,1.000000,0.000000
132,1334.098406,0.380637,218,-0.369942,491,-0.314246,true,0.925677,0.519298,0.480702,0.300000,0.000000,1.000000,0.000000
133,1332.024997,0.381599,217,-0.372832,490,-0.315642,true,0.925275,0.519406,0.480594,0.300000,0.000000,1.000000,0.000000
134,1329.952034,0.382562,216,-0.375723,489,-0.317039,true,0.924874,0.519515,0.480485,0.300000,0.000000,1.000000,0.000000
135,1327.889941,0.383519,215,-0.378613,488,-0.318436,true,0.924472,0.519623,0.480377,0.300000,0.000000,1.000000,0.000000
136,1325.854515,0.384464,214,-0.381503,487,-0.319832,true,0.924071,0.519731,0.480269,0.300000,0.000000,1.000000,0.000000
137,1323.829898,0.385404,213,-0.384393,486,-0.321229,true,0.923670,0.519840,0.480160,0.300000,0.000000,1.000000,0.000000
138,1321.817493,0.386338,213,-0.384393,485,-0.322626,true,0.923269,0.519948,0.480052,0.300000,0.000000,1.000000,0.000000
139,1320.228347,0.387076,214,-0.381503,485,-0.322626,true,0.924272,0.519677,0.480323,0.300000,0.000000,1.000000,0.000000
140,1318.215942,0.388010,213,-0.384393,484,-0.324022,true,0.923871,0.519785,0.480215,0.300000,0.000000,1.000000,0.000000
141,1316.266347,0.388915,213,-0.384393,483,-0.325419,true,0.923470,0.519894,0.480106,0.300000,0.000000,1.000000,0.000000
142,1314.750625,0.389619,212,-0.387283,482,-0.326816,true,0.923871,0.519785,0.480215,0.300000,0.000000,1.000000,0.000000
143,1312.801029,0.390524,211,-0.390173,481,-0.328212,true,0.923470,0.519894,0.480106,0.300000,0.000000,1.000000,0.000000
144,1311.285587,0.391228,210,-0.393064,480,-0.329609,true,0.923871,0.519785,0.480215,0.300000,0.000000,1.000000,0.000000
145,1309.797056,0.391919,210,-0.393064,479,-0.331006,true,0.924021,0.519745,0.480255,0.300000,0.000000,1.000000,0.000000
146,1308.314957,0.392607,210,-0.393064,478,-0.332402,true,0.924171,0.519704,0.480296,0.300000,0.000000,1.000000,0.000000
147,1306.925729,0.393252,211,-0.390173,478,-0.332402,true,0.925175,0.519433,0.480567,0.300000,0.000000,1.000000,0.000000
148,1305.363060,0.393977,211,-0.390173,478,-0.332402,true,0.923971,0.519758,0.480242,0.300000,0.000000,1.000000,0.000000
149,1301.795455,0.395633,210,-0.393064,477,-0.333799,true,0.923570,0.519867,0.480133,0.300000,0.000000,1.000000,0.000000
150,1300.532833,0.396220,209,-0.395954,476,-0.335196,true,0.923720,0.519826,0.480174,0.300000,0.000000,1.000000,0.000000
151,1299.270225,0.396806,208,-0.398844,475,-0.336592,true,0.923871,0.519785,0.480215,0.300000,0.000000,1.000000,0.000000
152,1298.007640,0.397392,207,-0.401734,474,-0.337989,true,0.924021,0.519745,0.480255,0.300000,0.000000,1.000000,0.000000
153,1296.745072,0.397978,206,-0.404624,473,-0.339385,true,0.924171,0.519704,0.480296,0.300000,0.000000,1.000000,0.000000
154,1295.482564,0.398564,205,-0.407514,472,-0.340782,true,0.924322,0.519664,0.480336,0.300000,0.000000,1.000000,0.000000
155,1293.951748,0.399275,205,-0.407514,472,-0.340782,true,0.923119,0.519989,0.480011,0.300000,0.000000,1.000000,0.000000
156,1292.689260,0.399861,204,-0.410405,471,-0.342179,true,0.923269,0.519948,0.480052,0.300000,0.000000,1.000000,0.000000
157,1291.426797,0.400447,203,-0.413295,470,-0.343575,true,0.923420,0.519907,0.480093,0.300000,0.000000,1.000000,0.000000
158,1290.164372,0.401033,202,-0.416185,469,-0.344972,true,0.923570,0.519867,0.480133,0.300000,0.000000,1.000000,0.000000
159,1286.596334,0.402690,201,-0.419075,468,-0.346369,true,0.923169,0.519975,0.480025,0.300000,0.000000,1.000000,0.000000
160,1285.333929,0.403276,200,-0.421965,467,-0.347765,true,0.923319,0.519934,0.480066,0.300000,0.000000,1.000000,0.000000
161,1284.071542,0.403862,199,-0.424855,466,-0.349162,true,0.923470,0.519894,0.480106,0.300000,0.000000,1.000000,0.000000
162,1282.875784,0.404417,200,-0.421965,466,-0.349162,true,0.924472,0.519623,0.480377,0.300000,0.000000,1.000000,0.000000
163,1281.367776,0.405117,200,-0.421965,466,-0.349162,true,0.923269,0.519948,0.480052,0.300000,0.000000,1.000000,0.000000
164,1280.179344,0.405669,200,-0.421965,465,-0.350559,true,0.923420,0.519907,0.480093,0.300000,0.000000,1.000000,0.000000
165,1276.591845,0.407334,200,-0.421965,464,-0.351955,true,0.923169,0.519975,0.480025,0.300000,0.000000,1.000000,0.000000
166,1275.416897,0.407880,200,-0.421965,464,-0.351955,true,0.924171,0.519704,0.480296,0.300000,0.000000,1.000000,0.000000
167,1271.850567,0.409536,199,-0.424855,463,-0.353352,true,0.923770,0.519813,0.480187,0.300000,0.000000,1.000000,0.000000
168,1271.616752,0.409644,200,-0.421965,464,-0.351955,true,0.924974,0.519488,0.480512,0.300000,0.000000,1.000000,0.000000
169,1266.591792,0.411977,200,-0.421965,462,-0.354749,true,0.923770,0.519813,0.480187,0.300000,0.000000,1.000000,0.000000
170,1265.076349,0.412681,199,-0.424855,461,-0.356145,true,0.923369,0.519921,0.480079,0.300000,0.000000,1.000000,0.000000
171,1264.915529,0.412755,200,-0.421965,461,-0.356145,true,0.923570,0.519867,0.480133,0.300000,0.000000,1.000000,0.000000
172,1264.763681,0.412826,201,-0.419075,461,-0.356145,true,0.923770,0.519813,0.480187,0.300000,0.000000,1.000000,0.000000
173,1264.612131,0.412896,202,-0.416185,461,-0.356145,true,0.923971,0.519758,0.480242,0.300000,0.000000,1.000000,0.000000
174,1264.460663,0.412966,203,-0.413295,461,-0.356145,true,0.924171,0.519704,0.480296,0.300000,0.000000,1.000000,0.000000
175,1263.614932,0.413359,204,-0.410405,461,-0.356145,true,0.923169,0.519975,0.480025,0.300000,0.000000,1.000000,0.000000
176,1263.495330,0.413415,205,-0.407514,461,-0.356145,true,0.923369,0.519921,0.480079,0.300000,0.000000,1.000000,0.000000
177,1263.413435,0.413453,206,-0.404624,461,-0.356145,true,0.923570,0.519867,0.480133,0.300000,0.000000,1.000000,0.000000
178,1263.306102,0.413502,206,-0.404624,461,-0.356145,true,0.923269,0.519948,0.480052,0.300000,0.000000,1.000000,0.000000
179,1263.225729,0.413540,207,-0.401734,461,-0.356145,true,0.923470,0.519894,0.480106,0.300000,0.000000,1.000000,0.000000
180,1263.139362,0.413580,207,-0.401734,461,-0.356145,true,0.923169,0.519975,0.480025,0.300000,0.000000,1.000000,0.000000
